{
  "Content": [
    {
      "RowStruct": {
        "ObjectName": "VsHandicapTable",
        "ObjectPath": "/Script/Carrot4"
      }
    },
    {
      "Rows": {
        "nonbiri": {
          "CpuDifficulty": "EGenseiVSDifficulty::Easy",
          "CandyNum": 0,
          "PikminNum": 1,
          "IsTotugeki": false,
          "HappyCarryLevel": 2
        },
        "hodohodo": {
          "CpuDifficulty": "EGenseiVSDifficulty::Normal",
          "CandyNum": 0,
          "PikminNum": 5,
          "IsTotugeki": true,
          "HappyCarryLevel": 3
        },
        "dotabata": {
          "CpuDifficulty": "EGenseiVSDifficulty::Normal",
          "CandyNum": 0,
          "PikminNum": 10,
          "IsTotugeki": true,
          "HappyCarryLevel": 4
        },
        "zenryoku": {
          "CpuDifficulty": "EGenseiVSDifficulty::Normal",
          "CandyNum": 2,
          "PikminNum": 25,
          "IsTotugeki": true,
          "HappyCarryLevel": 5
        },
        "maji": {
          "CpuDifficulty": "EGenseiVSDifficulty::Hard",
          "CandyNum": 5,
          "PikminNum": 50,
          "IsTotugeki": true,
          "HappyCarryLevel": 7
        }
      }
    }
  ],
  "Extra": {
    "BlobOfData": "00000000020000000000000000000000000000000100000000000000",
    "ExInitialHeader": {
      "FMappedNameName": 0,
      "FMappedNameSource": 0,
      "PackageFlags": 2147483648,
      "CookedHeaderSize": 1160,
      "NameMapOffset": 64,
      "NameMapSize": 486,
      "NameMapHashesOffset": 552,
      "NameMapHashesSize": 256,
      "ImportMapOffset": 808,
      "ExportMapOffset": 848,
      "ExportBundlesOffset": 920,
      "GraphDataOffset": 944,
      "GraphDataSize": 4
    },
    "ExNameMap": [
      "/Game/Carrot4/Core/Cave/DT_DDBHandicapTable",
      "/Script/Carrot4",
      "/Script/CoreUObject",
      "/Script/Engine",
      "BoolProperty",
      "CandyNum",
      "Class",
      "CpuDifficulty",
      "DataTable",
      "Default__DataTable",
      "dotabata",
      "DT_DDBHandicapTable",
      "EGenseiVSDifficulty",
      "EGenseiVSDifficulty::Easy",
      "EGenseiVSDifficulty::Hard",
      "EGenseiVSDifficulty::Normal",
      "EnumProperty",
      "HappyCarryLevel",
      "hodohodo",
      "IntProperty",
      "IsTotugeki",
      "maji",
      "nonbiri",
      "None",
      "ObjectProperty",
      "Package",
      "PikminNum",
      "RowStruct",
      "ScriptStruct",
      "VsHandicapTable",
      "zenryoku"
    ],
    "ExImports": [
      8206203013534831085,
      6350756229154467085,
      5298630410394656126,
      5885306222398933282,
      5204549064732699069
    ],
    "ExExports": [
      {
        "CookedSerialOffset": 1160,
        "CookedSerialSize": 895,
        "ObjectName": "DT_DDBHandicapTable",
        "OuterIndex": 18446744073709551615,
        "ClassIndex": 8206203013534831085,
        "SuperIndex": 18446744073709551615,
        "GlobalImportIndex": 6350756229154467085,
        "PublicExportHash": 9881730531191848946,
        "UnknownFlags": 11
      }
    ],
    "FileReferences": [
      "/Game/Carrot4/Core/Cave/DT_DDBHandicapTable",
      "DT_DDBHandicapTable"
    ]
  }
}