{
  "Content": [
    {
      "RowStruct": {
        "ObjectName": "CaveOtakaraCollectRank",
        "ObjectPath": "/Script/Carrot4"
      }
    },
    {
      "Rows": {
        "ZZ_HamadaCaveTest_Tsuchi000_P": {
          "Gold": 150,
          "Silver": 100,
          "Copper": 50
        },
        "Cave032_F00_P": {
          "Gold": 220,
          "Silver": 190,
          "Copper": 160
        },
        "Cave029_F00_P": {
          "Gold": 220,
          "Silver": 190,
          "Copper": 160
        },
        "Cave020_F00_P": {
          "Gold": 240,
          "Silver": 210,
          "Copper": 180
        },
        "Cave015_F00_P": {
          "Gold": 150,
          "Silver": 130,
          "Copper": 110
        },
        "Cave008_F00_P": {
          "Gold": 140,
          "Silver": 130,
          "Copper": 100
        },
        "Cave030_F00_P": {
          "Gold": 210,
          "Silver": 190,
          "Copper": 160
        },
        "Cave017_F00_P": {
          "Gold": 220,
          "Silver": 190,
          "Copper": 170
        },
        "Cave027_F00_P": {
          "Gold": 280,
          "Silver": 250,
          "Copper": 220
        },
        "Cave028_F00_P": {
          "Gold": 160,
          "Silver": 140,
          "Copper": 130
        },
        "Cave003_F00_P": {
          "Gold": 120,
          "Silver": 100,
          "Copper": 90
        },
        "Cave034_F00_P": {
          "Gold": 150,
          "Silver": 120,
          "Copper": 100
        },
        "Cave031_F00_P": {
          "Gold": 300,
          "Silver": 250,
          "Copper": 200
        },
        "TMCavePoko_042_P": {
          "Gold": 130,
          "Silver": 120,
          "Copper": 110
        },
        "TMCave020_F00_P": {
          "Gold": 240,
          "Silver": 210,
          "Copper": 180
        },
        "TMCave029_F00_P": {
          "Gold": 220,
          "Silver": 190,
          "Copper": 170
        },
        "TMCave032_F00_P": {
          "Gold": 220,
          "Silver": 200,
          "Copper": 170
        }
      }
    }
  ],
  "Extra": {
    "BlobOfData": "00000000020000000000000000000000000000000100000000000000",
    "ExInitialHeader": {
      "FMappedNameName": 0,
      "FMappedNameSource": 0,
      "PackageFlags": 2147483648,
      "CookedHeaderSize": 1271,
      "NameMapOffset": 64,
      "NameMapSize": 569,
      "NameMapHashesOffset": 640,
      "NameMapHashesSize": 288,
      "ImportMapOffset": 928,
      "ExportMapOffset": 968,
      "ExportBundlesOffset": 1040,
      "GraphDataOffset": 1064,
      "GraphDataSize": 4
    },
    "ExNameMap": [
      "/Game/Carrot4/Core/Cave/CaveOtakaraCollectRankTable",
      "/Script/Carrot4",
      "/Script/CoreUObject",
      "/Script/Engine",
      "Cave003_F00_P",
      "Cave008_F00_P",
      "Cave015_F00_P",
      "Cave017_F00_P",
      "Cave020_F00_P",
      "Cave027_F00_P",
      "Cave028_F00_P",
      "Cave029_F00_P",
      "Cave030_F00_P",
      "Cave031_F00_P",
      "Cave032_F00_P",
      "Cave034_F00_P",
      "CaveOtakaraCollectRank",
      "CaveOtakaraCollectRankTable",
      "Class",
      "Copper",
      "DataTable",
      "Default__DataTable",
      "Gold",
      "IntProperty",
      "None",
      "ObjectProperty",
      "Package",
      "RowStruct",
      "ScriptStruct",
      "Silver",
      "TMCave020_F00_P",
      "TMCave029_F00_P",
      "TMCave032_F00_P",
      "TMCavePoko_042_P",
      "ZZ_HamadaCaveTest_Tsuchi000_P"
    ],
    "ExImports": [
      8206203013534831085,
      6350756229154467085,
      5298630410394656126,
      5885306222398933282,
      7300828789990867491
    ],
    "ExExports": [
      {
        "CookedSerialOffset": 1271,
        "CookedSerialSize": 1796,
        "ObjectName": "CaveOtakaraCollectRankTable",
        "OuterIndex": 18446744073709551615,
        "ClassIndex": 8206203013534831085,
        "SuperIndex": 18446744073709551615,
        "GlobalImportIndex": 6350756229154467085,
        "PublicExportHash": 12076300131664613073,
        "UnknownFlags": 11
      }
    ],
    "FileReferences": [
      "/Game/Carrot4/Core/Cave/CaveOtakaraCollectRankTable",
      "CaveOtakaraCollectRankTable"
    ]
  }
}