{
  "Content": [
    {
      "AssetList": [
        -7856419945513345555,
        -8870485247714081074,
        -6618397450728891258
      ]
    }
  ],
  "Extra": {
    "BlobOfData": "00000000020000000000000000000000000000000100000003000000afb0b9531393256d01000000000000000000000044bf02c219d595b7010000000000000000000000b69cb302b6452ddf010000000000000000000000",
    "ExInitialHeader": {
      "FMappedNameName": 3,
      "FMappedNameSource": 3,
      "PackageFlags": 2147483648,
      "CookedHeaderSize": 1366,
      "NameMapOffset": 64,
      "NameMapSize": 656,
      "NameMapHashesOffset": 720,
      "NameMapHashesSize": 160,
      "ImportMapOffset": 880,
      "ExportMapOffset": 952,
      "ExportBundlesOffset": 1024,
      "GraphDataOffset": 1048,
      "GraphDataSize": 64
    },
    "ExNameMap": [
      "/Game/Carrot4/Maps/Madori/Cave/Cave002/Cave002_F01/ActorPlacementInfo/AP_Cave002_F01_P_Demo",
      "/Game/Carrot4/Maps/Madori/Cave/Cave002/Cave002_F01/ActorPlacementInfo/AP_Cave002_F01_P_Objects",
      "/Game/Carrot4/Maps/Madori/Cave/Cave002/Cave002_F01/ActorPlacementInfo/AP_Cave002_F01_P_Teki",
      "/Game/Carrot4/Maps/Madori/Cave/Cave002/Cave002_F01/ActorPlacementInfo/APL_Cave002_F01_P",
      "/Script/Carrot4",
      "/Script/CoreUObject",
      "ActorPlacementInfoAsset",
      "ActorPlacementInfoListAsset",
      "AP_Cave002_F01_P_Demo",
      "AP_Cave002_F01_P_Objects",
      "AP_Cave002_F01_P_Teki",
      "APL_Cave002_F01_P",
      "ArrayProperty",
      "AssetList",
      "Class",
      "Default__ActorPlacementInfoListAsset",
      "None",
      "ObjectProperty",
      "Package"
    ],
    "ExImports": [
      -6618397450728891258,
      -8870485247714081074,
      -7856419945513345555,
      6104969007828482806,
      7845125110740142718,
      -1,
      -1,
      -1,
      5298630410394656126
    ],
    "ExExports": [
      {
        "CookedSerialOffset": 1366,
        "CookedSerialSize": 61,
        "ObjectName": "APL_Cave002_F01_P",
        "OuterIndex": 18446744073709551615,
        "ClassIndex": 7845125110740142718,
        "SuperIndex": 18446744073709551615,
        "GlobalImportIndex": 6104969007828482806,
        "PublicExportHash": 12664543397574269523,
        "UnknownFlags": 3
      }
    ],
    "FileReferences": [
      "/Game/Carrot4/Maps/Madori/Cave/Cave002/Cave002_F01/ActorPlacementInfo/APL_Cave002_F01_P",
      "APL_Cave002_F01_P"
    ]
  }
}