{
  "Content": [
    {
      "GridSizeXY": {
        "X": 1819.124267578125,
        "Y": 2949.327392578125
      },
      "GridOffsetXY": {
        "X": -909.5621337890625,
        "Y": -1474.6636962890625
      }
    }
  ],
  "Extra": {
    "BlobOfData": "00000000020000000000000000000000000000000100000000000000",
    "ExInitialHeader": {
      "FMappedNameName": 0,
      "FMappedNameSource": 0,
      "PackageFlags": 2147483648,
      "CookedHeaderSize": 775,
      "NameMapOffset": 64,
      "NameMapSize": 287,
      "NameMapHashesOffset": 352,
      "NameMapHashesSize": 112,
      "ImportMapOffset": 464,
      "ExportMapOffset": 488,
      "ExportBundlesOffset": 560,
      "GraphDataOffset": 584,
      "GraphDataSize": 4
    },
    "ExNameMap": [
      "/Game/Carrot4/Maps/Madori/Cave/Cave006/Cave006_F03/GridInfo/Cave006_F03_P_FoliageGridData",
      "/Script/Carrot4",
      "/Script/CoreUObject",
      "Cave006_F03_P_FoliageGridData",
      "Class",
      "Default__FoliageGridDataAsset",
      "FoliageGridDataAsset",
      "GridOffsetXY",
      "GridSizeXY",
      "None",
      "Package",
      "StructProperty",
      "Vector2D"
    ],
    "ExImports": [
      8437497273421877986,
      5100896953454486893,
      5298630410394656126
    ],
    "ExExports": [
      {
        "CookedSerialOffset": 775,
        "CookedSerialSize": 53051,
        "ObjectName": "Cave006_F03_P_FoliageGridData",
        "OuterIndex": 18446744073709551615,
        "ClassIndex": 8437497273421877986,
        "SuperIndex": 18446744073709551615,
        "GlobalImportIndex": 5100896953454486893,
        "PublicExportHash": 12823883138713364149,
        "UnknownFlags": 3
      }
    ],
    "FileReferences": [
      "/Game/Carrot4/Maps/Madori/Cave/Cave006/Cave006_F03/GridInfo/Cave006_F03_P_FoliageGridData",
      "Cave006_F03_P_FoliageGridData"
    ]
  }
}