[
  {
    "Type": "BlueprintGeneratedClass",
    "Name": "Cave004_F01_Background_C",
    "Class": "UScriptClass'BlueprintGeneratedClass'",
    "SuperStruct": {
      "ObjectName": "Class'LevelScriptActor'",
      "ObjectPath": "/Script/Engine"
    },
    "ClassFlags": 8653332,
    "ClassWithin": {
      "ObjectName": "Class'Object'",
      "ObjectPath": "/Script/CoreUObject"
    },
    "ClassConfigName": "Engine",
    "bCooked": true,
    "ClassDefaultObject": {
      "ObjectName": "Cave004_F01_Background_C'Default__Cave004_F01_Background_C'",
      "ObjectPath": "/Game/Carrot4/Maps/Madori/Cave/Cave004/Cave004_F01/Sublevels/Cave004_F01_Background.1"
    }
  },
  {
    "Type": "Cave004_F01_Background_C",
    "Name": "Default__Cave004_F01_Background_C",
    "Class": "BlueprintGeneratedClass'/Game/Carrot4/Maps/Madori/Cave/Cave004/Cave004_F01/Sublevels/Cave004_F01_Background.Cave004_F01_Background_C'"
  },
  {
    "Type": "CarrotStaticMeshComponent",
    "Name": "SM_CMA_T04_BG_Bamboo01",
    "Outer": "CMA_T04_BG_Bamboo01_14",
    "Template": "SM_CMA_T04_BG_Bamboo01_GEN_VARIABLE",
    "Class": "UScriptClass'CarrotStaticMeshComponent'",
    "Properties": {
      "StreamingTextureData": [
        {
          "PackedRelativeBox": 4080533703,
          "TextureLevelIndex": 0,
          "TexelFactor": 15.46053
        },
        {
          "PackedRelativeBox": 4288300131,
          "TextureLevelIndex": 1,
          "TexelFactor": 174.64777
        },
        {
          "PackedRelativeBox": 4288300131,
          "TextureLevelIndex": 2,
          "TexelFactor": 174.64777
        },
        {
          "PackedRelativeBox": 4288300131,
          "TextureLevelIndex": 3,
          "TexelFactor": 174.64777
        },
        {
          "PackedRelativeBox": 4080533703,
          "TextureLevelIndex": 4,
          "TexelFactor": 15.46053
        }
      ],
      "VisibilityId": 24,
      "AttachParent": {
        "ObjectName": "SceneComponent'Cave004_F01_Background:PersistentLevel.CMA_T04_BG_Bamboo01_14.SceneRoot'",
        "ObjectPath": "/Game/Carrot4/Maps/Madori/Cave/Cave004/Cave004_F01/Sublevels/Cave004_F01_Background.33"
      },
      "UCSSerializationIndex": 0,
      "bNetAddressable": true,
      "CreationMethod": "EComponentCreationMethod::SimpleConstructionScript"
    }
  },
  {
    "Type": "CarrotStaticMeshComponent",
    "Name": "SM_CMA_T04_BG_Bamboo01",
    "Outer": "CMA_T04_BG_Bamboo01_15",
    "Template": "SM_CMA_T04_BG_Bamboo01_GEN_VARIABLE",
    "Class": "UScriptClass'CarrotStaticMeshComponent'",
    "Properties": {
      "StreamingTextureData": [
        {
          "PackedRelativeBox": 4082630821,
          "TextureLevelIndex": 0,
          "TexelFactor": 15.46053
        },
        {
          "PackedRelativeBox": 4290659361,
          "TextureLevelIndex": 1,
          "TexelFactor": 174.64777
        },
        {
          "PackedRelativeBox": 4290659361,
          "TextureLevelIndex": 2,
          "TexelFactor": 174.64777
        },
        {
          "PackedRelativeBox": 4290659361,
          "TextureLevelIndex": 3,
          "TexelFactor": 174.64777
        },
        {
          "PackedRelativeBox": 4082630821,
          "TextureLevelIndex": 4,
          "TexelFactor": 15.46053
        }
      ],
      "VisibilityId": 25,
      "AttachParent": {
        "ObjectName": "SceneComponent'Cave004_F01_Background:PersistentLevel.CMA_T04_BG_Bamboo01_15.SceneRoot'",
        "ObjectPath": "/Game/Carrot4/Maps/Madori/Cave/Cave004/Cave004_F01/Sublevels/Cave004_F01_Background.34"
      },
      "UCSSerializationIndex": 0,
      "bNetAddressable": true,
      "CreationMethod": "EComponentCreationMethod::SimpleConstructionScript"
    }
  },
  {
    "Type": "CarrotStaticMeshComponent",
    "Name": "SM_CMA_T04_BG_Bamboo01",
    "Outer": "CMA_T04_BG_Bamboo01_16",
    "Template": "SM_CMA_T04_BG_Bamboo01_GEN_VARIABLE",
    "Class": "UScriptClass'CarrotStaticMeshComponent'",
    "Properties": {
      "StreamingTextureData": [
        {
          "PackedRelativeBox": 4078371047,
          "TextureLevelIndex": 0,
          "TexelFactor": 15.46053
        },
        {
          "PackedRelativeBox": 4288431204,
          "TextureLevelIndex": 1,
          "TexelFactor": 174.64777
        },
        {
          "PackedRelativeBox": 4288431204,
          "TextureLevelIndex": 2,
          "TexelFactor": 174.64777
        },
        {
          "PackedRelativeBox": 4288431204,
          "TextureLevelIndex": 3,
          "TexelFactor": 174.64777
        },
        {
          "PackedRelativeBox": 4078371047,
          "TextureLevelIndex": 4,
          "TexelFactor": 15.46053
        }
      ],
      "VisibilityId": 26,
      "AttachParent": {
        "ObjectName": "SceneComponent'Cave004_F01_Background:PersistentLevel.CMA_T04_BG_Bamboo01_16.SceneRoot'",
        "ObjectPath": "/Game/Carrot4/Maps/Madori/Cave/Cave004/Cave004_F01/Sublevels/Cave004_F01_Background.35"
      },
      "UCSSerializationIndex": 0,
      "bNetAddressable": true,
      "CreationMethod": "EComponentCreationMethod::SimpleConstructionScript"
    }
  },
  {
    "Type": "CarrotStaticMeshComponent",
    "Name": "SM_CMA_T04_BG_Bamboo01",
    "Outer": "CMA_T04_BG_Bamboo01_17",
    "Template": "SM_CMA_T04_BG_Bamboo01_GEN_VARIABLE",
    "Class": "UScriptClass'CarrotStaticMeshComponent'",
    "Properties": {
      "StreamingTextureData": [
        {
          "PackedRelativeBox": 4084728005,
          "TextureLevelIndex": 0,
          "TexelFactor": 15.46053
        },
        {
          "PackedRelativeBox": 4292625408,
          "TextureLevelIndex": 1,
          "TexelFactor": 174.64777
        },
        {
          "PackedRelativeBox": 4292625408,
          "TextureLevelIndex": 2,
          "TexelFactor": 174.64777
        },
        {
          "PackedRelativeBox": 4292625408,
          "TextureLevelIndex": 3,
          "TexelFactor": 174.64777
        },
        {
          "PackedRelativeBox": 4084728005,
          "TextureLevelIndex": 4,
          "TexelFactor": 15.46053
        }
      ],
      "VisibilityId": 27,
      "AttachParent": {
        "ObjectName": "SceneComponent'Cave004_F01_Background:PersistentLevel.CMA_T04_BG_Bamboo01_17.SceneRoot'",
        "ObjectPath": "/Game/Carrot4/Maps/Madori/Cave/Cave004/Cave004_F01/Sublevels/Cave004_F01_Background.36"
      },
      "UCSSerializationIndex": 0,
      "bNetAddressable": true,
      "CreationMethod": "EComponentCreationMethod::SimpleConstructionScript"
    }
  },
  {
    "Type": "CarrotStaticMeshComponent",
    "Name": "SM_CMA_T04_BG_Bamboo01",
    "Outer": "CMA_T04_BG_Bamboo01_18",
    "Template": "SM_CMA_T04_BG_Bamboo01_GEN_VARIABLE",
    "Class": "UScriptClass'CarrotStaticMeshComponent'",
    "Properties": {
      "StreamingTextureData": [
        {
          "PackedRelativeBox": 4078371047,
          "TextureLevelIndex": 0,
          "TexelFactor": 15.46053
        },
        {
          "PackedRelativeBox": 4288365668,
          "TextureLevelIndex": 1,
          "TexelFactor": 174.64777
        },
        {
          "PackedRelativeBox": 4288365668,
          "TextureLevelIndex": 2,
          "TexelFactor": 174.64777
        },
        {
          "PackedRelativeBox": 4288365668,
          "TextureLevelIndex": 3,
          "TexelFactor": 174.64777
        },
        {
          "PackedRelativeBox": 4078371047,
          "TextureLevelIndex": 4,
          "TexelFactor": 15.46053
        }
      ],
      "VisibilityId": 28,
      "AttachParent": {
        "ObjectName": "SceneComponent'Cave004_F01_Background:PersistentLevel.CMA_T04_BG_Bamboo01_18.SceneRoot'",
        "ObjectPath": "/Game/Carrot4/Maps/Madori/Cave/Cave004/Cave004_F01/Sublevels/Cave004_F01_Background.37"
      },
      "UCSSerializationIndex": 0,
      "bNetAddressable": true,
      "CreationMethod": "EComponentCreationMethod::SimpleConstructionScript"
    }
  },
  {
    "Type": "CarrotStaticMeshComponent",
    "Name": "SM_CMA_T04_BG_Bamboo01",
    "Outer": "CMA_T04_BG_Bamboo01_19",
    "Template": "SM_CMA_T04_BG_Bamboo01_GEN_VARIABLE",
    "Class": "UScriptClass'CarrotStaticMeshComponent'",
    "Properties": {
      "StreamingTextureData": [
        {
          "PackedRelativeBox": 4078502051,
          "TextureLevelIndex": 0,
          "TexelFactor": 15.46053
        },
        {
          "PackedRelativeBox": 4292756512,
          "TextureLevelIndex": 1,
          "TexelFactor": 174.64777
        },
        {
          "PackedRelativeBox": 4292756512,
          "TextureLevelIndex": 2,
          "TexelFactor": 174.64777
        },
        {
          "PackedRelativeBox": 4292756512,
          "TextureLevelIndex": 3,
          "TexelFactor": 174.64777
        },
        {
          "PackedRelativeBox": 4078502051,
          "TextureLevelIndex": 4,
          "TexelFactor": 15.46053
        }
      ],
      "VisibilityId": 29,
      "AttachParent": {
        "ObjectName": "SceneComponent'Cave004_F01_Background:PersistentLevel.CMA_T04_BG_Bamboo01_19.SceneRoot'",
        "ObjectPath": "/Game/Carrot4/Maps/Madori/Cave/Cave004/Cave004_F01/Sublevels/Cave004_F01_Background.38"
      },
      "UCSSerializationIndex": 0,
      "bNetAddressable": true,
      "CreationMethod": "EComponentCreationMethod::SimpleConstructionScript"
    }
  },
  {
    "Type": "CarrotStaticMeshComponent",
    "Name": "SM_CMA_T04_BG_Bamboo01",
    "Outer": "CMA_T04_BG_Bamboo01_7",
    "Template": "SM_CMA_T04_BG_Bamboo01_GEN_VARIABLE",
    "Class": "UScriptClass'CarrotStaticMeshComponent'",
    "Properties": {
      "StreamingTextureData": [
        {
          "PackedRelativeBox": 4086890628,
          "TextureLevelIndex": 0,
          "TexelFactor": 15.46053
        },
        {
          "PackedRelativeBox": 4294919168,
          "TextureLevelIndex": 1,
          "TexelFactor": 174.64777
        },
        {
          "PackedRelativeBox": 4294919168,
          "TextureLevelIndex": 2,
          "TexelFactor": 174.64777
        },
        {
          "PackedRelativeBox": 4294919168,
          "TextureLevelIndex": 3,
          "TexelFactor": 174.64777
        },
        {
          "PackedRelativeBox": 4086890628,
          "TextureLevelIndex": 4,
          "TexelFactor": 15.46053
        }
      ],
      "VisibilityId": 33,
      "AttachParent": {
        "ObjectName": "SceneComponent'Cave004_F01_Background:PersistentLevel.CMA_T04_BG_Bamboo01_7.SceneRoot'",
        "ObjectPath": "/Game/Carrot4/Maps/Madori/Cave/Cave004/Cave004_F01/Sublevels/Cave004_F01_Background.39"
      },
      "UCSSerializationIndex": 0,
      "bNetAddressable": true,
      "CreationMethod": "EComponentCreationMethod::SimpleConstructionScript"
    }
  },
  {
    "Type": "CarrotStaticMeshComponent",
    "Name": "SM_CMA_T04_BG_Bamboo01",
    "Outer": "CMA_T04_BG_Bamboo01_8",
    "Template": "SM_CMA_T04_BG_Bamboo01_GEN_VARIABLE",
    "Class": "UScriptClass'CarrotStaticMeshComponent'",
    "Properties": {
      "StreamingTextureData": [
        {
          "PackedRelativeBox": 4009231655,
          "TextureLevelIndex": 0,
          "TexelFactor": 15.46053
        },
        {
          "PackedRelativeBox": 4216998083,
          "TextureLevelIndex": 1,
          "TexelFactor": 174.64777
        },
        {
          "PackedRelativeBox": 4216998083,
          "TextureLevelIndex": 2,
          "TexelFactor": 174.64777
        },
        {
          "PackedRelativeBox": 4216998083,
          "TextureLevelIndex": 3,
          "TexelFactor": 174.64777
        },
        {
          "PackedRelativeBox": 4009231655,
          "TextureLevelIndex": 4,
          "TexelFactor": 15.46053
        }
      ],
      "VisibilityId": 34,
      "AttachParent": {
        "ObjectName": "SceneComponent'Cave004_F01_Background:PersistentLevel.CMA_T04_BG_Bamboo01_8.SceneRoot'",
        "ObjectPath": "/Game/Carrot4/Maps/Madori/Cave/Cave004/Cave004_F01/Sublevels/Cave004_F01_Background.40"
      },
      "UCSSerializationIndex": 0,
      "bNetAddressable": true,
      "CreationMethod": "EComponentCreationMethod::SimpleConstructionScript"
    }
  },
  {
    "Type": "CarrotStaticMeshComponent",
    "Name": "SM_CMA_T04_DC_Lantern01_Ufokciifa",
    "Outer": "CMA_T04_DC_Lantern01_Ufokciifa_10",
    "Template": "SM_CMA_T04_DC_Lantern01_Ufokciifa_GEN_VARIABLE",
    "Class": "UScriptClass'CarrotStaticMeshComponent'",
    "Properties": {
      "StreamingTextureData": [
        {
          "PackedRelativeBox": 4294901760,
          "TextureLevelIndex": 5,
          "TexelFactor": 2331.4287
        },
        {
          "PackedRelativeBox": 4294901760,
          "TextureLevelIndex": 6,
          "TexelFactor": 2331.4287
        }
      ],
      "VisibilityId": 32,
      "AttachParent": {
        "ObjectName": "SceneComponent'Cave004_F01_Background:PersistentLevel.CMA_T04_DC_Lantern01_Ufokciifa_10.SceneRoot'",
        "ObjectPath": "/Game/Carrot4/Maps/Madori/Cave/Cave004/Cave004_F01/Sublevels/Cave004_F01_Background.41"
      },
      "UCSSerializationIndex": 0,
      "bNetAddressable": true,
      "CreationMethod": "EComponentCreationMethod::SimpleConstructionScript"
    }
  },
  {
    "Type": "CarrotStaticMeshComponent",
    "Name": "SM_CMA_T04_DC_Lantern01_Ufokciifa",
    "Outer": "CMA_T04_DC_Lantern01_Ufokciifa_4",
    "Template": "SM_CMA_T04_DC_Lantern01_Ufokciifa_GEN_VARIABLE",
    "Class": "UScriptClass'CarrotStaticMeshComponent'",
    "Properties": {
      "StreamingTextureData": [
        {
          "PackedRelativeBox": 4294901760,
          "TextureLevelIndex": 5,
          "TexelFactor": 2331.4287
        },
        {
          "PackedRelativeBox": 4294901760,
          "TextureLevelIndex": 6,
          "TexelFactor": 2331.4287
        }
      ],
      "VisibilityId": 35,
      "AttachParent": {
        "ObjectName": "SceneComponent'Cave004_F01_Background:PersistentLevel.CMA_T04_DC_Lantern01_Ufokciifa_4.SceneRoot'",
        "ObjectPath": "/Game/Carrot4/Maps/Madori/Cave/Cave004/Cave004_F01/Sublevels/Cave004_F01_Background.42"
      },
      "UCSSerializationIndex": 0,
      "bNetAddressable": true,
      "CreationMethod": "EComponentCreationMethod::SimpleConstructionScript"
    }
  },
  {
    "Type": "CarrotStaticMeshComponent",
    "Name": "SM_CMA_T04_DC_Lantern01_Ufokciifa",
    "Outer": "CMA_T04_DC_Lantern01_Ufokciifa_5",
    "Template": "SM_CMA_T04_DC_Lantern01_Ufokciifa_GEN_VARIABLE",
    "Class": "UScriptClass'CarrotStaticMeshComponent'",
    "Properties": {
      "StreamingTextureData": [
        {
          "PackedRelativeBox": 4294901760,
          "TextureLevelIndex": 5,
          "TexelFactor": 2331.4287
        },
        {
          "PackedRelativeBox": 4294901760,
          "TextureLevelIndex": 6,
          "TexelFactor": 2331.4287
        }
      ],
      "VisibilityId": 36,
      "AttachParent": {
        "ObjectName": "SceneComponent'Cave004_F01_Background:PersistentLevel.CMA_T04_DC_Lantern01_Ufokciifa_5.SceneRoot'",
        "ObjectPath": "/Game/Carrot4/Maps/Madori/Cave/Cave004/Cave004_F01/Sublevels/Cave004_F01_Background.43"
      },
      "UCSSerializationIndex": 0,
      "bNetAddressable": true,
      "CreationMethod": "EComponentCreationMethod::SimpleConstructionScript"
    }
  },
  {
    "Type": "CarrotStaticMeshComponent",
    "Name": "SM_CMA_T04_DC_Lantern01_Ufokciifa",
    "Outer": "CMA_T04_DC_Lantern01_Ufokciifa_8",
    "Template": "SM_CMA_T04_DC_Lantern01_Ufokciifa_GEN_VARIABLE",
    "Class": "UScriptClass'CarrotStaticMeshComponent'",
    "Properties": {
      "StreamingTextureData": [
        {
          "PackedRelativeBox": 4294901760,
          "TextureLevelIndex": 5,
          "TexelFactor": 2331.4287
        },
        {
          "PackedRelativeBox": 4294901760,
          "TextureLevelIndex": 6,
          "TexelFactor": 2331.4287
        }
      ],
      "VisibilityId": 30,
      "AttachParent": {
        "ObjectName": "SceneComponent'Cave004_F01_Background:PersistentLevel.CMA_T04_DC_Lantern01_Ufokciifa_8.SceneRoot'",
        "ObjectPath": "/Game/Carrot4/Maps/Madori/Cave/Cave004/Cave004_F01/Sublevels/Cave004_F01_Background.44"
      },
      "UCSSerializationIndex": 0,
      "bNetAddressable": true,
      "CreationMethod": "EComponentCreationMethod::SimpleConstructionScript"
    }
  },
  {
    "Type": "CarrotStaticMeshComponent",
    "Name": "SM_CMA_T04_DC_Lantern01_Ufokciifa",
    "Outer": "CMA_T04_DC_Lantern01_Ufokciifa_9",
    "Template": "SM_CMA_T04_DC_Lantern01_Ufokciifa_GEN_VARIABLE",
    "Class": "UScriptClass'CarrotStaticMeshComponent'",
    "Properties": {
      "StreamingTextureData": [
        {
          "PackedRelativeBox": 4294901760,
          "TextureLevelIndex": 5,
          "TexelFactor": 2331.4287
        },
        {
          "PackedRelativeBox": 4294901760,
          "TextureLevelIndex": 6,
          "TexelFactor": 2331.4287
        }
      ],
      "VisibilityId": 31,
      "AttachParent": {
        "ObjectName": "SceneComponent'Cave004_F01_Background:PersistentLevel.CMA_T04_DC_Lantern01_Ufokciifa_9.SceneRoot'",
        "ObjectPath": "/Game/Carrot4/Maps/Madori/Cave/Cave004/Cave004_F01/Sublevels/Cave004_F01_Background.45"
      },
      "UCSSerializationIndex": 0,
      "bNetAddressable": true,
      "CreationMethod": "EComponentCreationMethod::SimpleConstructionScript"
    }
  },
  {
    "Type": "Cave004_F01_Background_C",
    "Name": "Cave004_F01_Background_C_1",
    "Outer": "PersistentLevel",
    "Template": "Default__Cave004_F01_Background_C",
    "Class": "BlueprintGeneratedClass'/Game/Carrot4/Maps/Madori/Cave/Cave004/Cave004_F01/Sublevels/Cave004_F01_Background.Cave004_F01_Background_C'"
  },
  {
    "Type": "CMA_T04_BG_Bamboo01_C",
    "Name": "CMA_T04_BG_Bamboo01_14",
    "Outer": "PersistentLevel",
    "Template": "Default__CMA_T04_BG_Bamboo01_C",
    "Class": "BlueprintGeneratedClass'/Game/Carrot4/Terrain/Cave/Type/Garden/BlueprintActor/CMA_T04_BG_Bamboo01.CMA_T04_BG_Bamboo01_C'",
    "Properties": {
      "SM_CMA_T04_BG_Bamboo01": {
        "ObjectName": "CarrotStaticMeshComponent'Cave004_F01_Background:PersistentLevel.CMA_T04_BG_Bamboo01_14.SM_CMA_T04_BG_Bamboo01'",
        "ObjectPath": "/Game/Carrot4/Maps/Madori/Cave/Cave004/Cave004_F01/Sublevels/Cave004_F01_Background.2"
      },
      "RootComponent": {
        "ObjectName": "SceneComponent'Cave004_F01_Background:PersistentLevel.CMA_T04_BG_Bamboo01_14.SceneRoot'",
        "ObjectPath": "/Game/Carrot4/Maps/Madori/Cave/Cave004/Cave004_F01/Sublevels/Cave004_F01_Background.33"
      },
      "BlueprintCreatedComponents": [
        {
          "ObjectName": "CarrotStaticMeshComponent'Cave004_F01_Background:PersistentLevel.CMA_T04_BG_Bamboo01_14.SM_CMA_T04_BG_Bamboo01'",
          "ObjectPath": "/Game/Carrot4/Maps/Madori/Cave/Cave004/Cave004_F01/Sublevels/Cave004_F01_Background.2"
        }
      ]
    }
  },
  {
    "Type": "CMA_T04_BG_Bamboo01_C",
    "Name": "CMA_T04_BG_Bamboo01_15",
    "Outer": "PersistentLevel",
    "Template": "Default__CMA_T04_BG_Bamboo01_C",
    "Class": "BlueprintGeneratedClass'/Game/Carrot4/Terrain/Cave/Type/Garden/BlueprintActor/CMA_T04_BG_Bamboo01.CMA_T04_BG_Bamboo01_C'",
    "Properties": {
      "SM_CMA_T04_BG_Bamboo01": {
        "ObjectName": "CarrotStaticMeshComponent'Cave004_F01_Background:PersistentLevel.CMA_T04_BG_Bamboo01_15.SM_CMA_T04_BG_Bamboo01'",
        "ObjectPath": "/Game/Carrot4/Maps/Madori/Cave/Cave004/Cave004_F01/Sublevels/Cave004_F01_Background.3"
      },
      "RootComponent": {
        "ObjectName": "SceneComponent'Cave004_F01_Background:PersistentLevel.CMA_T04_BG_Bamboo01_15.SceneRoot'",
        "ObjectPath": "/Game/Carrot4/Maps/Madori/Cave/Cave004/Cave004_F01/Sublevels/Cave004_F01_Background.34"
      },
      "BlueprintCreatedComponents": [
        {
          "ObjectName": "CarrotStaticMeshComponent'Cave004_F01_Background:PersistentLevel.CMA_T04_BG_Bamboo01_15.SM_CMA_T04_BG_Bamboo01'",
          "ObjectPath": "/Game/Carrot4/Maps/Madori/Cave/Cave004/Cave004_F01/Sublevels/Cave004_F01_Background.3"
        }
      ]
    }
  },
  {
    "Type": "CMA_T04_BG_Bamboo01_C",
    "Name": "CMA_T04_BG_Bamboo01_16",
    "Outer": "PersistentLevel",
    "Template": "Default__CMA_T04_BG_Bamboo01_C",
    "Class": "BlueprintGeneratedClass'/Game/Carrot4/Terrain/Cave/Type/Garden/BlueprintActor/CMA_T04_BG_Bamboo01.CMA_T04_BG_Bamboo01_C'",
    "Properties": {
      "SM_CMA_T04_BG_Bamboo01": {
        "ObjectName": "CarrotStaticMeshComponent'Cave004_F01_Background:PersistentLevel.CMA_T04_BG_Bamboo01_16.SM_CMA_T04_BG_Bamboo01'",
        "ObjectPath": "/Game/Carrot4/Maps/Madori/Cave/Cave004/Cave004_F01/Sublevels/Cave004_F01_Background.4"
      },
      "RootComponent": {
        "ObjectName": "SceneComponent'Cave004_F01_Background:PersistentLevel.CMA_T04_BG_Bamboo01_16.SceneRoot'",
        "ObjectPath": "/Game/Carrot4/Maps/Madori/Cave/Cave004/Cave004_F01/Sublevels/Cave004_F01_Background.35"
      },
      "BlueprintCreatedComponents": [
        {
          "ObjectName": "CarrotStaticMeshComponent'Cave004_F01_Background:PersistentLevel.CMA_T04_BG_Bamboo01_16.SM_CMA_T04_BG_Bamboo01'",
          "ObjectPath": "/Game/Carrot4/Maps/Madori/Cave/Cave004/Cave004_F01/Sublevels/Cave004_F01_Background.4"
        }
      ]
    }
  },
  {
    "Type": "CMA_T04_BG_Bamboo01_C",
    "Name": "CMA_T04_BG_Bamboo01_17",
    "Outer": "PersistentLevel",
    "Template": "Default__CMA_T04_BG_Bamboo01_C",
    "Class": "BlueprintGeneratedClass'/Game/Carrot4/Terrain/Cave/Type/Garden/BlueprintActor/CMA_T04_BG_Bamboo01.CMA_T04_BG_Bamboo01_C'",
    "Properties": {
      "SM_CMA_T04_BG_Bamboo01": {
        "ObjectName": "CarrotStaticMeshComponent'Cave004_F01_Background:PersistentLevel.CMA_T04_BG_Bamboo01_17.SM_CMA_T04_BG_Bamboo01'",
        "ObjectPath": "/Game/Carrot4/Maps/Madori/Cave/Cave004/Cave004_F01/Sublevels/Cave004_F01_Background.5"
      },
      "RootComponent": {
        "ObjectName": "SceneComponent'Cave004_F01_Background:PersistentLevel.CMA_T04_BG_Bamboo01_17.SceneRoot'",
        "ObjectPath": "/Game/Carrot4/Maps/Madori/Cave/Cave004/Cave004_F01/Sublevels/Cave004_F01_Background.36"
      },
      "BlueprintCreatedComponents": [
        {
          "ObjectName": "CarrotStaticMeshComponent'Cave004_F01_Background:PersistentLevel.CMA_T04_BG_Bamboo01_17.SM_CMA_T04_BG_Bamboo01'",
          "ObjectPath": "/Game/Carrot4/Maps/Madori/Cave/Cave004/Cave004_F01/Sublevels/Cave004_F01_Background.5"
        }
      ]
    }
  },
  {
    "Type": "CMA_T04_BG_Bamboo01_C",
    "Name": "CMA_T04_BG_Bamboo01_18",
    "Outer": "PersistentLevel",
    "Template": "Default__CMA_T04_BG_Bamboo01_C",
    "Class": "BlueprintGeneratedClass'/Game/Carrot4/Terrain/Cave/Type/Garden/BlueprintActor/CMA_T04_BG_Bamboo01.CMA_T04_BG_Bamboo01_C'",
    "Properties": {
      "SM_CMA_T04_BG_Bamboo01": {
        "ObjectName": "CarrotStaticMeshComponent'Cave004_F01_Background:PersistentLevel.CMA_T04_BG_Bamboo01_18.SM_CMA_T04_BG_Bamboo01'",
        "ObjectPath": "/Game/Carrot4/Maps/Madori/Cave/Cave004/Cave004_F01/Sublevels/Cave004_F01_Background.6"
      },
      "RootComponent": {
        "ObjectName": "SceneComponent'Cave004_F01_Background:PersistentLevel.CMA_T04_BG_Bamboo01_18.SceneRoot'",
        "ObjectPath": "/Game/Carrot4/Maps/Madori/Cave/Cave004/Cave004_F01/Sublevels/Cave004_F01_Background.37"
      },
      "BlueprintCreatedComponents": [
        {
          "ObjectName": "CarrotStaticMeshComponent'Cave004_F01_Background:PersistentLevel.CMA_T04_BG_Bamboo01_18.SM_CMA_T04_BG_Bamboo01'",
          "ObjectPath": "/Game/Carrot4/Maps/Madori/Cave/Cave004/Cave004_F01/Sublevels/Cave004_F01_Background.6"
        }
      ]
    }
  },
  {
    "Type": "CMA_T04_BG_Bamboo01_C",
    "Name": "CMA_T04_BG_Bamboo01_19",
    "Outer": "PersistentLevel",
    "Template": "Default__CMA_T04_BG_Bamboo01_C",
    "Class": "BlueprintGeneratedClass'/Game/Carrot4/Terrain/Cave/Type/Garden/BlueprintActor/CMA_T04_BG_Bamboo01.CMA_T04_BG_Bamboo01_C'",
    "Properties": {
      "SM_CMA_T04_BG_Bamboo01": {
        "ObjectName": "CarrotStaticMeshComponent'Cave004_F01_Background:PersistentLevel.CMA_T04_BG_Bamboo01_19.SM_CMA_T04_BG_Bamboo01'",
        "ObjectPath": "/Game/Carrot4/Maps/Madori/Cave/Cave004/Cave004_F01/Sublevels/Cave004_F01_Background.7"
      },
      "RootComponent": {
        "ObjectName": "SceneComponent'Cave004_F01_Background:PersistentLevel.CMA_T04_BG_Bamboo01_19.SceneRoot'",
        "ObjectPath": "/Game/Carrot4/Maps/Madori/Cave/Cave004/Cave004_F01/Sublevels/Cave004_F01_Background.38"
      },
      "BlueprintCreatedComponents": [
        {
          "ObjectName": "CarrotStaticMeshComponent'Cave004_F01_Background:PersistentLevel.CMA_T04_BG_Bamboo01_19.SM_CMA_T04_BG_Bamboo01'",
          "ObjectPath": "/Game/Carrot4/Maps/Madori/Cave/Cave004/Cave004_F01/Sublevels/Cave004_F01_Background.7"
        }
      ]
    }
  },
  {
    "Type": "CMA_T04_BG_Bamboo01_C",
    "Name": "CMA_T04_BG_Bamboo01_7",
    "Outer": "PersistentLevel",
    "Template": "Default__CMA_T04_BG_Bamboo01_C",
    "Class": "BlueprintGeneratedClass'/Game/Carrot4/Terrain/Cave/Type/Garden/BlueprintActor/CMA_T04_BG_Bamboo01.CMA_T04_BG_Bamboo01_C'",
    "Properties": {
      "SM_CMA_T04_BG_Bamboo01": {
        "ObjectName": "CarrotStaticMeshComponent'Cave004_F01_Background:PersistentLevel.CMA_T04_BG_Bamboo01_7.SM_CMA_T04_BG_Bamboo01'",
        "ObjectPath": "/Game/Carrot4/Maps/Madori/Cave/Cave004/Cave004_F01/Sublevels/Cave004_F01_Background.8"
      },
      "RootComponent": {
        "ObjectName": "SceneComponent'Cave004_F01_Background:PersistentLevel.CMA_T04_BG_Bamboo01_7.SceneRoot'",
        "ObjectPath": "/Game/Carrot4/Maps/Madori/Cave/Cave004/Cave004_F01/Sublevels/Cave004_F01_Background.39"
      },
      "BlueprintCreatedComponents": [
        {
          "ObjectName": "CarrotStaticMeshComponent'Cave004_F01_Background:PersistentLevel.CMA_T04_BG_Bamboo01_7.SM_CMA_T04_BG_Bamboo01'",
          "ObjectPath": "/Game/Carrot4/Maps/Madori/Cave/Cave004/Cave004_F01/Sublevels/Cave004_F01_Background.8"
        }
      ]
    }
  },
  {
    "Type": "CMA_T04_BG_Bamboo01_C",
    "Name": "CMA_T04_BG_Bamboo01_8",
    "Outer": "PersistentLevel",
    "Template": "Default__CMA_T04_BG_Bamboo01_C",
    "Class": "BlueprintGeneratedClass'/Game/Carrot4/Terrain/Cave/Type/Garden/BlueprintActor/CMA_T04_BG_Bamboo01.CMA_T04_BG_Bamboo01_C'",
    "Properties": {
      "SM_CMA_T04_BG_Bamboo01": {
        "ObjectName": "CarrotStaticMeshComponent'Cave004_F01_Background:PersistentLevel.CMA_T04_BG_Bamboo01_8.SM_CMA_T04_BG_Bamboo01'",
        "ObjectPath": "/Game/Carrot4/Maps/Madori/Cave/Cave004/Cave004_F01/Sublevels/Cave004_F01_Background.9"
      },
      "RootComponent": {
        "ObjectName": "SceneComponent'Cave004_F01_Background:PersistentLevel.CMA_T04_BG_Bamboo01_8.SceneRoot'",
        "ObjectPath": "/Game/Carrot4/Maps/Madori/Cave/Cave004/Cave004_F01/Sublevels/Cave004_F01_Background.40"
      },
      "BlueprintCreatedComponents": [
        {
          "ObjectName": "CarrotStaticMeshComponent'Cave004_F01_Background:PersistentLevel.CMA_T04_BG_Bamboo01_8.SM_CMA_T04_BG_Bamboo01'",
          "ObjectPath": "/Game/Carrot4/Maps/Madori/Cave/Cave004/Cave004_F01/Sublevels/Cave004_F01_Background.9"
        }
      ]
    }
  },
  {
    "Type": "CMA_T04_DC_Lantern01_Ufokciifa_C",
    "Name": "CMA_T04_DC_Lantern01_Ufokciifa_10",
    "Outer": "PersistentLevel",
    "Template": "Default__CMA_T04_DC_Lantern01_Ufokciifa_C",
    "Class": "BlueprintGeneratedClass'/Game/Carrot4/Terrain/Cave/Type/Garden/BlueprintActor/CMA_T04_DC_Lantern01_Ufokciifa.CMA_T04_DC_Lantern01_Ufokciifa_C'",
    "Properties": {
      "SM_CMA_T04_DC_Lantern01_Ufokciifa": {
        "ObjectName": "CarrotStaticMeshComponent'Cave004_F01_Background:PersistentLevel.CMA_T04_DC_Lantern01_Ufokciifa_10.SM_CMA_T04_DC_Lantern01_Ufokciifa'",
        "ObjectPath": "/Game/Carrot4/Maps/Madori/Cave/Cave004/Cave004_F01/Sublevels/Cave004_F01_Background.10"
      },
      "RootComponent": {
        "ObjectName": "SceneComponent'Cave004_F01_Background:PersistentLevel.CMA_T04_DC_Lantern01_Ufokciifa_10.SceneRoot'",
        "ObjectPath": "/Game/Carrot4/Maps/Madori/Cave/Cave004/Cave004_F01/Sublevels/Cave004_F01_Background.41"
      },
      "BlueprintCreatedComponents": [
        {
          "ObjectName": "CarrotStaticMeshComponent'Cave004_F01_Background:PersistentLevel.CMA_T04_DC_Lantern01_Ufokciifa_10.SM_CMA_T04_DC_Lantern01_Ufokciifa'",
          "ObjectPath": "/Game/Carrot4/Maps/Madori/Cave/Cave004/Cave004_F01/Sublevels/Cave004_F01_Background.10"
        }
      ]
    }
  },
  {
    "Type": "CMA_T04_DC_Lantern01_Ufokciifa_C",
    "Name": "CMA_T04_DC_Lantern01_Ufokciifa_4",
    "Outer": "PersistentLevel",
    "Template": "Default__CMA_T04_DC_Lantern01_Ufokciifa_C",
    "Class": "BlueprintGeneratedClass'/Game/Carrot4/Terrain/Cave/Type/Garden/BlueprintActor/CMA_T04_DC_Lantern01_Ufokciifa.CMA_T04_DC_Lantern01_Ufokciifa_C'",
    "Properties": {
      "SM_CMA_T04_DC_Lantern01_Ufokciifa": {
        "ObjectName": "CarrotStaticMeshComponent'Cave004_F01_Background:PersistentLevel.CMA_T04_DC_Lantern01_Ufokciifa_4.SM_CMA_T04_DC_Lantern01_Ufokciifa'",
        "ObjectPath": "/Game/Carrot4/Maps/Madori/Cave/Cave004/Cave004_F01/Sublevels/Cave004_F01_Background.11"
      },
      "RootComponent": {
        "ObjectName": "SceneComponent'Cave004_F01_Background:PersistentLevel.CMA_T04_DC_Lantern01_Ufokciifa_4.SceneRoot'",
        "ObjectPath": "/Game/Carrot4/Maps/Madori/Cave/Cave004/Cave004_F01/Sublevels/Cave004_F01_Background.42"
      },
      "BlueprintCreatedComponents": [
        {
          "ObjectName": "CarrotStaticMeshComponent'Cave004_F01_Background:PersistentLevel.CMA_T04_DC_Lantern01_Ufokciifa_4.SM_CMA_T04_DC_Lantern01_Ufokciifa'",
          "ObjectPath": "/Game/Carrot4/Maps/Madori/Cave/Cave004/Cave004_F01/Sublevels/Cave004_F01_Background.11"
        }
      ]
    }
  },
  {
    "Type": "CMA_T04_DC_Lantern01_Ufokciifa_C",
    "Name": "CMA_T04_DC_Lantern01_Ufokciifa_5",
    "Outer": "PersistentLevel",
    "Template": "Default__CMA_T04_DC_Lantern01_Ufokciifa_C",
    "Class": "BlueprintGeneratedClass'/Game/Carrot4/Terrain/Cave/Type/Garden/BlueprintActor/CMA_T04_DC_Lantern01_Ufokciifa.CMA_T04_DC_Lantern01_Ufokciifa_C'",
    "Properties": {
      "SM_CMA_T04_DC_Lantern01_Ufokciifa": {
        "ObjectName": "CarrotStaticMeshComponent'Cave004_F01_Background:PersistentLevel.CMA_T04_DC_Lantern01_Ufokciifa_5.SM_CMA_T04_DC_Lantern01_Ufokciifa'",
        "ObjectPath": "/Game/Carrot4/Maps/Madori/Cave/Cave004/Cave004_F01/Sublevels/Cave004_F01_Background.12"
      },
      "RootComponent": {
        "ObjectName": "SceneComponent'Cave004_F01_Background:PersistentLevel.CMA_T04_DC_Lantern01_Ufokciifa_5.SceneRoot'",
        "ObjectPath": "/Game/Carrot4/Maps/Madori/Cave/Cave004/Cave004_F01/Sublevels/Cave004_F01_Background.43"
      },
      "BlueprintCreatedComponents": [
        {
          "ObjectName": "CarrotStaticMeshComponent'Cave004_F01_Background:PersistentLevel.CMA_T04_DC_Lantern01_Ufokciifa_5.SM_CMA_T04_DC_Lantern01_Ufokciifa'",
          "ObjectPath": "/Game/Carrot4/Maps/Madori/Cave/Cave004/Cave004_F01/Sublevels/Cave004_F01_Background.12"
        }
      ]
    }
  },
  {
    "Type": "CMA_T04_DC_Lantern01_Ufokciifa_C",
    "Name": "CMA_T04_DC_Lantern01_Ufokciifa_8",
    "Outer": "PersistentLevel",
    "Template": "Default__CMA_T04_DC_Lantern01_Ufokciifa_C",
    "Class": "BlueprintGeneratedClass'/Game/Carrot4/Terrain/Cave/Type/Garden/BlueprintActor/CMA_T04_DC_Lantern01_Ufokciifa.CMA_T04_DC_Lantern01_Ufokciifa_C'",
    "Properties": {
      "SM_CMA_T04_DC_Lantern01_Ufokciifa": {
        "ObjectName": "CarrotStaticMeshComponent'Cave004_F01_Background:PersistentLevel.CMA_T04_DC_Lantern01_Ufokciifa_8.SM_CMA_T04_DC_Lantern01_Ufokciifa'",
        "ObjectPath": "/Game/Carrot4/Maps/Madori/Cave/Cave004/Cave004_F01/Sublevels/Cave004_F01_Background.13"
      },
      "RootComponent": {
        "ObjectName": "SceneComponent'Cave004_F01_Background:PersistentLevel.CMA_T04_DC_Lantern01_Ufokciifa_8.SceneRoot'",
        "ObjectPath": "/Game/Carrot4/Maps/Madori/Cave/Cave004/Cave004_F01/Sublevels/Cave004_F01_Background.44"
      },
      "BlueprintCreatedComponents": [
        {
          "ObjectName": "CarrotStaticMeshComponent'Cave004_F01_Background:PersistentLevel.CMA_T04_DC_Lantern01_Ufokciifa_8.SM_CMA_T04_DC_Lantern01_Ufokciifa'",
          "ObjectPath": "/Game/Carrot4/Maps/Madori/Cave/Cave004/Cave004_F01/Sublevels/Cave004_F01_Background.13"
        }
      ]
    }
  },
  {
    "Type": "CMA_T04_DC_Lantern01_Ufokciifa_C",
    "Name": "CMA_T04_DC_Lantern01_Ufokciifa_9",
    "Outer": "PersistentLevel",
    "Template": "Default__CMA_T04_DC_Lantern01_Ufokciifa_C",
    "Class": "BlueprintGeneratedClass'/Game/Carrot4/Terrain/Cave/Type/Garden/BlueprintActor/CMA_T04_DC_Lantern01_Ufokciifa.CMA_T04_DC_Lantern01_Ufokciifa_C'",
    "Properties": {
      "SM_CMA_T04_DC_Lantern01_Ufokciifa": {
        "ObjectName": "CarrotStaticMeshComponent'Cave004_F01_Background:PersistentLevel.CMA_T04_DC_Lantern01_Ufokciifa_9.SM_CMA_T04_DC_Lantern01_Ufokciifa'",
        "ObjectPath": "/Game/Carrot4/Maps/Madori/Cave/Cave004/Cave004_F01/Sublevels/Cave004_F01_Background.14"
      },
      "RootComponent": {
        "ObjectName": "SceneComponent'Cave004_F01_Background:PersistentLevel.CMA_T04_DC_Lantern01_Ufokciifa_9.SceneRoot'",
        "ObjectPath": "/Game/Carrot4/Maps/Madori/Cave/Cave004/Cave004_F01/Sublevels/Cave004_F01_Background.45"
      },
      "BlueprintCreatedComponents": [
        {
          "ObjectName": "CarrotStaticMeshComponent'Cave004_F01_Background:PersistentLevel.CMA_T04_DC_Lantern01_Ufokciifa_9.SM_CMA_T04_DC_Lantern01_Ufokciifa'",
          "ObjectPath": "/Game/Carrot4/Maps/Madori/Cave/Cave004/Cave004_F01/Sublevels/Cave004_F01_Background.14"
        }
      ]
    }
  },
  {
    "Type": "Level",
    "Name": "PersistentLevel",
    "Outer": "Cave004_F01_Background",
    "Class": "UScriptClass'Level'",
    "Properties": {
      "Model": {
        "ObjectName": "Model'Cave004_F01_Background:PersistentLevel.Model_0'",
        "ObjectPath": "/Game/Carrot4/Maps/Madori/Cave/Cave004/Cave004_F01/Sublevels/Cave004_F01_Background.30"
      },
      "LevelScriptActor": {
        "ObjectName": "Cave004_F01_Background_C'Cave004_F01_Background:PersistentLevel.Cave004_F01_Background_C_1'",
        "ObjectPath": "/Game/Carrot4/Maps/Madori/Cave/Cave004/Cave004_F01/Sublevels/Cave004_F01_Background.15"
      },
      "StreamingTextureGuids": [
        "96D5C8D6-49699E95-50C2FDBD-746BE156",
        "9B97F102-4603AB3F-979C5F96-128FE52D",
        "9D5EBB09-432A7F89-23FBFAB0-A7FA9488",
        "654ED3F2-49F5DF4E-5242D693-15ABF090",
        "78449B0B-4EAE2383-87609D98-3715642E",
        "CFD5D38E-4C5469A3-F8DA8BA2-AD5F17BE",
        "7C88109A-4AEB4778-08FA60A9-97DD61E5"
      ],
      "LevelBuildDataId": "30370A7C-4D318DCA-3D43179D-21F26295",
      "MapBuildData": {
        "ObjectName": "MapBuildDataRegistry'Cave004_F01_Background_BuiltData'",
        "ObjectPath": "/Game/Carrot4/Maps/Madori/Cave/Cave004/Cave004_F01/Sublevels/Cave004_F01_Background_BuiltData.18"
      },
      "WorldSettings": {
        "ObjectName": "MyWorldSettings'Cave004_F01_Background:PersistentLevel.MyWorldSettings'",
        "ObjectPath": "/Game/Carrot4/Maps/Madori/Cave/Cave004/Cave004_F01/Sublevels/Cave004_F01_Background.31"
      }
    },
    "Actors": [
      {
        "ObjectName": "MyWorldSettings'Cave004_F01_Background:PersistentLevel.MyWorldSettings'",
        "ObjectPath": "/Game/Carrot4/Maps/Madori/Cave/Cave004/Cave004_F01/Sublevels/Cave004_F01_Background.31"
      },
      null,
      {
        "ObjectName": "CMA_T04_BG_Bamboo01_C'Cave004_F01_Background:PersistentLevel.CMA_T04_BG_Bamboo01_14'",
        "ObjectPath": "/Game/Carrot4/Maps/Madori/Cave/Cave004/Cave004_F01/Sublevels/Cave004_F01_Background.16"
      },
      {
        "ObjectName": "CMA_T04_BG_Bamboo01_C'Cave004_F01_Background:PersistentLevel.CMA_T04_BG_Bamboo01_15'",
        "ObjectPath": "/Game/Carrot4/Maps/Madori/Cave/Cave004/Cave004_F01/Sublevels/Cave004_F01_Background.17"
      },
      {
        "ObjectName": "CMA_T04_BG_Bamboo01_C'Cave004_F01_Background:PersistentLevel.CMA_T04_BG_Bamboo01_16'",
        "ObjectPath": "/Game/Carrot4/Maps/Madori/Cave/Cave004/Cave004_F01/Sublevels/Cave004_F01_Background.18"
      },
      {
        "ObjectName": "CMA_T04_BG_Bamboo01_C'Cave004_F01_Background:PersistentLevel.CMA_T04_BG_Bamboo01_17'",
        "ObjectPath": "/Game/Carrot4/Maps/Madori/Cave/Cave004/Cave004_F01/Sublevels/Cave004_F01_Background.19"
      },
      {
        "ObjectName": "CMA_T04_BG_Bamboo01_C'Cave004_F01_Background:PersistentLevel.CMA_T04_BG_Bamboo01_18'",
        "ObjectPath": "/Game/Carrot4/Maps/Madori/Cave/Cave004/Cave004_F01/Sublevels/Cave004_F01_Background.20"
      },
      {
        "ObjectName": "CMA_T04_BG_Bamboo01_C'Cave004_F01_Background:PersistentLevel.CMA_T04_BG_Bamboo01_19'",
        "ObjectPath": "/Game/Carrot4/Maps/Madori/Cave/Cave004/Cave004_F01/Sublevels/Cave004_F01_Background.21"
      },
      {
        "ObjectName": "CMA_T04_DC_Lantern01_Ufokciifa_C'Cave004_F01_Background:PersistentLevel.CMA_T04_DC_Lantern01_Ufokciifa_8'",
        "ObjectPath": "/Game/Carrot4/Maps/Madori/Cave/Cave004/Cave004_F01/Sublevels/Cave004_F01_Background.27"
      },
      {
        "ObjectName": "CMA_T04_DC_Lantern01_Ufokciifa_C'Cave004_F01_Background:PersistentLevel.CMA_T04_DC_Lantern01_Ufokciifa_9'",
        "ObjectPath": "/Game/Carrot4/Maps/Madori/Cave/Cave004/Cave004_F01/Sublevels/Cave004_F01_Background.28"
      },
      {
        "ObjectName": "CMA_T04_DC_Lantern01_Ufokciifa_C'Cave004_F01_Background:PersistentLevel.CMA_T04_DC_Lantern01_Ufokciifa_10'",
        "ObjectPath": "/Game/Carrot4/Maps/Madori/Cave/Cave004/Cave004_F01/Sublevels/Cave004_F01_Background.24"
      },
      {
        "ObjectName": "CMA_T04_BG_Bamboo01_C'Cave004_F01_Background:PersistentLevel.CMA_T04_BG_Bamboo01_7'",
        "ObjectPath": "/Game/Carrot4/Maps/Madori/Cave/Cave004/Cave004_F01/Sublevels/Cave004_F01_Background.22"
      },
      {
        "ObjectName": "CMA_T04_BG_Bamboo01_C'Cave004_F01_Background:PersistentLevel.CMA_T04_BG_Bamboo01_8'",
        "ObjectPath": "/Game/Carrot4/Maps/Madori/Cave/Cave004/Cave004_F01/Sublevels/Cave004_F01_Background.23"
      },
      {
        "ObjectName": "CMA_T04_DC_Lantern01_Ufokciifa_C'Cave004_F01_Background:PersistentLevel.CMA_T04_DC_Lantern01_Ufokciifa_4'",
        "ObjectPath": "/Game/Carrot4/Maps/Madori/Cave/Cave004/Cave004_F01/Sublevels/Cave004_F01_Background.25"
      },
      {
        "ObjectName": "CMA_T04_DC_Lantern01_Ufokciifa_C'Cave004_F01_Background:PersistentLevel.CMA_T04_DC_Lantern01_Ufokciifa_5'",
        "ObjectPath": "/Game/Carrot4/Maps/Madori/Cave/Cave004/Cave004_F01/Sublevels/Cave004_F01_Background.26"
      },
      {
        "ObjectName": "Cave004_F01_Background_C'Cave004_F01_Background:PersistentLevel.Cave004_F01_Background_C_1'",
        "ObjectPath": "/Game/Carrot4/Maps/Madori/Cave/Cave004/Cave004_F01/Sublevels/Cave004_F01_Background.15"
      }
    ],
    "URL": {
      "Protocol": "unreal",
      "Host": "",
      "Port": 7777,
      "Valid": true,
      "Map": "/Game/Test/Maps/Check/CheckRomEntry_P",
      "Op": [],
      "Portal": ""
    },
    "Model": {
      "ObjectName": "Model'Cave004_F01_Background:PersistentLevel.Model_0'",
      "ObjectPath": "/Game/Carrot4/Maps/Madori/Cave/Cave004/Cave004_F01/Sublevels/Cave004_F01_Background.30"
    },
    "ModelComponents": [],
    "LevelScriptActor": {
      "ObjectName": "Cave004_F01_Background_C'Cave004_F01_Background:PersistentLevel.Cave004_F01_Background_C_1'",
      "ObjectPath": "/Game/Carrot4/Maps/Madori/Cave/Cave004/Cave004_F01/Sublevels/Cave004_F01_Background.15"
    },
    "NavListStart": null,
    "NavListEnd": null,
    "PrecomputedVisibilityHandler": {
      "PrecomputedVisibilityCellBucketOriginXY": {
        "X": 0.0,
        "Y": 0.0
      },
      "PrecomputedVisibilityCellSizeXY": 0.0,
      "PrecomputedVisibilityCellSizeZ": 0.0,
      "PrecomputedVisibilityCellBucketSizeXY": 0,
      "PrecomputedVisibilityNumCellBuckets": 0,
      "PrecomputedVisibilityCellBuckets": []
    },
    "PrecomputedVolumeDistanceField": {
      "VolumeMaxDistance": 0.0,
      "VolumeBox": {
        "Min": {
          "X": 0.0,
          "Y": 0.0,
          "Z": 0.0
        },
        "Max": {
          "X": 0.0,
          "Y": 0.0,
          "Z": 0.0
        },
        "IsValid": 0
      },
      "VolumeSizeX": 0,
      "VolumeSizeY": 0,
      "VolumeSizeZ": 0,
      "Data": []
    }
  },
  {
    "Type": "Model",
    "Name": "Model_0",
    "Outer": "PersistentLevel",
    "Class": "UScriptClass'Model'",
    "Bounds": {
      "Origin": {
        "X": 0.0,
        "Y": 0.0,
        "Z": 0.0
      },
      "BoxExtent": {
        "X": 0.0,
        "Y": 0.0,
        "Z": 0.0
      },
      "SphereRadius": 0.0
    },
    "Vectors": [],
    "Points": [],
    "Nodes": [],
    "Surfs": [],
    "NumSharedSides": 4,
    "VertexBuffer": {
      "Vertices": []
    },
    "LightingGuid": "1ACCF130-4EB237B4-F5A04098-CCF1CB03",
    "LightmassSettings": []
  },
  {
    "Type": "MyWorldSettings",
    "Name": "MyWorldSettings",
    "Outer": "PersistentLevel",
    "Class": "UScriptClass'MyWorldSettings'",
    "Properties": {
      "bEnableNavigationSystem": false,
      "NavigationSystemConfig": {
        "ObjectName": "NavigationSystemModuleConfig'Cave004_F01_Background:PersistentLevel.MyWorldSettings.NavigationSystemModuleConfig_0'",
        "ObjectPath": "/Game/Carrot4/Maps/Madori/Cave/Cave004/Cave004_F01/Sublevels/Cave004_F01_Background.32"
      },
      "BookmarkArray": [
        null,
        null,
        null,
        null,
        null,
        null,
        null,
        null,
        null,
        null
      ]
    }
  },
  {
    "Type": "NavigationSystemModuleConfig",
    "Name": "NavigationSystemModuleConfig_0",
    "Outer": "MyWorldSettings",
    "Class": "UScriptClass'NavigationSystemModuleConfig'",
    "Properties": {
      "bStrictlyStatic": true,
      "bAutoSpawnMissingNavData": true,
      "NavigationSystemClass": {
        "AssetPathName": "/Script/Carrot4.CarrotNavigationSystem",
        "SubPathString": ""
      }
    }
  },
  {
    "Type": "SceneComponent",
    "Name": "SceneRoot",
    "Outer": "CMA_T04_BG_Bamboo01_14",
    "Template": "SceneRoot",
    "Class": "UScriptClass'SceneComponent'",
    "Properties": {
      "RelativeLocation": {
        "X": -1100.6194,
        "Y": 13049.799,
        "Z": -7611.2603
      },
      "RelativeRotation": {
        "Pitch": 0.0,
        "Yaw": -60.000107,
        "Roll": 0.0
      },
      "RelativeScale3D": {
        "X": 20.0,
        "Y": 20.0,
        "Z": 20.0
      }
    }
  },
  {
    "Type": "SceneComponent",
    "Name": "SceneRoot",
    "Outer": "CMA_T04_BG_Bamboo01_15",
    "Template": "SceneRoot",
    "Class": "UScriptClass'SceneComponent'",
    "Properties": {
      "RelativeLocation": {
        "X": -3498.1875,
        "Y": 9982.164,
        "Z": -7464.049
      },
      "RelativeRotation": {
        "Pitch": 0.0,
        "Yaw": 10.000029,
        "Roll": 0.0
      },
      "RelativeScale3D": {
        "X": 16.0,
        "Y": 16.0,
        "Z": 16.0
      }
    }
  },
  {
    "Type": "SceneComponent",
    "Name": "SceneRoot",
    "Outer": "CMA_T04_BG_Bamboo01_16",
    "Template": "SceneRoot",
    "Class": "UScriptClass'SceneComponent'",
    "Properties": {
      "RelativeLocation": {
        "X": -5957.6504,
        "Y": 10896.406,
        "Z": -8698.58
      },
      "RelativeRotation": {
        "Pitch": 0.0,
        "Yaw": -210.00012,
        "Roll": 0.0
      },
      "RelativeScale3D": {
        "X": 20.0,
        "Y": 20.0,
        "Z": 20.0
      }
    }
  },
  {
    "Type": "SceneComponent",
    "Name": "SceneRoot",
    "Outer": "CMA_T04_BG_Bamboo01_17",
    "Template": "SceneRoot",
    "Class": "UScriptClass'SceneComponent'",
    "Properties": {
      "RelativeLocation": {
        "X": -5073.1045,
        "Y": -8814.64,
        "Z": -5430.1304
      },
      "RelativeRotation": {
        "Pitch": 0.0,
        "Yaw": -10.000031,
        "Roll": 0.0
      },
      "RelativeScale3D": {
        "X": 20.0,
        "Y": 20.0,
        "Z": 20.0
      }
    }
  },
  {
    "Type": "SceneComponent",
    "Name": "SceneRoot",
    "Outer": "CMA_T04_BG_Bamboo01_18",
    "Template": "SceneRoot",
    "Class": "UScriptClass'SceneComponent'",
    "Properties": {
      "RelativeLocation": {
        "X": -6735.7275,
        "Y": -7849.2617,
        "Z": -5586.13
      },
      "RelativeRotation": {
        "Pitch": 0.0,
        "Yaw": 130.00005,
        "Roll": 0.0
      },
      "RelativeScale3D": {
        "X": 20.0,
        "Y": 20.0,
        "Z": 20.0
      }
    }
  },
  {
    "Type": "SceneComponent",
    "Name": "SceneRoot",
    "Outer": "CMA_T04_BG_Bamboo01_19",
    "Template": "SceneRoot",
    "Class": "UScriptClass'SceneComponent'",
    "Properties": {
      "RelativeLocation": {
        "X": 6249.241,
        "Y": -10109.271,
        "Z": -5339.4893
      },
      "RelativeRotation": {
        "Pitch": 0.0,
        "Yaw": 96.92323,
        "Roll": 0.0
      },
      "RelativeScale3D": {
        "X": 16.0,
        "Y": 16.0,
        "Z": 16.0
      }
    }
  },
  {
    "Type": "SceneComponent",
    "Name": "SceneRoot",
    "Outer": "CMA_T04_BG_Bamboo01_7",
    "Template": "SceneRoot",
    "Class": "UScriptClass'SceneComponent'",
    "Properties": {
      "RelativeLocation": {
        "X": -10524.249,
        "Y": -3158.734,
        "Z": -2641.0
      },
      "RelativeRotation": {
        "Pitch": 0.0,
        "Yaw": -0.000168,
        "Roll": 0.0
      },
      "RelativeScale3D": {
        "X": 8.0,
        "Y": 8.0,
        "Z": 8.0
      }
    }
  },
  {
    "Type": "SceneComponent",
    "Name": "SceneRoot",
    "Outer": "CMA_T04_BG_Bamboo01_8",
    "Template": "SceneRoot",
    "Class": "UScriptClass'SceneComponent'",
    "Properties": {
      "RelativeLocation": {
        "X": -12439.222,
        "Y": -2284.734,
        "Z": -3064.0
      },
      "RelativeRotation": {
        "Pitch": 8.649198,
        "Yaw": -59.618984,
        "Roll": 5.038342
      },
      "RelativeScale3D": {
        "X": 7.75,
        "Y": 7.75,
        "Z": 7.75
      }
    }
  },
  {
    "Type": "SceneComponent",
    "Name": "SceneRoot",
    "Outer": "CMA_T04_DC_Lantern01_Ufokciifa_10",
    "Template": "SceneRoot",
    "Class": "UScriptClass'SceneComponent'",
    "Properties": {
      "RelativeLocation": {
        "X": 8115.5566,
        "Y": -5598.619,
        "Z": -1293.0
      },
      "RelativeRotation": {
        "Pitch": 0.0,
        "Yaw": 62.892693,
        "Roll": 0.0
      },
      "RelativeScale3D": {
        "X": 1.5,
        "Y": 1.5,
        "Z": 1.5
      }
    }
  },
  {
    "Type": "SceneComponent",
    "Name": "SceneRoot",
    "Outer": "CMA_T04_DC_Lantern01_Ufokciifa_4",
    "Template": "SceneRoot",
    "Class": "UScriptClass'SceneComponent'",
    "Properties": {
      "RelativeLocation": {
        "X": 9019.021,
        "Y": 2882.67,
        "Z": -1399.001
      },
      "RelativeRotation": {
        "Pitch": 0.0,
        "Yaw": 92.89271,
        "Roll": 0.0
      },
      "RelativeScale3D": {
        "X": 1.5,
        "Y": 1.5,
        "Z": 1.5
      }
    }
  },
  {
    "Type": "SceneComponent",
    "Name": "SceneRoot",
    "Outer": "CMA_T04_DC_Lantern01_Ufokciifa_5",
    "Template": "SceneRoot",
    "Class": "UScriptClass'SceneComponent'",
    "Properties": {
      "RelativeLocation": {
        "X": 8347.199,
        "Y": 4396.67,
        "Z": -1399.001
      },
      "RelativeRotation": {
        "Pitch": 0.0,
        "Yaw": 122.892746,
        "Roll": 0.0
      },
      "RelativeScale3D": {
        "X": 1.5,
        "Y": 1.5,
        "Z": 1.5
      }
    }
  },
  {
    "Type": "SceneComponent",
    "Name": "SceneRoot",
    "Outer": "CMA_T04_DC_Lantern01_Ufokciifa_8",
    "Template": "SceneRoot",
    "Class": "UScriptClass'SceneComponent'",
    "Properties": {
      "RelativeLocation": {
        "X": 3798.8237,
        "Y": -7930.0,
        "Z": -1293.0
      },
      "RelativeRotation": {
        "Pitch": 0.0,
        "Yaw": 35.862766,
        "Roll": 0.0
      },
      "RelativeScale3D": {
        "X": 1.5,
        "Y": 1.5,
        "Z": 1.5
      }
    }
  },
  {
    "Type": "SceneComponent",
    "Name": "SceneRoot",
    "Outer": "CMA_T04_DC_Lantern01_Ufokciifa_9",
    "Template": "SceneRoot",
    "Class": "UScriptClass'SceneComponent'",
    "Properties": {
      "RelativeLocation": {
        "X": 5443.735,
        "Y": -6508.0317,
        "Z": -1293.0
      },
      "RelativeRotation": {
        "Pitch": 0.0,
        "Yaw": 62.892693,
        "Roll": 0.0
      },
      "RelativeScale3D": {
        "X": 1.5,
        "Y": 1.5,
        "Z": 1.5
      }
    }
  },
  {
    "Type": "World",
    "Name": "Cave004_F01_Background",
    "Class": "UScriptClass'World'",
    "PersistentLevel": {
      "ObjectName": "Level'Cave004_F01_Background:PersistentLevel'",
      "ObjectPath": "/Game/Carrot4/Maps/Madori/Cave/Cave004/Cave004_F01/Sublevels/Cave004_F01_Background.29"
    },
    "ExtraReferencedObjects": [],
    "StreamingLevels": []
  }
]