{
  "Content": [
    {
      "ActorGeneratorList": [
        {
          "AssetVersion": 8626647386,
          "GeneratorVersion": 8626647386,
          "GeneratorID": -1,
          "SoftRefActorClass": {
            "AssetPathName": "/Game/Carrot4/Placeables/Gimmicks/QuestAreaBox/GQuestAreaBox.GQuestAreaBox_C",
            "SubPathString": 0
          },
          "ExploreRateType": "EExploreRateTargetType::None",
          "ActorVersion": 1,
          "OutlineFolderPath": "None",
          "InitTransform": {
            "Rotation": {
              "X": 0.0,
              "Y": 0.0,
              "Z": 0.0,
              "W": 1.0
            },
            "Translation": {
              "X": 275.98858642578125,
              "Y": 651.20166015625,
              "Z": 126.46287536621094
            },
            "Scale3D": {
              "X": 1.0,
              "Y": 1.0,
              "Z": 1.0
            }
          },
          "Transform": {
            "Rotation": {
              "X": 0.0,
              "Y": 0.0,
              "Z": 0.0,
              "W": 1.0
            },
            "Translation": {
              "X": 275.98858642578125,
              "Y": 651.20166015625,
              "Z": 126.46287536621094
            },
            "Scale3D": {
              "X": 1.0,
              "Y": 1.0,
              "Z": 1.0
            }
          },
          "GenerateInfo": {
            "EnableSave": true,
            "DebugUniqueId": 4613094535772241924,
            "ActorGlobalId": "None",
            "GenerateNum": 1,
            "GenerateRadius": 300.0,
            "WakeCond": [],
            "bOnceWakeCond": false,
            "SleepCond": [],
            "bNoChkCondWhenDead": false
          },
          "RebirthInfo": {
            "ActivityTime": "EActivityTime::Allday",
            "RebirthType": "ERebirthType::NoRebirth",
            "BirthDay": 0,
            "DeadDay": 0,
            "ExpireDay": 0,
            "CurrNum": 1,
            "ExpireProgress": 0,
            "RebirthInterval": 0,
            "SaveFlag": "EGeneratorActorSaveFlag::FromAsset",
            "MyID": -1,
            "RefID": -1,
            "RebirthInfoFlags": 0,
            "BirthCond": [],
            "bIgnoreFullFillBirthCondWhenFirstAndNightTime": false,
            "EraseCond": []
          },
          "CarriedInfo": {
            "bEnableInitializeLocation": false,
            "InitializeInterval": 0,
            "bEnableCorrectLocation": false,
            "CarriedDay": 0,
            "LastCarriedDay": 0
          },
          "DropActorInfo": {
            "DropOwnerDebugUniqueId": 18446744073709551615,
            "DropIndex": -1,
            "bSalvagedOtakaraIndices": []
          },
          "ActorSerializeParameter": {
            "Hash": {
              "Static": [
                18,
                114,
                38,
                209
              ],
              "Dynamic": []
            },
            "CheckComp": [
              90,
              49,
              48,
              2,
              2,
              0,
              0,
              0,
              0,
              0,
              0,
              0,
              0,
              0,
              0,
              0,
              0,
              0,
              0,
              0,
              0,
              0,
              0,
              0,
              0,
              0,
              0,
              0,
              0,
              0,
              0,
              0,
              0,
              0,
              0,
              0,
              0,
              0,
              0,
              0,
              1,
              0,
              0,
              0,
              0,
              0,
              0,
              0,
              0,
              0,
              0,
              0,
              0,
              0,
              0,
              0,
              0,
              0,
              0,
              0,
              0,
              0,
              0,
              0,
              0,
              0,
              0,
              0,
              0,
              0,
              0,
              0,
              0,
              0,
              0,
              0,
              0,
              0,
              0,
              0,
              0,
              0,
              0,
              0,
              0,
              0,
              0,
              0,
              0,
              0,
              0,
              0
            ],
            "ActorParameter": {
              "Static": [
                5,
                0,
                0,
                0,
                78,
                111,
                110,
                101,
                0,
                0,
                0,
                0,
                0,
                1,
                0,
                0,
                0,
                1,
                0,
                0,
                0,
                5,
                0,
                0,
                0,
                78,
                111,
                110,
                101,
                0,
                5,
                0,
                0,
                0,
                78,
                111,
                110,
                101,
                0,
                0,
                0,
                0,
                0,
                0,
                0,
                128,
                191,
                0,
                0,
                128,
                191,
                1,
                0,
                0,
                0,
                1,
                0,
                0,
                0,
                0,
                0,
                128,
                191
              ],
              "Dynamic": []
            },
            "AI": {
              "Static": [],
              "Dynamic": []
            },
            "SubAI": {
              "Static": [],
              "Dynamic": []
            },
            "Life": {
              "Static": [],
              "Dynamic": []
            },
            "PortalTrigger": {
              "Static": [],
              "Dynamic": []
            },
            "DemoTrigger": {
              "Static": [
                3,
                1,
                0,
                0,
                0,
                5,
                0,
                0,
                0,
                78,
                111,
                110,
                101,
                0,
                0,
                0,
                0,
                0,
                0,
                0,
                0,
                0,
                5,
                0,
                0,
                0,
                78,
                111,
                110,
                101,
                0,
                0,
                0,
                0,
                0,
                5,
                0,
                0,
                0,
                78,
                111,
                110,
                101,
                0,
                0,
                0,
                0,
                0,
                5,
                0,
                0,
                0,
                78,
                111,
                110,
                101,
                0,
                0,
                5,
                0,
                0,
                0,
                78,
                111,
                110,
                101,
                0,
                1,
                0,
                0,
                0,
                37,
                0,
                0,
                0,
                81,
                117,
                101,
                115,
                116,
                95,
                65,
                110,
                110,
                111,
                117,
                110,
                99,
                101,
                84,
                114,
                105,
                103,
                103,
                101,
                114,
                95,
                77,
                97,
                112,
                79,
                112,
                101,
                110,
                67,
                97,
                118,
                101,
                48,
                48,
                49,
                0,
                0,
                0,
                0,
                0,
                0,
                0,
                0,
                0,
                5,
                0,
                0,
                0,
                78,
                111,
                110,
                101,
                0,
                5,
                0,
                0,
                0,
                78,
                111,
                110,
                101,
                0,
                0,
                0,
                0,
                0,
                0,
                0,
                0,
                0,
                0,
                0,
                0,
                0,
                0,
                0,
                0,
                0,
                0,
                0,
                0,
                0,
                0,
                0,
                128,
                63,
                138,
                254,
                137,
                67,
                232,
                204,
                34,
                68,
                254,
                236,
                252,
                66,
                0,
                0,
                128,
                63,
                0,
                0,
                128,
                63,
                0,
                0,
                128,
                63,
                0,
                0,
                180,
                66,
                0,
                0,
                240,
                65,
                0,
                0,
                200,
                66
              ],
              "Dynamic": []
            },
            "Pikmin": {
              "Static": [],
              "Dynamic": []
            },
            "CharacterEdit": {
              "Static": [],
              "Dynamic": []
            },
            "PopPlace": {
              "Static": [],
              "Dynamic": []
            },
            "Strategy": {
              "Static": [],
              "Dynamic": []
            },
            "CakEmitterConfig": {
              "Static": [],
              "Dynamic": []
            },
            "CakSimpleState": {
              "Static": [],
              "Dynamic": []
            },
            "CakTrigger": {
              "Static": [],
              "Dynamic": []
            },
            "CakMultiplePosition": {
              "Static": [],
              "Dynamic": []
            },
            "CakAudioTable": {
              "Static": [],
              "Dynamic": []
            },
            "WaterTrigger": {
              "Static": [],
              "Dynamic": []
            },
            "NavMeshTrigger": {
              "Static": [],
              "Dynamic": []
            },
            "Affordance": {
              "Static": [],
              "Dynamic": []
            },
            "HiddenBoxTrigger": {
              "Static": [],
              "Dynamic": []
            },
            "NarrowSpaceBoxTrigger": {
              "Static": [],
              "Dynamic": []
            },
            "WarpTrigger": {
              "Static": [],
              "Dynamic": []
            },
            "ActionMarker": {
              "Static": [],
              "Dynamic": []
            }
          },
          "SubLevelName": "Cave005_F01",
          "TeamId": "ETeamIdEditor::No",
          "GenerateFlags": 0,
          "OriginalPhysicsRadiusZ": 0.0,
          "LastNavPos": {
            "X": 275.98858642578125,
            "Y": 651.20166015625,
            "Z": 126.46287536621094
          },
          "CarcassFlags": 0,
          "RefOriginalGenID": -1
        }
      ]
    }
  ],
  "Extra": {
    "BlobOfData": "00000000020000000000000000000000000000000100000000000000",
    "ExInitialHeader": {
      "FMappedNameName": 0,
      "FMappedNameSource": 0,
      "PackageFlags": 2147483648,
      "CookedHeaderSize": 3416,
      "NameMapOffset": 64,
      "NameMapSize": 2144,
      "NameMapHashesOffset": 2208,
      "NameMapHashesSize": 1008,
      "ImportMapOffset": 3216,
      "ExportMapOffset": 3240,
      "ExportBundlesOffset": 3312,
      "GraphDataOffset": 3336,
      "GraphDataSize": 4
    },
    "ExNameMap": [
      "/Game/Carrot4/Maps/Madori/Cave/Cave005/Cave005_F01/ActorPlacementInfo/AP_Cave005_F01_P_Demo",
      "/Game/Carrot4/Placeables/Gimmicks/QuestAreaBox/GQuestAreaBox",
      "/Game/Carrot4/Placeables/Gimmicks/QuestAreaBox/GQuestAreaBox.GQuestAreaBox_C",
      "/Script/Carrot4",
      "/Script/CoreUObject",
      "ActionMarker",
      "ActivityTime",
      "ActorGenerator",
      "ActorGeneratorList",
      "ActorGlobalId",
      "ActorParameter",
      "ActorPlacementAppearanceCondition",
      "ActorPlacementCondition",
      "ActorPlacementInfoAsset",
      "ActorSerializeParameter",
      "ActorVersion",
      "Affordance",
      "AI",
      "AP_Cave005_F01_P_Demo",
      "ArrayProperty",
      "AssetVersion",
      "bEnableCorrectLocation",
      "bEnableInitializeLocation",
      "bIgnoreFullFillBirthCondWhenFirstAndNightTime",
      "BirthCond",
      "BirthDay",
      "bNoChkCondWhenDead",
      "bOnceWakeCond",
      "BoolProperty",
      "bSalvagedOtakaraIndices",
      "ByteProperty",
      "CakAudioTable",
      "CakEmitterConfig",
      "CakMultiplePosition",
      "CakSimpleState",
      "CakTrigger",
      "CarcassFlags",
      "CarriedActorInfo",
      "CarriedDay",
      "CarriedInfo",
      "Cave005_F01",
      "CharacterEdit",
      "CheckComp",
      "Class",
      "CurrNum",
      "DeadDay",
      "DebugUniqueId",
      "Default__ActorPlacementInfoAsset",
      "DemoTrigger",
      "DropActorInfo",
      "DropIndex",
      "DropOwnerDebugUniqueId",
      "Dynamic",
      "EActivityTime",
      "EActivityTime::Allday",
      "EExploreRateTargetType",
      "EExploreRateTargetType::None",
      "EGeneratorActorSaveFlag",
      "EGeneratorActorSaveFlag::FromAsset",
      "EnableSave",
      "EnumProperty",
      "EraseCond",
      "ERebirthType",
      "ERebirthType::NoRebirth",
      "ETeamIdEditor",
      "ETeamIdEditor::No",
      "ExpireDay",
      "ExpireProgress",
      "ExploreRateType",
      "FloatProperty",
      "GenerateActorInfo",
      "GenerateFlags",
      "GenerateInfo",
      "GenerateNum",
      "GenerateRadius",
      "GeneratorID",
      "GeneratorVersion",
      "Hash",
      "HiddenBoxTrigger",
      "InitializeInterval",
      "InitTransform",
      "IntProperty",
      "LastCarriedDay",
      "LastNavPos",
      "Life",
      "MyID",
      "NameProperty",
      "NarrowSpaceBoxTrigger",
      "NavMeshTrigger",
      "None",
      "OriginalPhysicsRadiusZ",
      "OutlineFolderPath",
      "Package",
      "Pikmin",
      "PopPlace",
      "PortalTrigger",
      "Quat",
      "RebirthActorInfo",
      "RebirthInfo",
      "RebirthInfoFlags",
      "RebirthInterval",
      "RebirthType",
      "RefID",
      "RefOriginalGenID",
      "Rotation",
      "SaveFlag",
      "Scale3D",
      "SerializeParam",
      "SleepCond",
      "SoftObjectProperty",
      "SoftRefActorClass",
      "Static",
      "Strategy",
      "StructProperty",
      "SubAI",
      "SubLevelName",
      "TeamId",
      "Transform",
      "Translation",
      "UInt32Property",
      "UInt64Property",
      "Vector",
      "WakeCond",
      "WarpTrigger",
      "WaterTrigger"
    ],
    "ExImports": [
      7699818445968994208,
      6809543636033933067,
      5298630410394656126
    ],
    "ExExports": [
      {
        "CookedSerialOffset": 3416,
        "CookedSerialSize": 5981,
        "ObjectName": "AP_Cave005_F01_P_Demo",
        "OuterIndex": 18446744073709551615,
        "ClassIndex": 6809543636033933067,
        "SuperIndex": 18446744073709551615,
        "GlobalImportIndex": 7699818445968994208,
        "PublicExportHash": 13436067923130586535,
        "UnknownFlags": 3
      }
    ],
    "FileReferences": [
      "/Game/Carrot4/Maps/Madori/Cave/Cave005/Cave005_F01/ActorPlacementInfo/AP_Cave005_F01_P_Demo",
      "AP_Cave005_F01_P_Demo"
    ]
  }
}