{
  "Content": [
    {
      "AssetList": [
        -7706963498302053784,
        -9050986126380554618,
        -5010676150578965081
      ]
    }
  ],
  "Extra": {
    "BlobOfData": "000000000200000000000000000000000000000001000000030000003462bfce5b7d9f23010000000000000000000000e1ea1f4e8053b53001000000000000000000000096a82977a6303197010000000000000000000000",
    "ExInitialHeader": {
      "FMappedNameName": 3,
      "FMappedNameSource": 3,
      "PackageFlags": 2147483648,
      "CookedHeaderSize": 1366,
      "NameMapOffset": 64,
      "NameMapSize": 656,
      "NameMapHashesOffset": 720,
      "NameMapHashesSize": 160,
      "ImportMapOffset": 880,
      "ExportMapOffset": 952,
      "ExportBundlesOffset": 1024,
      "GraphDataOffset": 1048,
      "GraphDataSize": 64
    },
    "ExNameMap": [
      "/Game/Carrot4/Maps/Madori/Cave/Cave005/Cave005_F01/ActorPlacementInfo/AP_Cave005_F01_P_Demo",
      "/Game/Carrot4/Maps/Madori/Cave/Cave005/Cave005_F01/ActorPlacementInfo/AP_Cave005_F01_P_Objects",
      "/Game/Carrot4/Maps/Madori/Cave/Cave005/Cave005_F01/ActorPlacementInfo/AP_Cave005_F01_P_Teki",
      "/Game/Carrot4/Maps/Madori/Cave/Cave005/Cave005_F01/ActorPlacementInfo/APL_Cave005_F01_P",
      "/Script/Carrot4",
      "/Script/CoreUObject",
      "ActorPlacementInfoAsset",
      "ActorPlacementInfoListAsset",
      "AP_Cave005_F01_P_Demo",
      "AP_Cave005_F01_P_Objects",
      "AP_Cave005_F01_P_Teki",
      "APL_Cave005_F01_P",
      "ArrayProperty",
      "AssetList",
      "Class",
      "Default__ActorPlacementInfoListAsset",
      "None",
      "ObjectProperty",
      "Package"
    ],
    "ExImports": [
      -5010676150578965081,
      -9050986126380554618,
      -7706963498302053784,
      6104969007828482806,
      7845125110740142718,
      -1,
      -1,
      -1,
      5298630410394656126
    ],
    "ExExports": [
      {
        "CookedSerialOffset": 1366,
        "CookedSerialSize": 61,
        "ObjectName": "APL_Cave005_F01_P",
        "OuterIndex": 18446744073709551615,
        "ClassIndex": 7845125110740142718,
        "SuperIndex": 18446744073709551615,
        "GlobalImportIndex": 6104969007828482806,
        "PublicExportHash": 9836525979726863117,
        "UnknownFlags": 3
      }
    ],
    "FileReferences": [
      "/Game/Carrot4/Maps/Madori/Cave/Cave005/Cave005_F01/ActorPlacementInfo/APL_Cave005_F01_P",
      "APL_Cave005_F01_P"
    ]
  }
}