[
  {
    "Type": "BlueprintGeneratedClass",
    "Name": "Cave005_F01_Teki_C",
    "Class": "UScriptClass'BlueprintGeneratedClass'",
    "SuperStruct": {
      "ObjectName": "Class'LevelScriptActor'",
      "ObjectPath": "/Script/Engine"
    },
    "ChildProperties": [
      {
        "Type": "Int64Property",
        "Name": "LatestSerialId",
        "Flags": "RF_Public | RF_LoadCompleted",
        "ElementSize": 8,
        "PropertyFlags": "Edit | BlueprintVisible | DisableEditOnInstance"
      }
    ],
    "ClassFlags": 8653332,
    "ClassWithin": {
      "ObjectName": "Class'Object'",
      "ObjectPath": "/Script/CoreUObject"
    },
    "ClassConfigName": "Engine",
    "bCooked": true,
    "ClassDefaultObject": {
      "ObjectName": "Cave005_F01_Teki_C'Default__Cave005_F01_Teki_C'",
      "ObjectPath": "/Game/Carrot4/Maps/Madori/Cave/Cave005/Cave005_F01/Sublevels/Cave005_F01_Teki.1"
    }
  },
  {
    "Type": "Cave005_F01_Teki_C",
    "Name": "Default__Cave005_F01_Teki_C",
    "Class": "BlueprintGeneratedClass'/Game/Carrot4/Maps/Madori/Cave/Cave005/Cave005_F01/Sublevels/Cave005_F01_Teki.Cave005_F01_Teki_C'",
    "Properties": {
      "LatestSerialId": 17
    }
  },
  {
    "Type": "AkComponent",
    "Name": "Ak",
    "Outer": "GKurione3",
    "Template": "Ak_GEN_VARIABLE",
    "Class": "UScriptClass'AkComponent'",
    "Properties": {
      "AttachParent": {
        "ObjectName": "CarrotSkeletalMeshComponent'Cave005_F01_Teki:PersistentLevel.GKurione3.CarrotSkeletalMesh'",
        "ObjectPath": "/Game/Carrot4/Maps/Madori/Cave/Cave005/Cave005_F01/Sublevels/Cave005_F01_Teki.32"
      },
      "UCSSerializationIndex": 0,
      "bNetAddressable": true,
      "CreationMethod": "EComponentCreationMethod::SimpleConstructionScript",
      "OnComponentActivated": {
        "InvocationList": [
          {
            "Object": {
              "ObjectName": "AkComponent'Cave005_F01_Teki:PersistentLevel.GKurione3.Ak'",
              "ObjectPath": "/Game/Carrot4/Maps/Madori/Cave/Cave005/Cave005_F01/Sublevels/Cave005_F01_Teki.2"
            },
            "FunctionName": "OnActivated"
          }
        ]
      },
      "OnComponentDeactivated": {
        "InvocationList": [
          {
            "Object": {
              "ObjectName": "AkComponent'Cave005_F01_Teki:PersistentLevel.GKurione3.Ak'",
              "ObjectPath": "/Game/Carrot4/Maps/Madori/Cave/Cave005/Cave005_F01/Sublevels/Cave005_F01_Teki.2"
            },
            "FunctionName": "OnDeactivated"
          }
        ]
      }
    }
  },
  {
    "Type": "AkComponent",
    "Name": "Ak",
    "Outer": "GKurione4",
    "Template": "Ak_GEN_VARIABLE",
    "Class": "UScriptClass'AkComponent'",
    "Properties": {
      "AttachParent": {
        "ObjectName": "CarrotSkeletalMeshComponent'Cave005_F01_Teki:PersistentLevel.GKurione4.CarrotSkeletalMesh'",
        "ObjectPath": "/Game/Carrot4/Maps/Madori/Cave/Cave005/Cave005_F01/Sublevels/Cave005_F01_Teki.34"
      },
      "UCSSerializationIndex": 0,
      "bNetAddressable": true,
      "CreationMethod": "EComponentCreationMethod::SimpleConstructionScript",
      "OnComponentActivated": {
        "InvocationList": [
          {
            "Object": {
              "ObjectName": "AkComponent'Cave005_F01_Teki:PersistentLevel.GKurione4.Ak'",
              "ObjectPath": "/Game/Carrot4/Maps/Madori/Cave/Cave005/Cave005_F01/Sublevels/Cave005_F01_Teki.3"
            },
            "FunctionName": "OnActivated"
          }
        ]
      },
      "OnComponentDeactivated": {
        "InvocationList": [
          {
            "Object": {
              "ObjectName": "AkComponent'Cave005_F01_Teki:PersistentLevel.GKurione4.Ak'",
              "ObjectPath": "/Game/Carrot4/Maps/Madori/Cave/Cave005/Cave005_F01/Sublevels/Cave005_F01_Teki.3"
            },
            "FunctionName": "OnDeactivated"
          }
        ]
      }
    }
  },
  {
    "Type": "AkComponent",
    "Name": "Ak",
    "Outer": "GKurione6",
    "Template": "Ak_GEN_VARIABLE",
    "Class": "UScriptClass'AkComponent'",
    "Properties": {
      "AttachParent": {
        "ObjectName": "CarrotSkeletalMeshComponent'Cave005_F01_Teki:PersistentLevel.GKurione6.CarrotSkeletalMesh'",
        "ObjectPath": "/Game/Carrot4/Maps/Madori/Cave/Cave005/Cave005_F01/Sublevels/Cave005_F01_Teki.36"
      },
      "UCSSerializationIndex": 0,
      "bNetAddressable": true,
      "CreationMethod": "EComponentCreationMethod::SimpleConstructionScript",
      "OnComponentActivated": {
        "InvocationList": [
          {
            "Object": {
              "ObjectName": "AkComponent'Cave005_F01_Teki:PersistentLevel.GKurione6.Ak'",
              "ObjectPath": "/Game/Carrot4/Maps/Madori/Cave/Cave005/Cave005_F01/Sublevels/Cave005_F01_Teki.4"
            },
            "FunctionName": "OnActivated"
          }
        ]
      },
      "OnComponentDeactivated": {
        "InvocationList": [
          {
            "Object": {
              "ObjectName": "AkComponent'Cave005_F01_Teki:PersistentLevel.GKurione6.Ak'",
              "ObjectPath": "/Game/Carrot4/Maps/Madori/Cave/Cave005/Cave005_F01/Sublevels/Cave005_F01_Teki.4"
            },
            "FunctionName": "OnDeactivated"
          }
        ]
      }
    }
  },
  {
    "Type": "AttackAffordanceComponent",
    "Name": "AttackAffordance",
    "Outer": "GKurione3",
    "Template": "AttackAffordance_GEN_VARIABLE",
    "Class": "UScriptClass'AttackAffordanceComponent'",
    "Properties": {
      "UCSSerializationIndex": 0,
      "bNetAddressable": true,
      "CreationMethod": "EComponentCreationMethod::SimpleConstructionScript"
    }
  },
  {
    "Type": "AttackAffordanceComponent",
    "Name": "AttackAffordance",
    "Outer": "GKurione4",
    "Template": "AttackAffordance_GEN_VARIABLE",
    "Class": "UScriptClass'AttackAffordanceComponent'",
    "Properties": {
      "UCSSerializationIndex": 0,
      "bNetAddressable": true,
      "CreationMethod": "EComponentCreationMethod::SimpleConstructionScript"
    }
  },
  {
    "Type": "AttackAffordanceComponent",
    "Name": "AttackAffordance",
    "Outer": "GKurione6",
    "Template": "AttackAffordance_GEN_VARIABLE",
    "Class": "UScriptClass'AttackAffordanceComponent'",
    "Properties": {
      "UCSSerializationIndex": 0,
      "bNetAddressable": true,
      "CreationMethod": "EComponentCreationMethod::SimpleConstructionScript"
    }
  },
  {
    "Type": "C4StickComponent",
    "Name": "C4Stick",
    "Outer": "GKurione3",
    "Template": "C4Stick_GEN_VARIABLE",
    "Class": "UScriptClass'C4StickComponent'",
    "Properties": {
      "UCSSerializationIndex": 0,
      "bNetAddressable": true,
      "CreationMethod": "EComponentCreationMethod::SimpleConstructionScript"
    }
  },
  {
    "Type": "C4StickComponent",
    "Name": "C4Stick",
    "Outer": "GKurione4",
    "Template": "C4Stick_GEN_VARIABLE",
    "Class": "UScriptClass'C4StickComponent'",
    "Properties": {
      "UCSSerializationIndex": 0,
      "bNetAddressable": true,
      "CreationMethod": "EComponentCreationMethod::SimpleConstructionScript"
    }
  },
  {
    "Type": "C4StickComponent",
    "Name": "C4Stick",
    "Outer": "GKurione6",
    "Template": "C4Stick_GEN_VARIABLE",
    "Class": "UScriptClass'C4StickComponent'",
    "Properties": {
      "UCSSerializationIndex": 0,
      "bNetAddressable": true,
      "CreationMethod": "EComponentCreationMethod::SimpleConstructionScript"
    }
  },
  {
    "Type": "CakAudioFlagComponent",
    "Name": "CakAudioFlag",
    "Outer": "GKurione3",
    "Template": "CakAudioFlag_GEN_VARIABLE",
    "Class": "UScriptClass'CakAudioFlagComponent'",
    "Properties": {
      "UCSSerializationIndex": 0,
      "bNetAddressable": true,
      "CreationMethod": "EComponentCreationMethod::SimpleConstructionScript"
    }
  },
  {
    "Type": "CakAudioFlagComponent",
    "Name": "CakAudioFlag",
    "Outer": "GKurione4",
    "Template": "CakAudioFlag_GEN_VARIABLE",
    "Class": "UScriptClass'CakAudioFlagComponent'",
    "Properties": {
      "UCSSerializationIndex": 0,
      "bNetAddressable": true,
      "CreationMethod": "EComponentCreationMethod::SimpleConstructionScript"
    }
  },
  {
    "Type": "CakAudioFlagComponent",
    "Name": "CakAudioFlag",
    "Outer": "GKurione6",
    "Template": "CakAudioFlag_GEN_VARIABLE",
    "Class": "UScriptClass'CakAudioFlagComponent'",
    "Properties": {
      "UCSSerializationIndex": 0,
      "bNetAddressable": true,
      "CreationMethod": "EComponentCreationMethod::SimpleConstructionScript"
    }
  },
  {
    "Type": "CakAudioTableComponent",
    "Name": "CakAudioTable",
    "Outer": "GKurione3",
    "Template": "CakAudioTable_GEN_VARIABLE",
    "Class": "UScriptClass'CakAudioTableComponent'",
    "Properties": {
      "UCSSerializationIndex": 0,
      "bNetAddressable": true,
      "CreationMethod": "EComponentCreationMethod::SimpleConstructionScript"
    }
  },
  {
    "Type": "CakAudioTableComponent",
    "Name": "CakAudioTable",
    "Outer": "GKurione4",
    "Template": "CakAudioTable_GEN_VARIABLE",
    "Class": "UScriptClass'CakAudioTableComponent'",
    "Properties": {
      "UCSSerializationIndex": 0,
      "bNetAddressable": true,
      "CreationMethod": "EComponentCreationMethod::SimpleConstructionScript"
    }
  },
  {
    "Type": "CakAudioTableComponent",
    "Name": "CakAudioTable",
    "Outer": "GKurione6",
    "Template": "CakAudioTable_GEN_VARIABLE",
    "Class": "UScriptClass'CakAudioTableComponent'",
    "Properties": {
      "UCSSerializationIndex": 0,
      "bNetAddressable": true,
      "CreationMethod": "EComponentCreationMethod::SimpleConstructionScript"
    }
  },
  {
    "Type": "CakEmitterConfigComponent",
    "Name": "CakEmitterConfig",
    "Outer": "GKurione3",
    "Template": "CakEmitterConfig_GEN_VARIABLE",
    "Class": "UScriptClass'CakEmitterConfigComponent'",
    "Properties": {
      "UCSSerializationIndex": 0,
      "bNetAddressable": true,
      "CreationMethod": "EComponentCreationMethod::SimpleConstructionScript"
    }
  },
  {
    "Type": "CakEmitterConfigComponent",
    "Name": "CakEmitterConfig",
    "Outer": "GKurione4",
    "Template": "CakEmitterConfig_GEN_VARIABLE",
    "Class": "UScriptClass'CakEmitterConfigComponent'",
    "Properties": {
      "UCSSerializationIndex": 0,
      "bNetAddressable": true,
      "CreationMethod": "EComponentCreationMethod::SimpleConstructionScript"
    }
  },
  {
    "Type": "CakEmitterConfigComponent",
    "Name": "CakEmitterConfig",
    "Outer": "GKurione6",
    "Template": "CakEmitterConfig_GEN_VARIABLE",
    "Class": "UScriptClass'CakEmitterConfigComponent'",
    "Properties": {
      "UCSSerializationIndex": 0,
      "bNetAddressable": true,
      "CreationMethod": "EComponentCreationMethod::SimpleConstructionScript"
    }
  },
  {
    "Type": "CakEventHandlerComponent",
    "Name": "CakEventHandler",
    "Outer": "GKurione3",
    "Template": "CakEventHandler_GEN_VARIABLE",
    "Class": "UScriptClass'CakEventHandlerComponent'",
    "Properties": {
      "StaticUnits": [
        {
          "ObjectName": "CakSinkRatioControlUnit'Cave005_F01_Teki:PersistentLevel.GKurione3.CakEventHandler.CakSinkRatioControlUnit_1'",
          "ObjectPath": "/Game/Carrot4/Maps/Madori/Cave/Cave005/Cave005_F01/Sublevels/Cave005_F01_Teki.23"
        },
        {
          "ObjectName": "CakTerrainSwitchingUnit'Cave005_F01_Teki:PersistentLevel.GKurione3.CakEventHandler.CakTerrainSwitchingUnit_1'",
          "ObjectPath": "/Game/Carrot4/Maps/Madori/Cave/Cave005/Cave005_F01/Sublevels/Cave005_F01_Teki.26"
        }
      ],
      "UCSSerializationIndex": 0,
      "bNetAddressable": true,
      "CreationMethod": "EComponentCreationMethod::SimpleConstructionScript"
    }
  },
  {
    "Type": "CakEventHandlerComponent",
    "Name": "CakEventHandler",
    "Outer": "GKurione4",
    "Template": "CakEventHandler_GEN_VARIABLE",
    "Class": "UScriptClass'CakEventHandlerComponent'",
    "Properties": {
      "StaticUnits": [
        {
          "ObjectName": "CakSinkRatioControlUnit'Cave005_F01_Teki:PersistentLevel.GKurione4.CakEventHandler.CakSinkRatioControlUnit_1'",
          "ObjectPath": "/Game/Carrot4/Maps/Madori/Cave/Cave005/Cave005_F01/Sublevels/Cave005_F01_Teki.24"
        },
        {
          "ObjectName": "CakTerrainSwitchingUnit'Cave005_F01_Teki:PersistentLevel.GKurione4.CakEventHandler.CakTerrainSwitchingUnit_1'",
          "ObjectPath": "/Game/Carrot4/Maps/Madori/Cave/Cave005/Cave005_F01/Sublevels/Cave005_F01_Teki.27"
        }
      ],
      "UCSSerializationIndex": 0,
      "bNetAddressable": true,
      "CreationMethod": "EComponentCreationMethod::SimpleConstructionScript"
    }
  },
  {
    "Type": "CakEventHandlerComponent",
    "Name": "CakEventHandler",
    "Outer": "GKurione6",
    "Template": "CakEventHandler_GEN_VARIABLE",
    "Class": "UScriptClass'CakEventHandlerComponent'",
    "Properties": {
      "StaticUnits": [
        {
          "ObjectName": "CakSinkRatioControlUnit'Cave005_F01_Teki:PersistentLevel.GKurione6.CakEventHandler.CakSinkRatioControlUnit_1'",
          "ObjectPath": "/Game/Carrot4/Maps/Madori/Cave/Cave005/Cave005_F01/Sublevels/Cave005_F01_Teki.25"
        },
        {
          "ObjectName": "CakTerrainSwitchingUnit'Cave005_F01_Teki:PersistentLevel.GKurione6.CakEventHandler.CakTerrainSwitchingUnit_1'",
          "ObjectPath": "/Game/Carrot4/Maps/Madori/Cave/Cave005/Cave005_F01/Sublevels/Cave005_F01_Teki.28"
        }
      ],
      "UCSSerializationIndex": 0,
      "bNetAddressable": true,
      "CreationMethod": "EComponentCreationMethod::SimpleConstructionScript"
    }
  },
  {
    "Type": "CakSinkRatioControlUnit",
    "Name": "CakSinkRatioControlUnit_1",
    "Outer": "CakEventHandler",
    "Template": "CakSinkRatioControlUnit_1",
    "Class": "UScriptClass'CakSinkRatioControlUnit'"
  },
  {
    "Type": "CakSinkRatioControlUnit",
    "Name": "CakSinkRatioControlUnit_1",
    "Outer": "CakEventHandler",
    "Template": "CakSinkRatioControlUnit_1",
    "Class": "UScriptClass'CakSinkRatioControlUnit'"
  },
  {
    "Type": "CakSinkRatioControlUnit",
    "Name": "CakSinkRatioControlUnit_1",
    "Outer": "CakEventHandler",
    "Template": "CakSinkRatioControlUnit_1",
    "Class": "UScriptClass'CakSinkRatioControlUnit'"
  },
  {
    "Type": "CakTerrainSwitchingUnit",
    "Name": "CakTerrainSwitchingUnit_1",
    "Outer": "CakEventHandler",
    "Template": "CakTerrainSwitchingUnit_1",
    "Class": "UScriptClass'CakTerrainSwitchingUnit'"
  },
  {
    "Type": "CakTerrainSwitchingUnit",
    "Name": "CakTerrainSwitchingUnit_1",
    "Outer": "CakEventHandler",
    "Template": "CakTerrainSwitchingUnit_1",
    "Class": "UScriptClass'CakTerrainSwitchingUnit'"
  },
  {
    "Type": "CakTerrainSwitchingUnit",
    "Name": "CakTerrainSwitchingUnit_1",
    "Outer": "CakEventHandler",
    "Template": "CakTerrainSwitchingUnit_1",
    "Class": "UScriptClass'CakTerrainSwitchingUnit'"
  },
  {
    "Type": "CarrotMoveComponent",
    "Name": "CarrotMove",
    "Outer": "GKurione3",
    "Template": "CarrotMove_GEN_VARIABLE",
    "Class": "UScriptClass'CarrotMoveComponent'",
    "Properties": {
      "UCSSerializationIndex": 0,
      "bNetAddressable": true,
      "CreationMethod": "EComponentCreationMethod::SimpleConstructionScript"
    }
  },
  {
    "Type": "CarrotMoveComponent",
    "Name": "CarrotMove",
    "Outer": "GKurione4",
    "Template": "CarrotMove_GEN_VARIABLE",
    "Class": "UScriptClass'CarrotMoveComponent'",
    "Properties": {
      "UCSSerializationIndex": 0,
      "bNetAddressable": true,
      "CreationMethod": "EComponentCreationMethod::SimpleConstructionScript"
    }
  },
  {
    "Type": "CarrotMoveComponent",
    "Name": "CarrotMove",
    "Outer": "GKurione6",
    "Template": "CarrotMove_GEN_VARIABLE",
    "Class": "UScriptClass'CarrotMoveComponent'",
    "Properties": {
      "UCSSerializationIndex": 0,
      "bNetAddressable": true,
      "CreationMethod": "EComponentCreationMethod::SimpleConstructionScript"
    }
  },
  {
    "Type": "CarrotSkeletalMeshComponent",
    "Name": "CarrotSkeletalMesh",
    "Outer": "GKurione3",
    "Template": "CarrotSkeletalMesh_GEN_VARIABLE",
    "Class": "UScriptClass'CarrotSkeletalMeshComponent'",
    "Properties": {
      "bC4UseDistanceLOD": true,
      "AttachParent": {
        "ObjectName": "SphereComponent'Cave005_F01_Teki:PersistentLevel.GKurione3.Sphere'",
        "ObjectPath": "/Game/Carrot4/Maps/Madori/Cave/Cave005/Cave005_F01/Sublevels/Cave005_F01_Teki.66"
      },
      "UCSSerializationIndex": 0,
      "bNetAddressable": true,
      "CreationMethod": "EComponentCreationMethod::SimpleConstructionScript",
      "UCSModifiedProperties": [
        {
          "MemberParent": {
            "ObjectName": "Class'SkinnedMeshComponent'",
            "ObjectPath": "/Script/Engine"
          },
          "MemberName": "bC4UseDistanceLOD",
          "MemberGuid": "00000000-00000000-00000000-00000000"
        }
      ]
    }
  },
  {
    "Type": "CarrotSkeletalMeshComponent",
    "Name": "ShadowMesh",
    "Outer": "GKurione3",
    "Template": "ShadowMesh_GEN_VARIABLE",
    "Class": "UScriptClass'CarrotSkeletalMeshComponent'",
    "Properties": {
      "MasterPoseComponent": {
        "ObjectName": "CarrotSkeletalMeshComponent'Cave005_F01_Teki:PersistentLevel.GKurione3.CarrotSkeletalMesh'",
        "ObjectPath": "/Game/Carrot4/Maps/Madori/Cave/Cave005/Cave005_F01/Sublevels/Cave005_F01_Teki.32"
      },
      "bC4UseDistanceLOD": true,
      "AttachParent": {
        "ObjectName": "CarrotSkeletalMeshComponent'Cave005_F01_Teki:PersistentLevel.GKurione3.CarrotSkeletalMesh'",
        "ObjectPath": "/Game/Carrot4/Maps/Madori/Cave/Cave005/Cave005_F01/Sublevels/Cave005_F01_Teki.32"
      },
      "PrimaryComponentTick": {
        "EndTickGroup": "TG_PostPhysics"
      },
      "UCSSerializationIndex": 0,
      "bNetAddressable": true,
      "CreationMethod": "EComponentCreationMethod::SimpleConstructionScript",
      "UCSModifiedProperties": [
        {
          "MemberParent": {
            "ObjectName": "Class'SkinnedMeshComponent'",
            "ObjectPath": "/Script/Engine"
          },
          "MemberName": "bC4UseDistanceLOD",
          "MemberGuid": "00000000-00000000-00000000-00000000"
        }
      ]
    }
  },
  {
    "Type": "CarrotSkeletalMeshComponent",
    "Name": "CarrotSkeletalMesh",
    "Outer": "GKurione4",
    "Template": "CarrotSkeletalMesh_GEN_VARIABLE",
    "Class": "UScriptClass'CarrotSkeletalMeshComponent'",
    "Properties": {
      "bC4UseDistanceLOD": true,
      "AttachParent": {
        "ObjectName": "SphereComponent'Cave005_F01_Teki:PersistentLevel.GKurione4.Sphere'",
        "ObjectPath": "/Game/Carrot4/Maps/Madori/Cave/Cave005/Cave005_F01/Sublevels/Cave005_F01_Teki.69"
      },
      "UCSSerializationIndex": 0,
      "bNetAddressable": true,
      "CreationMethod": "EComponentCreationMethod::SimpleConstructionScript",
      "UCSModifiedProperties": [
        {
          "MemberParent": {
            "ObjectName": "Class'SkinnedMeshComponent'",
            "ObjectPath": "/Script/Engine"
          },
          "MemberName": "bC4UseDistanceLOD",
          "MemberGuid": "00000000-00000000-00000000-00000000"
        }
      ]
    }
  },
  {
    "Type": "CarrotSkeletalMeshComponent",
    "Name": "ShadowMesh",
    "Outer": "GKurione4",
    "Template": "ShadowMesh_GEN_VARIABLE",
    "Class": "UScriptClass'CarrotSkeletalMeshComponent'",
    "Properties": {
      "MasterPoseComponent": {
        "ObjectName": "CarrotSkeletalMeshComponent'Cave005_F01_Teki:PersistentLevel.GKurione4.CarrotSkeletalMesh'",
        "ObjectPath": "/Game/Carrot4/Maps/Madori/Cave/Cave005/Cave005_F01/Sublevels/Cave005_F01_Teki.34"
      },
      "bC4UseDistanceLOD": true,
      "AttachParent": {
        "ObjectName": "CarrotSkeletalMeshComponent'Cave005_F01_Teki:PersistentLevel.GKurione4.CarrotSkeletalMesh'",
        "ObjectPath": "/Game/Carrot4/Maps/Madori/Cave/Cave005/Cave005_F01/Sublevels/Cave005_F01_Teki.34"
      },
      "PrimaryComponentTick": {
        "EndTickGroup": "TG_PostPhysics"
      },
      "UCSSerializationIndex": 0,
      "bNetAddressable": true,
      "CreationMethod": "EComponentCreationMethod::SimpleConstructionScript",
      "UCSModifiedProperties": [
        {
          "MemberParent": {
            "ObjectName": "Class'SkinnedMeshComponent'",
            "ObjectPath": "/Script/Engine"
          },
          "MemberName": "bC4UseDistanceLOD",
          "MemberGuid": "00000000-00000000-00000000-00000000"
        }
      ]
    }
  },
  {
    "Type": "CarrotSkeletalMeshComponent",
    "Name": "CarrotSkeletalMesh",
    "Outer": "GKurione6",
    "Template": "CarrotSkeletalMesh_GEN_VARIABLE",
    "Class": "UScriptClass'CarrotSkeletalMeshComponent'",
    "Properties": {
      "bC4UseDistanceLOD": true,
      "AttachParent": {
        "ObjectName": "SphereComponent'Cave005_F01_Teki:PersistentLevel.GKurione6.Sphere'",
        "ObjectPath": "/Game/Carrot4/Maps/Madori/Cave/Cave005/Cave005_F01/Sublevels/Cave005_F01_Teki.72"
      },
      "UCSSerializationIndex": 0,
      "bNetAddressable": true,
      "CreationMethod": "EComponentCreationMethod::SimpleConstructionScript",
      "UCSModifiedProperties": [
        {
          "MemberParent": {
            "ObjectName": "Class'SkinnedMeshComponent'",
            "ObjectPath": "/Script/Engine"
          },
          "MemberName": "bC4UseDistanceLOD",
          "MemberGuid": "00000000-00000000-00000000-00000000"
        }
      ]
    }
  },
  {
    "Type": "CarrotSkeletalMeshComponent",
    "Name": "ShadowMesh",
    "Outer": "GKurione6",
    "Template": "ShadowMesh_GEN_VARIABLE",
    "Class": "UScriptClass'CarrotSkeletalMeshComponent'",
    "Properties": {
      "MasterPoseComponent": {
        "ObjectName": "CarrotSkeletalMeshComponent'Cave005_F01_Teki:PersistentLevel.GKurione6.CarrotSkeletalMesh'",
        "ObjectPath": "/Game/Carrot4/Maps/Madori/Cave/Cave005/Cave005_F01/Sublevels/Cave005_F01_Teki.36"
      },
      "bC4UseDistanceLOD": true,
      "AttachParent": {
        "ObjectName": "CarrotSkeletalMeshComponent'Cave005_F01_Teki:PersistentLevel.GKurione6.CarrotSkeletalMesh'",
        "ObjectPath": "/Game/Carrot4/Maps/Madori/Cave/Cave005/Cave005_F01/Sublevels/Cave005_F01_Teki.36"
      },
      "PrimaryComponentTick": {
        "EndTickGroup": "TG_PostPhysics"
      },
      "UCSSerializationIndex": 0,
      "bNetAddressable": true,
      "CreationMethod": "EComponentCreationMethod::SimpleConstructionScript",
      "UCSModifiedProperties": [
        {
          "MemberParent": {
            "ObjectName": "Class'SkinnedMeshComponent'",
            "ObjectPath": "/Script/Engine"
          },
          "MemberName": "bC4UseDistanceLOD",
          "MemberGuid": "00000000-00000000-00000000-00000000"
        }
      ]
    }
  },
  {
    "Type": "Cave005_F01_Teki_C",
    "Name": "Cave005_F01_Teki_C_1",
    "Outer": "PersistentLevel",
    "Template": "Default__Cave005_F01_Teki_C",
    "Class": "BlueprintGeneratedClass'/Game/Carrot4/Maps/Madori/Cave/Cave005/Cave005_F01/Sublevels/Cave005_F01_Teki.Cave005_F01_Teki_C'"
  },
  {
    "Type": "CollTreeComponent",
    "Name": "CollTree",
    "Outer": "GKurione3",
    "Template": "CollTree_GEN_VARIABLE",
    "Class": "UScriptClass'CollTreeComponent'",
    "Properties": {
      "UCSSerializationIndex": 0,
      "bNetAddressable": true,
      "CreationMethod": "EComponentCreationMethod::SimpleConstructionScript"
    }
  },
  {
    "Type": "CollTreeComponent",
    "Name": "CollTree",
    "Outer": "GKurione4",
    "Template": "CollTree_GEN_VARIABLE",
    "Class": "UScriptClass'CollTreeComponent'",
    "Properties": {
      "UCSSerializationIndex": 0,
      "bNetAddressable": true,
      "CreationMethod": "EComponentCreationMethod::SimpleConstructionScript"
    }
  },
  {
    "Type": "CollTreeComponent",
    "Name": "CollTree",
    "Outer": "GKurione6",
    "Template": "CollTree_GEN_VARIABLE",
    "Class": "UScriptClass'CollTreeComponent'",
    "Properties": {
      "UCSSerializationIndex": 0,
      "bNetAddressable": true,
      "CreationMethod": "EComponentCreationMethod::SimpleConstructionScript"
    }
  },
  {
    "Type": "GGroupDropManager_C",
    "Name": "GGroupDropManager2",
    "Outer": "PersistentLevel",
    "Template": "Default__GGroupDropManager_C",
    "Class": "BlueprintGeneratedClass'/Game/Carrot4/Placeables/Gimmicks/GroupDropManager/GGroupDropManager.GGroupDropManager_C'",
    "Properties": {
      "GroupDropManager": {
        "ObjectName": "GroupDropManagerComponent'Cave005_F01_Teki:PersistentLevel.GGroupDropManager2.GroupDropManager'",
        "ObjectPath": "/Game/Carrot4/Maps/Madori/Cave/Cave005/Cave005_F01/Sublevels/Cave005_F01_Teki.47"
      },
      "DefaultSceneRoot": {
        "ObjectName": "SceneComponent'Cave005_F01_Teki:PersistentLevel.GGroupDropManager2.DefaultSceneRoot'",
        "ObjectPath": "/Game/Carrot4/Maps/Madori/Cave/Cave005/Cave005_F01/Sublevels/Cave005_F01_Teki.62"
      },
      "GenerateInfo": {
        "DebugUniqueId": 4613094497117536258
      },
      "RootComponent": {
        "ObjectName": "SceneComponent'Cave005_F01_Teki:PersistentLevel.GGroupDropManager2.DefaultSceneRoot'",
        "ObjectPath": "/Game/Carrot4/Maps/Madori/Cave/Cave005/Cave005_F01/Sublevels/Cave005_F01_Teki.62"
      },
      "BlueprintCreatedComponents": [
        {
          "ObjectName": "SceneComponent'Cave005_F01_Teki:PersistentLevel.GGroupDropManager2.DefaultSceneRoot'",
          "ObjectPath": "/Game/Carrot4/Maps/Madori/Cave/Cave005/Cave005_F01/Sublevels/Cave005_F01_Teki.62"
        },
        {
          "ObjectName": "GroupDropManagerComponent'Cave005_F01_Teki:PersistentLevel.GGroupDropManager2.GroupDropManager'",
          "ObjectPath": "/Game/Carrot4/Maps/Madori/Cave/Cave005/Cave005_F01/Sublevels/Cave005_F01_Teki.47"
        }
      ]
    }
  },
  {
    "Type": "GGroupDropManager_C",
    "Name": "GGroupDropManager_2",
    "Outer": "PersistentLevel",
    "Template": "Default__GGroupDropManager_C",
    "Class": "BlueprintGeneratedClass'/Game/Carrot4/Placeables/Gimmicks/GroupDropManager/GGroupDropManager.GGroupDropManager_C'",
    "Properties": {
      "GroupDropManager": {
        "ObjectName": "GroupDropManagerComponent'Cave005_F01_Teki:PersistentLevel.GGroupDropManager_2.GroupDropManager'",
        "ObjectPath": "/Game/Carrot4/Maps/Madori/Cave/Cave005/Cave005_F01/Sublevels/Cave005_F01_Teki.48"
      },
      "DefaultSceneRoot": {
        "ObjectName": "SceneComponent'Cave005_F01_Teki:PersistentLevel.GGroupDropManager_2.DefaultSceneRoot'",
        "ObjectPath": "/Game/Carrot4/Maps/Madori/Cave/Cave005/Cave005_F01/Sublevels/Cave005_F01_Teki.63"
      },
      "GenerateInfo": {
        "DebugUniqueId": 4294967297
      },
      "RootComponent": {
        "ObjectName": "SceneComponent'Cave005_F01_Teki:PersistentLevel.GGroupDropManager_2.DefaultSceneRoot'",
        "ObjectPath": "/Game/Carrot4/Maps/Madori/Cave/Cave005/Cave005_F01/Sublevels/Cave005_F01_Teki.63"
      },
      "BlueprintCreatedComponents": [
        {
          "ObjectName": "SceneComponent'Cave005_F01_Teki:PersistentLevel.GGroupDropManager_2.DefaultSceneRoot'",
          "ObjectPath": "/Game/Carrot4/Maps/Madori/Cave/Cave005/Cave005_F01/Sublevels/Cave005_F01_Teki.63"
        },
        {
          "ObjectName": "GroupDropManagerComponent'Cave005_F01_Teki:PersistentLevel.GGroupDropManager_2.GroupDropManager'",
          "ObjectPath": "/Game/Carrot4/Maps/Madori/Cave/Cave005/Cave005_F01/Sublevels/Cave005_F01_Teki.48"
        }
      ]
    }
  },
  {
    "Type": "GKurione_C",
    "Name": "GKurione3",
    "Outer": "PersistentLevel",
    "Template": "Default__GKurione_C",
    "Class": "BlueprintGeneratedClass'/Game/Carrot4/Placeables/Teki/GKurione.GKurione_C'",
    "Properties": {
      "ShadowMesh": {
        "ObjectName": "CarrotSkeletalMeshComponent'Cave005_F01_Teki:PersistentLevel.GKurione3.ShadowMesh'",
        "ObjectPath": "/Game/Carrot4/Maps/Madori/Cave/Cave005/Cave005_F01/Sublevels/Cave005_F01_Teki.33"
      },
      "CakAudioFlag": {
        "ObjectName": "CakAudioFlagComponent'Cave005_F01_Teki:PersistentLevel.GKurione3.CakAudioFlag'",
        "ObjectPath": "/Game/Carrot4/Maps/Madori/Cave/Cave005/Cave005_F01/Sublevels/Cave005_F01_Teki.11"
      },
      "CollTree_Body": {
        "ObjectName": "SphereComponent'Cave005_F01_Teki:PersistentLevel.GKurione3.CollTree_Body'",
        "ObjectPath": "/Game/Carrot4/Maps/Madori/Cave/Cave005/Cave005_F01/Sublevels/Cave005_F01_Teki.64"
      },
      "Colltree_Egg": {
        "ObjectName": "SphereComponent'Cave005_F01_Teki:PersistentLevel.GKurione3.Colltree_Egg'",
        "ObjectPath": "/Game/Carrot4/Maps/Madori/Cave/Cave005/Cave005_F01/Sublevels/Cave005_F01_Teki.65"
      },
      "TerrainSensor": {
        "ObjectName": "TerrainSensorComponent'Cave005_F01_Teki:PersistentLevel.GKurione3.TerrainSensor'",
        "ObjectPath": "/Game/Carrot4/Maps/Madori/Cave/Cave005/Cave005_F01/Sublevels/Cave005_F01_Teki.73"
      },
      "KurioneAI": {
        "ObjectName": "KurioneAIComponent'Cave005_F01_Teki:PersistentLevel.GKurione3.KurioneAI'",
        "ObjectPath": "/Game/Carrot4/Maps/Madori/Cave/Cave005/Cave005_F01/Sublevels/Cave005_F01_Teki.49"
      },
      "AttackAffordance": {
        "ObjectName": "AttackAffordanceComponent'Cave005_F01_Teki:PersistentLevel.GKurione3.AttackAffordance'",
        "ObjectPath": "/Game/Carrot4/Maps/Madori/Cave/Cave005/Cave005_F01/Sublevels/Cave005_F01_Teki.5"
      },
      "CarrotMove": {
        "ObjectName": "CarrotMoveComponent'Cave005_F01_Teki:PersistentLevel.GKurione3.CarrotMove'",
        "ObjectPath": "/Game/Carrot4/Maps/Madori/Cave/Cave005/Cave005_F01/Sublevels/Cave005_F01_Teki.29"
      },
      "Ak": {
        "ObjectName": "AkComponent'Cave005_F01_Teki:PersistentLevel.GKurione3.Ak'",
        "ObjectPath": "/Game/Carrot4/Maps/Madori/Cave/Cave005/Cave005_F01/Sublevels/Cave005_F01_Teki.2"
      },
      "C4Stick": {
        "ObjectName": "C4StickComponent'Cave005_F01_Teki:PersistentLevel.GKurione3.C4Stick'",
        "ObjectPath": "/Game/Carrot4/Maps/Madori/Cave/Cave005/Cave005_F01/Sublevels/Cave005_F01_Teki.8"
      },
      "Life": {
        "ObjectName": "LifeComponent'Cave005_F01_Teki:PersistentLevel.GKurione3.Life'",
        "ObjectPath": "/Game/Carrot4/Maps/Madori/Cave/Cave005/Cave005_F01/Sublevels/Cave005_F01_Teki.53"
      },
      "CakAudioTable": {
        "ObjectName": "CakAudioTableComponent'Cave005_F01_Teki:PersistentLevel.GKurione3.CakAudioTable'",
        "ObjectPath": "/Game/Carrot4/Maps/Madori/Cave/Cave005/Cave005_F01/Sublevels/Cave005_F01_Teki.14"
      },
      "CakEmitterConfig": {
        "ObjectName": "CakEmitterConfigComponent'Cave005_F01_Teki:PersistentLevel.GKurione3.CakEmitterConfig'",
        "ObjectPath": "/Game/Carrot4/Maps/Madori/Cave/Cave005/Cave005_F01/Sublevels/Cave005_F01_Teki.17"
      },
      "CakEventHandler": {
        "ObjectName": "CakEventHandlerComponent'Cave005_F01_Teki:PersistentLevel.GKurione3.CakEventHandler'",
        "ObjectPath": "/Game/Carrot4/Maps/Madori/Cave/Cave005/Cave005_F01/Sublevels/Cave005_F01_Teki.20"
      },
      "PointerAssist": {
        "ObjectName": "PointerAssistComponent'Cave005_F01_Teki:PersistentLevel.GKurione3.PointerAssist'",
        "ObjectPath": "/Game/Carrot4/Maps/Madori/Cave/Cave005/Cave005_F01/Sublevels/Cave005_F01_Teki.59"
      },
      "CollTree": {
        "ObjectName": "CollTreeComponent'Cave005_F01_Teki:PersistentLevel.GKurione3.CollTree'",
        "ObjectPath": "/Game/Carrot4/Maps/Madori/Cave/Cave005/Cave005_F01/Sublevels/Cave005_F01_Teki.39"
      },
      "CarrotSkeletalMesh": {
        "ObjectName": "CarrotSkeletalMeshComponent'Cave005_F01_Teki:PersistentLevel.GKurione3.CarrotSkeletalMesh'",
        "ObjectPath": "/Game/Carrot4/Maps/Madori/Cave/Cave005/Cave005_F01/Sublevels/Cave005_F01_Teki.32"
      },
      "Sphere": {
        "ObjectName": "SphereComponent'Cave005_F01_Teki:PersistentLevel.GKurione3.Sphere'",
        "ObjectPath": "/Game/Carrot4/Maps/Madori/Cave/Cave005/Cave005_F01/Sublevels/Cave005_F01_Teki.66"
      },
      "CarrotMoveComponent": {
        "ObjectName": "CarrotMoveComponent'Cave005_F01_Teki:PersistentLevel.GKurione3.CarrotMove'",
        "ObjectPath": "/Game/Carrot4/Maps/Madori/Cave/Cave005/Cave005_F01/Sublevels/Cave005_F01_Teki.29"
      },
      "SkeletalMeshComponent": {
        "ObjectName": "CarrotSkeletalMeshComponent'Cave005_F01_Teki:PersistentLevel.GKurione3.CarrotSkeletalMesh'",
        "ObjectPath": "/Game/Carrot4/Maps/Madori/Cave/Cave005/Cave005_F01/Sublevels/Cave005_F01_Teki.32"
      },
      "AffordanceComponent": {
        "ObjectName": "AttackAffordanceComponent'Cave005_F01_Teki:PersistentLevel.GKurione3.AttackAffordance'",
        "ObjectPath": "/Game/Carrot4/Maps/Madori/Cave/Cave005/Cave005_F01/Sublevels/Cave005_F01_Teki.5"
      },
      "AttackAffordanceComponent": {
        "ObjectName": "AttackAffordanceComponent'Cave005_F01_Teki:PersistentLevel.GKurione3.AttackAffordance'",
        "ObjectPath": "/Game/Carrot4/Maps/Madori/Cave/Cave005/Cave005_F01/Sublevels/Cave005_F01_Teki.5"
      },
      "StickComponent": {
        "ObjectName": "C4StickComponent'Cave005_F01_Teki:PersistentLevel.GKurione3.C4Stick'",
        "ObjectPath": "/Game/Carrot4/Maps/Madori/Cave/Cave005/Cave005_F01/Sublevels/Cave005_F01_Teki.8"
      },
      "LifeComponent": {
        "ObjectName": "LifeComponent'Cave005_F01_Teki:PersistentLevel.GKurione3.Life'",
        "ObjectPath": "/Game/Carrot4/Maps/Madori/Cave/Cave005/Cave005_F01/Sublevels/Cave005_F01_Teki.53"
      },
      "WaterBoxFollowContext": {
        "bCheck": false
      },
      "GenerateInfo": {
        "DebugUniqueId": 4613094497117536263
      },
      "RebirthInfo": {
        "RebirthType": "ERebirthType::RebirthFullExplore"
      },
      "RootComponent": {
        "ObjectName": "SphereComponent'Cave005_F01_Teki:PersistentLevel.GKurione3.Sphere'",
        "ObjectPath": "/Game/Carrot4/Maps/Madori/Cave/Cave005/Cave005_F01/Sublevels/Cave005_F01_Teki.66"
      },
      "BlueprintCreatedComponents": [
        {
          "ObjectName": "SphereComponent'Cave005_F01_Teki:PersistentLevel.GKurione3.Sphere'",
          "ObjectPath": "/Game/Carrot4/Maps/Madori/Cave/Cave005/Cave005_F01/Sublevels/Cave005_F01_Teki.66"
        },
        {
          "ObjectName": "CarrotSkeletalMeshComponent'Cave005_F01_Teki:PersistentLevel.GKurione3.CarrotSkeletalMesh'",
          "ObjectPath": "/Game/Carrot4/Maps/Madori/Cave/Cave005/Cave005_F01/Sublevels/Cave005_F01_Teki.32"
        },
        {
          "ObjectName": "AkComponent'Cave005_F01_Teki:PersistentLevel.GKurione3.Ak'",
          "ObjectPath": "/Game/Carrot4/Maps/Madori/Cave/Cave005/Cave005_F01/Sublevels/Cave005_F01_Teki.2"
        },
        {
          "ObjectName": "CollTreeComponent'Cave005_F01_Teki:PersistentLevel.GKurione3.CollTree'",
          "ObjectPath": "/Game/Carrot4/Maps/Madori/Cave/Cave005/Cave005_F01/Sublevels/Cave005_F01_Teki.39"
        },
        {
          "ObjectName": "PointerAssistComponent'Cave005_F01_Teki:PersistentLevel.GKurione3.PointerAssist'",
          "ObjectPath": "/Game/Carrot4/Maps/Madori/Cave/Cave005/Cave005_F01/Sublevels/Cave005_F01_Teki.59"
        },
        {
          "ObjectName": "CakEventHandlerComponent'Cave005_F01_Teki:PersistentLevel.GKurione3.CakEventHandler'",
          "ObjectPath": "/Game/Carrot4/Maps/Madori/Cave/Cave005/Cave005_F01/Sublevels/Cave005_F01_Teki.20"
        },
        {
          "ObjectName": "CakEmitterConfigComponent'Cave005_F01_Teki:PersistentLevel.GKurione3.CakEmitterConfig'",
          "ObjectPath": "/Game/Carrot4/Maps/Madori/Cave/Cave005/Cave005_F01/Sublevels/Cave005_F01_Teki.17"
        },
        {
          "ObjectName": "CakAudioTableComponent'Cave005_F01_Teki:PersistentLevel.GKurione3.CakAudioTable'",
          "ObjectPath": "/Game/Carrot4/Maps/Madori/Cave/Cave005/Cave005_F01/Sublevels/Cave005_F01_Teki.14"
        },
        {
          "ObjectName": "LifeComponent'Cave005_F01_Teki:PersistentLevel.GKurione3.Life'",
          "ObjectPath": "/Game/Carrot4/Maps/Madori/Cave/Cave005/Cave005_F01/Sublevels/Cave005_F01_Teki.53"
        },
        {
          "ObjectName": "C4StickComponent'Cave005_F01_Teki:PersistentLevel.GKurione3.C4Stick'",
          "ObjectPath": "/Game/Carrot4/Maps/Madori/Cave/Cave005/Cave005_F01/Sublevels/Cave005_F01_Teki.8"
        },
        {
          "ObjectName": "CarrotMoveComponent'Cave005_F01_Teki:PersistentLevel.GKurione3.CarrotMove'",
          "ObjectPath": "/Game/Carrot4/Maps/Madori/Cave/Cave005/Cave005_F01/Sublevels/Cave005_F01_Teki.29"
        },
        {
          "ObjectName": "AttackAffordanceComponent'Cave005_F01_Teki:PersistentLevel.GKurione3.AttackAffordance'",
          "ObjectPath": "/Game/Carrot4/Maps/Madori/Cave/Cave005/Cave005_F01/Sublevels/Cave005_F01_Teki.5"
        },
        {
          "ObjectName": "KurioneAIComponent'Cave005_F01_Teki:PersistentLevel.GKurione3.KurioneAI'",
          "ObjectPath": "/Game/Carrot4/Maps/Madori/Cave/Cave005/Cave005_F01/Sublevels/Cave005_F01_Teki.49"
        },
        {
          "ObjectName": "TerrainSensorComponent'Cave005_F01_Teki:PersistentLevel.GKurione3.TerrainSensor'",
          "ObjectPath": "/Game/Carrot4/Maps/Madori/Cave/Cave005/Cave005_F01/Sublevels/Cave005_F01_Teki.73"
        },
        {
          "ObjectName": "SphereComponent'Cave005_F01_Teki:PersistentLevel.GKurione3.Colltree_Egg'",
          "ObjectPath": "/Game/Carrot4/Maps/Madori/Cave/Cave005/Cave005_F01/Sublevels/Cave005_F01_Teki.65"
        },
        {
          "ObjectName": "SphereComponent'Cave005_F01_Teki:PersistentLevel.GKurione3.CollTree_Body'",
          "ObjectPath": "/Game/Carrot4/Maps/Madori/Cave/Cave005/Cave005_F01/Sublevels/Cave005_F01_Teki.64"
        },
        {
          "ObjectName": "CakAudioFlagComponent'Cave005_F01_Teki:PersistentLevel.GKurione3.CakAudioFlag'",
          "ObjectPath": "/Game/Carrot4/Maps/Madori/Cave/Cave005/Cave005_F01/Sublevels/Cave005_F01_Teki.11"
        },
        {
          "ObjectName": "CarrotSkeletalMeshComponent'Cave005_F01_Teki:PersistentLevel.GKurione3.ShadowMesh'",
          "ObjectPath": "/Game/Carrot4/Maps/Madori/Cave/Cave005/Cave005_F01/Sublevels/Cave005_F01_Teki.33"
        }
      ]
    }
  },
  {
    "Type": "GKurione_C",
    "Name": "GKurione4",
    "Outer": "PersistentLevel",
    "Template": "Default__GKurione_C",
    "Class": "BlueprintGeneratedClass'/Game/Carrot4/Placeables/Teki/GKurione.GKurione_C'",
    "Properties": {
      "ShadowMesh": {
        "ObjectName": "CarrotSkeletalMeshComponent'Cave005_F01_Teki:PersistentLevel.GKurione4.ShadowMesh'",
        "ObjectPath": "/Game/Carrot4/Maps/Madori/Cave/Cave005/Cave005_F01/Sublevels/Cave005_F01_Teki.35"
      },
      "CakAudioFlag": {
        "ObjectName": "CakAudioFlagComponent'Cave005_F01_Teki:PersistentLevel.GKurione4.CakAudioFlag'",
        "ObjectPath": "/Game/Carrot4/Maps/Madori/Cave/Cave005/Cave005_F01/Sublevels/Cave005_F01_Teki.12"
      },
      "CollTree_Body": {
        "ObjectName": "SphereComponent'Cave005_F01_Teki:PersistentLevel.GKurione4.CollTree_Body'",
        "ObjectPath": "/Game/Carrot4/Maps/Madori/Cave/Cave005/Cave005_F01/Sublevels/Cave005_F01_Teki.67"
      },
      "Colltree_Egg": {
        "ObjectName": "SphereComponent'Cave005_F01_Teki:PersistentLevel.GKurione4.Colltree_Egg'",
        "ObjectPath": "/Game/Carrot4/Maps/Madori/Cave/Cave005/Cave005_F01/Sublevels/Cave005_F01_Teki.68"
      },
      "TerrainSensor": {
        "ObjectName": "TerrainSensorComponent'Cave005_F01_Teki:PersistentLevel.GKurione4.TerrainSensor'",
        "ObjectPath": "/Game/Carrot4/Maps/Madori/Cave/Cave005/Cave005_F01/Sublevels/Cave005_F01_Teki.74"
      },
      "KurioneAI": {
        "ObjectName": "KurioneAIComponent'Cave005_F01_Teki:PersistentLevel.GKurione4.KurioneAI'",
        "ObjectPath": "/Game/Carrot4/Maps/Madori/Cave/Cave005/Cave005_F01/Sublevels/Cave005_F01_Teki.50"
      },
      "AttackAffordance": {
        "ObjectName": "AttackAffordanceComponent'Cave005_F01_Teki:PersistentLevel.GKurione4.AttackAffordance'",
        "ObjectPath": "/Game/Carrot4/Maps/Madori/Cave/Cave005/Cave005_F01/Sublevels/Cave005_F01_Teki.6"
      },
      "CarrotMove": {
        "ObjectName": "CarrotMoveComponent'Cave005_F01_Teki:PersistentLevel.GKurione4.CarrotMove'",
        "ObjectPath": "/Game/Carrot4/Maps/Madori/Cave/Cave005/Cave005_F01/Sublevels/Cave005_F01_Teki.30"
      },
      "Ak": {
        "ObjectName": "AkComponent'Cave005_F01_Teki:PersistentLevel.GKurione4.Ak'",
        "ObjectPath": "/Game/Carrot4/Maps/Madori/Cave/Cave005/Cave005_F01/Sublevels/Cave005_F01_Teki.3"
      },
      "C4Stick": {
        "ObjectName": "C4StickComponent'Cave005_F01_Teki:PersistentLevel.GKurione4.C4Stick'",
        "ObjectPath": "/Game/Carrot4/Maps/Madori/Cave/Cave005/Cave005_F01/Sublevels/Cave005_F01_Teki.9"
      },
      "Life": {
        "ObjectName": "LifeComponent'Cave005_F01_Teki:PersistentLevel.GKurione4.Life'",
        "ObjectPath": "/Game/Carrot4/Maps/Madori/Cave/Cave005/Cave005_F01/Sublevels/Cave005_F01_Teki.54"
      },
      "CakAudioTable": {
        "ObjectName": "CakAudioTableComponent'Cave005_F01_Teki:PersistentLevel.GKurione4.CakAudioTable'",
        "ObjectPath": "/Game/Carrot4/Maps/Madori/Cave/Cave005/Cave005_F01/Sublevels/Cave005_F01_Teki.15"
      },
      "CakEmitterConfig": {
        "ObjectName": "CakEmitterConfigComponent'Cave005_F01_Teki:PersistentLevel.GKurione4.CakEmitterConfig'",
        "ObjectPath": "/Game/Carrot4/Maps/Madori/Cave/Cave005/Cave005_F01/Sublevels/Cave005_F01_Teki.18"
      },
      "CakEventHandler": {
        "ObjectName": "CakEventHandlerComponent'Cave005_F01_Teki:PersistentLevel.GKurione4.CakEventHandler'",
        "ObjectPath": "/Game/Carrot4/Maps/Madori/Cave/Cave005/Cave005_F01/Sublevels/Cave005_F01_Teki.21"
      },
      "PointerAssist": {
        "ObjectName": "PointerAssistComponent'Cave005_F01_Teki:PersistentLevel.GKurione4.PointerAssist'",
        "ObjectPath": "/Game/Carrot4/Maps/Madori/Cave/Cave005/Cave005_F01/Sublevels/Cave005_F01_Teki.60"
      },
      "CollTree": {
        "ObjectName": "CollTreeComponent'Cave005_F01_Teki:PersistentLevel.GKurione4.CollTree'",
        "ObjectPath": "/Game/Carrot4/Maps/Madori/Cave/Cave005/Cave005_F01/Sublevels/Cave005_F01_Teki.40"
      },
      "CarrotSkeletalMesh": {
        "ObjectName": "CarrotSkeletalMeshComponent'Cave005_F01_Teki:PersistentLevel.GKurione4.CarrotSkeletalMesh'",
        "ObjectPath": "/Game/Carrot4/Maps/Madori/Cave/Cave005/Cave005_F01/Sublevels/Cave005_F01_Teki.34"
      },
      "Sphere": {
        "ObjectName": "SphereComponent'Cave005_F01_Teki:PersistentLevel.GKurione4.Sphere'",
        "ObjectPath": "/Game/Carrot4/Maps/Madori/Cave/Cave005/Cave005_F01/Sublevels/Cave005_F01_Teki.69"
      },
      "CarrotMoveComponent": {
        "ObjectName": "CarrotMoveComponent'Cave005_F01_Teki:PersistentLevel.GKurione4.CarrotMove'",
        "ObjectPath": "/Game/Carrot4/Maps/Madori/Cave/Cave005/Cave005_F01/Sublevels/Cave005_F01_Teki.30"
      },
      "SkeletalMeshComponent": {
        "ObjectName": "CarrotSkeletalMeshComponent'Cave005_F01_Teki:PersistentLevel.GKurione4.CarrotSkeletalMesh'",
        "ObjectPath": "/Game/Carrot4/Maps/Madori/Cave/Cave005/Cave005_F01/Sublevels/Cave005_F01_Teki.34"
      },
      "AffordanceComponent": {
        "ObjectName": "AttackAffordanceComponent'Cave005_F01_Teki:PersistentLevel.GKurione4.AttackAffordance'",
        "ObjectPath": "/Game/Carrot4/Maps/Madori/Cave/Cave005/Cave005_F01/Sublevels/Cave005_F01_Teki.6"
      },
      "AttackAffordanceComponent": {
        "ObjectName": "AttackAffordanceComponent'Cave005_F01_Teki:PersistentLevel.GKurione4.AttackAffordance'",
        "ObjectPath": "/Game/Carrot4/Maps/Madori/Cave/Cave005/Cave005_F01/Sublevels/Cave005_F01_Teki.6"
      },
      "StickComponent": {
        "ObjectName": "C4StickComponent'Cave005_F01_Teki:PersistentLevel.GKurione4.C4Stick'",
        "ObjectPath": "/Game/Carrot4/Maps/Madori/Cave/Cave005/Cave005_F01/Sublevels/Cave005_F01_Teki.9"
      },
      "LifeComponent": {
        "ObjectName": "LifeComponent'Cave005_F01_Teki:PersistentLevel.GKurione4.Life'",
        "ObjectPath": "/Game/Carrot4/Maps/Madori/Cave/Cave005/Cave005_F01/Sublevels/Cave005_F01_Teki.54"
      },
      "WaterBoxFollowContext": {
        "bCheck": false
      },
      "GenerateInfo": {
        "DebugUniqueId": 4613094497117536264
      },
      "RebirthInfo": {
        "RebirthType": "ERebirthType::RebirthFullExplore"
      },
      "RootComponent": {
        "ObjectName": "SphereComponent'Cave005_F01_Teki:PersistentLevel.GKurione4.Sphere'",
        "ObjectPath": "/Game/Carrot4/Maps/Madori/Cave/Cave005/Cave005_F01/Sublevels/Cave005_F01_Teki.69"
      },
      "BlueprintCreatedComponents": [
        {
          "ObjectName": "SphereComponent'Cave005_F01_Teki:PersistentLevel.GKurione4.Sphere'",
          "ObjectPath": "/Game/Carrot4/Maps/Madori/Cave/Cave005/Cave005_F01/Sublevels/Cave005_F01_Teki.69"
        },
        {
          "ObjectName": "CarrotSkeletalMeshComponent'Cave005_F01_Teki:PersistentLevel.GKurione4.CarrotSkeletalMesh'",
          "ObjectPath": "/Game/Carrot4/Maps/Madori/Cave/Cave005/Cave005_F01/Sublevels/Cave005_F01_Teki.34"
        },
        {
          "ObjectName": "AkComponent'Cave005_F01_Teki:PersistentLevel.GKurione4.Ak'",
          "ObjectPath": "/Game/Carrot4/Maps/Madori/Cave/Cave005/Cave005_F01/Sublevels/Cave005_F01_Teki.3"
        },
        {
          "ObjectName": "CollTreeComponent'Cave005_F01_Teki:PersistentLevel.GKurione4.CollTree'",
          "ObjectPath": "/Game/Carrot4/Maps/Madori/Cave/Cave005/Cave005_F01/Sublevels/Cave005_F01_Teki.40"
        },
        {
          "ObjectName": "PointerAssistComponent'Cave005_F01_Teki:PersistentLevel.GKurione4.PointerAssist'",
          "ObjectPath": "/Game/Carrot4/Maps/Madori/Cave/Cave005/Cave005_F01/Sublevels/Cave005_F01_Teki.60"
        },
        {
          "ObjectName": "CakEventHandlerComponent'Cave005_F01_Teki:PersistentLevel.GKurione4.CakEventHandler'",
          "ObjectPath": "/Game/Carrot4/Maps/Madori/Cave/Cave005/Cave005_F01/Sublevels/Cave005_F01_Teki.21"
        },
        {
          "ObjectName": "CakEmitterConfigComponent'Cave005_F01_Teki:PersistentLevel.GKurione4.CakEmitterConfig'",
          "ObjectPath": "/Game/Carrot4/Maps/Madori/Cave/Cave005/Cave005_F01/Sublevels/Cave005_F01_Teki.18"
        },
        {
          "ObjectName": "CakAudioTableComponent'Cave005_F01_Teki:PersistentLevel.GKurione4.CakAudioTable'",
          "ObjectPath": "/Game/Carrot4/Maps/Madori/Cave/Cave005/Cave005_F01/Sublevels/Cave005_F01_Teki.15"
        },
        {
          "ObjectName": "LifeComponent'Cave005_F01_Teki:PersistentLevel.GKurione4.Life'",
          "ObjectPath": "/Game/Carrot4/Maps/Madori/Cave/Cave005/Cave005_F01/Sublevels/Cave005_F01_Teki.54"
        },
        {
          "ObjectName": "C4StickComponent'Cave005_F01_Teki:PersistentLevel.GKurione4.C4Stick'",
          "ObjectPath": "/Game/Carrot4/Maps/Madori/Cave/Cave005/Cave005_F01/Sublevels/Cave005_F01_Teki.9"
        },
        {
          "ObjectName": "CarrotMoveComponent'Cave005_F01_Teki:PersistentLevel.GKurione4.CarrotMove'",
          "ObjectPath": "/Game/Carrot4/Maps/Madori/Cave/Cave005/Cave005_F01/Sublevels/Cave005_F01_Teki.30"
        },
        {
          "ObjectName": "AttackAffordanceComponent'Cave005_F01_Teki:PersistentLevel.GKurione4.AttackAffordance'",
          "ObjectPath": "/Game/Carrot4/Maps/Madori/Cave/Cave005/Cave005_F01/Sublevels/Cave005_F01_Teki.6"
        },
        {
          "ObjectName": "KurioneAIComponent'Cave005_F01_Teki:PersistentLevel.GKurione4.KurioneAI'",
          "ObjectPath": "/Game/Carrot4/Maps/Madori/Cave/Cave005/Cave005_F01/Sublevels/Cave005_F01_Teki.50"
        },
        {
          "ObjectName": "TerrainSensorComponent'Cave005_F01_Teki:PersistentLevel.GKurione4.TerrainSensor'",
          "ObjectPath": "/Game/Carrot4/Maps/Madori/Cave/Cave005/Cave005_F01/Sublevels/Cave005_F01_Teki.74"
        },
        {
          "ObjectName": "SphereComponent'Cave005_F01_Teki:PersistentLevel.GKurione4.Colltree_Egg'",
          "ObjectPath": "/Game/Carrot4/Maps/Madori/Cave/Cave005/Cave005_F01/Sublevels/Cave005_F01_Teki.68"
        },
        {
          "ObjectName": "SphereComponent'Cave005_F01_Teki:PersistentLevel.GKurione4.CollTree_Body'",
          "ObjectPath": "/Game/Carrot4/Maps/Madori/Cave/Cave005/Cave005_F01/Sublevels/Cave005_F01_Teki.67"
        },
        {
          "ObjectName": "CakAudioFlagComponent'Cave005_F01_Teki:PersistentLevel.GKurione4.CakAudioFlag'",
          "ObjectPath": "/Game/Carrot4/Maps/Madori/Cave/Cave005/Cave005_F01/Sublevels/Cave005_F01_Teki.12"
        },
        {
          "ObjectName": "CarrotSkeletalMeshComponent'Cave005_F01_Teki:PersistentLevel.GKurione4.ShadowMesh'",
          "ObjectPath": "/Game/Carrot4/Maps/Madori/Cave/Cave005/Cave005_F01/Sublevels/Cave005_F01_Teki.35"
        }
      ]
    }
  },
  {
    "Type": "GKurione_C",
    "Name": "GKurione6",
    "Outer": "PersistentLevel",
    "Template": "Default__GKurione_C",
    "Class": "BlueprintGeneratedClass'/Game/Carrot4/Placeables/Teki/GKurione.GKurione_C'",
    "Properties": {
      "ShadowMesh": {
        "ObjectName": "CarrotSkeletalMeshComponent'Cave005_F01_Teki:PersistentLevel.GKurione6.ShadowMesh'",
        "ObjectPath": "/Game/Carrot4/Maps/Madori/Cave/Cave005/Cave005_F01/Sublevels/Cave005_F01_Teki.37"
      },
      "CakAudioFlag": {
        "ObjectName": "CakAudioFlagComponent'Cave005_F01_Teki:PersistentLevel.GKurione6.CakAudioFlag'",
        "ObjectPath": "/Game/Carrot4/Maps/Madori/Cave/Cave005/Cave005_F01/Sublevels/Cave005_F01_Teki.13"
      },
      "CollTree_Body": {
        "ObjectName": "SphereComponent'Cave005_F01_Teki:PersistentLevel.GKurione6.CollTree_Body'",
        "ObjectPath": "/Game/Carrot4/Maps/Madori/Cave/Cave005/Cave005_F01/Sublevels/Cave005_F01_Teki.70"
      },
      "Colltree_Egg": {
        "ObjectName": "SphereComponent'Cave005_F01_Teki:PersistentLevel.GKurione6.Colltree_Egg'",
        "ObjectPath": "/Game/Carrot4/Maps/Madori/Cave/Cave005/Cave005_F01/Sublevels/Cave005_F01_Teki.71"
      },
      "TerrainSensor": {
        "ObjectName": "TerrainSensorComponent'Cave005_F01_Teki:PersistentLevel.GKurione6.TerrainSensor'",
        "ObjectPath": "/Game/Carrot4/Maps/Madori/Cave/Cave005/Cave005_F01/Sublevels/Cave005_F01_Teki.75"
      },
      "KurioneAI": {
        "ObjectName": "KurioneAIComponent'Cave005_F01_Teki:PersistentLevel.GKurione6.KurioneAI'",
        "ObjectPath": "/Game/Carrot4/Maps/Madori/Cave/Cave005/Cave005_F01/Sublevels/Cave005_F01_Teki.51"
      },
      "AttackAffordance": {
        "ObjectName": "AttackAffordanceComponent'Cave005_F01_Teki:PersistentLevel.GKurione6.AttackAffordance'",
        "ObjectPath": "/Game/Carrot4/Maps/Madori/Cave/Cave005/Cave005_F01/Sublevels/Cave005_F01_Teki.7"
      },
      "CarrotMove": {
        "ObjectName": "CarrotMoveComponent'Cave005_F01_Teki:PersistentLevel.GKurione6.CarrotMove'",
        "ObjectPath": "/Game/Carrot4/Maps/Madori/Cave/Cave005/Cave005_F01/Sublevels/Cave005_F01_Teki.31"
      },
      "Ak": {
        "ObjectName": "AkComponent'Cave005_F01_Teki:PersistentLevel.GKurione6.Ak'",
        "ObjectPath": "/Game/Carrot4/Maps/Madori/Cave/Cave005/Cave005_F01/Sublevels/Cave005_F01_Teki.4"
      },
      "C4Stick": {
        "ObjectName": "C4StickComponent'Cave005_F01_Teki:PersistentLevel.GKurione6.C4Stick'",
        "ObjectPath": "/Game/Carrot4/Maps/Madori/Cave/Cave005/Cave005_F01/Sublevels/Cave005_F01_Teki.10"
      },
      "Life": {
        "ObjectName": "LifeComponent'Cave005_F01_Teki:PersistentLevel.GKurione6.Life'",
        "ObjectPath": "/Game/Carrot4/Maps/Madori/Cave/Cave005/Cave005_F01/Sublevels/Cave005_F01_Teki.55"
      },
      "CakAudioTable": {
        "ObjectName": "CakAudioTableComponent'Cave005_F01_Teki:PersistentLevel.GKurione6.CakAudioTable'",
        "ObjectPath": "/Game/Carrot4/Maps/Madori/Cave/Cave005/Cave005_F01/Sublevels/Cave005_F01_Teki.16"
      },
      "CakEmitterConfig": {
        "ObjectName": "CakEmitterConfigComponent'Cave005_F01_Teki:PersistentLevel.GKurione6.CakEmitterConfig'",
        "ObjectPath": "/Game/Carrot4/Maps/Madori/Cave/Cave005/Cave005_F01/Sublevels/Cave005_F01_Teki.19"
      },
      "CakEventHandler": {
        "ObjectName": "CakEventHandlerComponent'Cave005_F01_Teki:PersistentLevel.GKurione6.CakEventHandler'",
        "ObjectPath": "/Game/Carrot4/Maps/Madori/Cave/Cave005/Cave005_F01/Sublevels/Cave005_F01_Teki.22"
      },
      "PointerAssist": {
        "ObjectName": "PointerAssistComponent'Cave005_F01_Teki:PersistentLevel.GKurione6.PointerAssist'",
        "ObjectPath": "/Game/Carrot4/Maps/Madori/Cave/Cave005/Cave005_F01/Sublevels/Cave005_F01_Teki.61"
      },
      "CollTree": {
        "ObjectName": "CollTreeComponent'Cave005_F01_Teki:PersistentLevel.GKurione6.CollTree'",
        "ObjectPath": "/Game/Carrot4/Maps/Madori/Cave/Cave005/Cave005_F01/Sublevels/Cave005_F01_Teki.41"
      },
      "CarrotSkeletalMesh": {
        "ObjectName": "CarrotSkeletalMeshComponent'Cave005_F01_Teki:PersistentLevel.GKurione6.CarrotSkeletalMesh'",
        "ObjectPath": "/Game/Carrot4/Maps/Madori/Cave/Cave005/Cave005_F01/Sublevels/Cave005_F01_Teki.36"
      },
      "Sphere": {
        "ObjectName": "SphereComponent'Cave005_F01_Teki:PersistentLevel.GKurione6.Sphere'",
        "ObjectPath": "/Game/Carrot4/Maps/Madori/Cave/Cave005/Cave005_F01/Sublevels/Cave005_F01_Teki.72"
      },
      "CarrotMoveComponent": {
        "ObjectName": "CarrotMoveComponent'Cave005_F01_Teki:PersistentLevel.GKurione6.CarrotMove'",
        "ObjectPath": "/Game/Carrot4/Maps/Madori/Cave/Cave005/Cave005_F01/Sublevels/Cave005_F01_Teki.31"
      },
      "SkeletalMeshComponent": {
        "ObjectName": "CarrotSkeletalMeshComponent'Cave005_F01_Teki:PersistentLevel.GKurione6.CarrotSkeletalMesh'",
        "ObjectPath": "/Game/Carrot4/Maps/Madori/Cave/Cave005/Cave005_F01/Sublevels/Cave005_F01_Teki.36"
      },
      "AffordanceComponent": {
        "ObjectName": "AttackAffordanceComponent'Cave005_F01_Teki:PersistentLevel.GKurione6.AttackAffordance'",
        "ObjectPath": "/Game/Carrot4/Maps/Madori/Cave/Cave005/Cave005_F01/Sublevels/Cave005_F01_Teki.7"
      },
      "AttackAffordanceComponent": {
        "ObjectName": "AttackAffordanceComponent'Cave005_F01_Teki:PersistentLevel.GKurione6.AttackAffordance'",
        "ObjectPath": "/Game/Carrot4/Maps/Madori/Cave/Cave005/Cave005_F01/Sublevels/Cave005_F01_Teki.7"
      },
      "StickComponent": {
        "ObjectName": "C4StickComponent'Cave005_F01_Teki:PersistentLevel.GKurione6.C4Stick'",
        "ObjectPath": "/Game/Carrot4/Maps/Madori/Cave/Cave005/Cave005_F01/Sublevels/Cave005_F01_Teki.10"
      },
      "LifeComponent": {
        "ObjectName": "LifeComponent'Cave005_F01_Teki:PersistentLevel.GKurione6.Life'",
        "ObjectPath": "/Game/Carrot4/Maps/Madori/Cave/Cave005/Cave005_F01/Sublevels/Cave005_F01_Teki.55"
      },
      "WaterBoxFollowContext": {
        "bCheck": false
      },
      "GenerateInfo": {
        "DebugUniqueId": 4613094497117536266
      },
      "RebirthInfo": {
        "RebirthType": "ERebirthType::RebirthFullExplore"
      },
      "RootComponent": {
        "ObjectName": "SphereComponent'Cave005_F01_Teki:PersistentLevel.GKurione6.Sphere'",
        "ObjectPath": "/Game/Carrot4/Maps/Madori/Cave/Cave005/Cave005_F01/Sublevels/Cave005_F01_Teki.72"
      },
      "BlueprintCreatedComponents": [
        {
          "ObjectName": "SphereComponent'Cave005_F01_Teki:PersistentLevel.GKurione6.Sphere'",
          "ObjectPath": "/Game/Carrot4/Maps/Madori/Cave/Cave005/Cave005_F01/Sublevels/Cave005_F01_Teki.72"
        },
        {
          "ObjectName": "CarrotSkeletalMeshComponent'Cave005_F01_Teki:PersistentLevel.GKurione6.CarrotSkeletalMesh'",
          "ObjectPath": "/Game/Carrot4/Maps/Madori/Cave/Cave005/Cave005_F01/Sublevels/Cave005_F01_Teki.36"
        },
        {
          "ObjectName": "AkComponent'Cave005_F01_Teki:PersistentLevel.GKurione6.Ak'",
          "ObjectPath": "/Game/Carrot4/Maps/Madori/Cave/Cave005/Cave005_F01/Sublevels/Cave005_F01_Teki.4"
        },
        {
          "ObjectName": "CollTreeComponent'Cave005_F01_Teki:PersistentLevel.GKurione6.CollTree'",
          "ObjectPath": "/Game/Carrot4/Maps/Madori/Cave/Cave005/Cave005_F01/Sublevels/Cave005_F01_Teki.41"
        },
        {
          "ObjectName": "PointerAssistComponent'Cave005_F01_Teki:PersistentLevel.GKurione6.PointerAssist'",
          "ObjectPath": "/Game/Carrot4/Maps/Madori/Cave/Cave005/Cave005_F01/Sublevels/Cave005_F01_Teki.61"
        },
        {
          "ObjectName": "CakEventHandlerComponent'Cave005_F01_Teki:PersistentLevel.GKurione6.CakEventHandler'",
          "ObjectPath": "/Game/Carrot4/Maps/Madori/Cave/Cave005/Cave005_F01/Sublevels/Cave005_F01_Teki.22"
        },
        {
          "ObjectName": "CakEmitterConfigComponent'Cave005_F01_Teki:PersistentLevel.GKurione6.CakEmitterConfig'",
          "ObjectPath": "/Game/Carrot4/Maps/Madori/Cave/Cave005/Cave005_F01/Sublevels/Cave005_F01_Teki.19"
        },
        {
          "ObjectName": "CakAudioTableComponent'Cave005_F01_Teki:PersistentLevel.GKurione6.CakAudioTable'",
          "ObjectPath": "/Game/Carrot4/Maps/Madori/Cave/Cave005/Cave005_F01/Sublevels/Cave005_F01_Teki.16"
        },
        {
          "ObjectName": "LifeComponent'Cave005_F01_Teki:PersistentLevel.GKurione6.Life'",
          "ObjectPath": "/Game/Carrot4/Maps/Madori/Cave/Cave005/Cave005_F01/Sublevels/Cave005_F01_Teki.55"
        },
        {
          "ObjectName": "C4StickComponent'Cave005_F01_Teki:PersistentLevel.GKurione6.C4Stick'",
          "ObjectPath": "/Game/Carrot4/Maps/Madori/Cave/Cave005/Cave005_F01/Sublevels/Cave005_F01_Teki.10"
        },
        {
          "ObjectName": "CarrotMoveComponent'Cave005_F01_Teki:PersistentLevel.GKurione6.CarrotMove'",
          "ObjectPath": "/Game/Carrot4/Maps/Madori/Cave/Cave005/Cave005_F01/Sublevels/Cave005_F01_Teki.31"
        },
        {
          "ObjectName": "AttackAffordanceComponent'Cave005_F01_Teki:PersistentLevel.GKurione6.AttackAffordance'",
          "ObjectPath": "/Game/Carrot4/Maps/Madori/Cave/Cave005/Cave005_F01/Sublevels/Cave005_F01_Teki.7"
        },
        {
          "ObjectName": "KurioneAIComponent'Cave005_F01_Teki:PersistentLevel.GKurione6.KurioneAI'",
          "ObjectPath": "/Game/Carrot4/Maps/Madori/Cave/Cave005/Cave005_F01/Sublevels/Cave005_F01_Teki.51"
        },
        {
          "ObjectName": "TerrainSensorComponent'Cave005_F01_Teki:PersistentLevel.GKurione6.TerrainSensor'",
          "ObjectPath": "/Game/Carrot4/Maps/Madori/Cave/Cave005/Cave005_F01/Sublevels/Cave005_F01_Teki.75"
        },
        {
          "ObjectName": "SphereComponent'Cave005_F01_Teki:PersistentLevel.GKurione6.Colltree_Egg'",
          "ObjectPath": "/Game/Carrot4/Maps/Madori/Cave/Cave005/Cave005_F01/Sublevels/Cave005_F01_Teki.71"
        },
        {
          "ObjectName": "SphereComponent'Cave005_F01_Teki:PersistentLevel.GKurione6.CollTree_Body'",
          "ObjectPath": "/Game/Carrot4/Maps/Madori/Cave/Cave005/Cave005_F01/Sublevels/Cave005_F01_Teki.70"
        },
        {
          "ObjectName": "CakAudioFlagComponent'Cave005_F01_Teki:PersistentLevel.GKurione6.CakAudioFlag'",
          "ObjectPath": "/Game/Carrot4/Maps/Madori/Cave/Cave005/Cave005_F01/Sublevels/Cave005_F01_Teki.13"
        },
        {
          "ObjectName": "CarrotSkeletalMeshComponent'Cave005_F01_Teki:PersistentLevel.GKurione6.ShadowMesh'",
          "ObjectPath": "/Game/Carrot4/Maps/Madori/Cave/Cave005/Cave005_F01/Sublevels/Cave005_F01_Teki.37"
        }
      ]
    }
  },
  {
    "Type": "GroupDropManagerComponent",
    "Name": "GroupDropManager",
    "Outer": "GGroupDropManager2",
    "Template": "GroupDropManager_GEN_VARIABLE",
    "Class": "UScriptClass'GroupDropManagerComponent'",
    "Properties": {
      "GroupDropManagerAIParameter": {
        "GroupingRadius": 130.0,
        "DropParameter": {
          "DropItemParameter": [
            {
              "SpawnMiniInfo": {
                "DropActor": {
                  "ObjectName": "BlueprintGeneratedClass'GPikminYellow_C'",
                  "ObjectPath": "/Game/Carrot4/Placeables/Pikmin/GPikminYellow.0"
                },
                "CustomParameter": "None",
                "CustomFloatParameter": 0.0,
                "GameRulePermissionFlag": 0,
                "bSetTerritory": false,
                "Territory": {
                  "Center": {
                    "X": 0.0,
                    "Y": 0.0,
                    "Z": 0.0
                  },
                  "HalfHeight": 50.0,
                  "Radius": 100.0,
                  "SearchType": "ESearchAreaSearchType::LocationDirZ",
                  "bSearchOuterTerritory": true
                }
              },
              "UniqueId": 18446744073709551615,
              "MinNum": 5,
              "MaxNum": 5,
              "DropRatio": 1.0,
              "bRegistGenerator": false,
              "DropConditions": []
            }
          ],
          "DropActorParameter": {
            "Vel": {
              "X": 20.0,
              "Y": 30.0,
              "Z": 250.0
            },
            "RandVel": {
              "X": -20.0,
              "Y": -15.0,
              "Z": 30.0
            }
          }
        }
      },
      "UCSSerializationIndex": 0,
      "bNetAddressable": true,
      "CreationMethod": "EComponentCreationMethod::SimpleConstructionScript"
    }
  },
  {
    "Type": "GroupDropManagerComponent",
    "Name": "GroupDropManager",
    "Outer": "GGroupDropManager_2",
    "Template": "GroupDropManager_GEN_VARIABLE",
    "Class": "UScriptClass'GroupDropManagerComponent'",
    "Properties": {
      "GroupDropManagerAIParameter": {
        "GroupingRadius": 130.0,
        "DropParameter": {
          "DropItemParameter": [
            {
              "SpawnMiniInfo": {
                "DropActor": {
                  "ObjectName": "BlueprintGeneratedClass'GOtaDuckS_C'",
                  "ObjectPath": "/Game/Carrot4/Placeables/Objects/Otakara/GOtaDuckS.0"
                },
                "CustomParameter": "None",
                "CustomFloatParameter": 0.0,
                "GameRulePermissionFlag": 0,
                "bSetTerritory": false,
                "Territory": {
                  "Center": {
                    "X": 0.0,
                    "Y": 0.0,
                    "Z": 0.0
                  },
                  "HalfHeight": 50.0,
                  "Radius": 100.0,
                  "SearchType": "ESearchAreaSearchType::LocationDirZ",
                  "bSearchOuterTerritory": true
                }
              },
              "UniqueId": 18446744073709551615,
              "MinNum": 1,
              "MaxNum": 1,
              "DropRatio": 1.0,
              "bRegistGenerator": true,
              "DropConditions": [
                {
                  "DropCond": "EDropCondition::NoSalvageDropItem",
                  "DropCondInt": 0,
                  "DropCondName": "None",
                  "DropCondDemo": "EDemoFlagType::None"
                }
              ]
            },
            {
              "SpawnMiniInfo": {
                "DropActor": {
                  "ObjectName": "BlueprintGeneratedClass'GHoney_C'",
                  "ObjectPath": "/Game/Carrot4/Placeables/Items/GHoney.0"
                },
                "CustomParameter": "None",
                "CustomFloatParameter": 0.0,
                "GameRulePermissionFlag": 0,
                "bSetTerritory": false,
                "Territory": {
                  "Center": {
                    "X": 0.0,
                    "Y": 0.0,
                    "Z": 0.0
                  },
                  "HalfHeight": 50.0,
                  "Radius": 100.0,
                  "SearchType": "ESearchAreaSearchType::LocationDirZ",
                  "bSearchOuterTerritory": true
                }
              },
              "UniqueId": 18446744073709551615,
              "MinNum": 3,
              "MaxNum": 3,
              "DropRatio": 1.0,
              "bRegistGenerator": false,
              "DropConditions": [
                {
                  "DropCond": "EDropCondition::SalvageDropItem",
                  "DropCondInt": 0,
                  "DropCondName": "None",
                  "DropCondDemo": "EDemoFlagType::None"
                }
              ]
            }
          ],
          "DropActorParameter": {
            "Vel": {
              "X": -40.0,
              "Y": 75.0,
              "Z": 250.0
            },
            "RandVel": {
              "X": -20.0,
              "Y": -15.0,
              "Z": 30.0
            },
            "DropOption": 68
          }
        }
      },
      "UCSSerializationIndex": 0,
      "bNetAddressable": true,
      "CreationMethod": "EComponentCreationMethod::SimpleConstructionScript"
    }
  },
  {
    "Type": "KurioneAIComponent",
    "Name": "KurioneAI",
    "Outer": "GKurione3",
    "Template": "KurioneAI_GEN_VARIABLE",
    "Class": "UScriptClass'KurioneAIComponent'",
    "Properties": {
      "TekiAIParameter": {
        "DropParameter": {
          "DropItemParameter": [
            {
              "SpawnMiniInfo": {
                "DropActor": {
                  "ObjectName": "BlueprintGeneratedClass'GHoney_C'",
                  "ObjectPath": "/Game/Carrot4/Placeables/Items/GHoney.0"
                },
                "CustomParameter": "None",
                "CustomFloatParameter": 0.0,
                "GameRulePermissionFlag": 271,
                "bSetTerritory": false,
                "Territory": {
                  "Center": {
                    "X": 0.0,
                    "Y": 0.0,
                    "Z": 0.0
                  },
                  "HalfHeight": 50.0,
                  "Radius": 100.0,
                  "SearchType": "ESearchAreaSearchType::LocationDirZ",
                  "bSearchOuterTerritory": true
                }
              },
              "UniqueId": 4613094497117536267,
              "MinNum": 1,
              "MaxNum": 1,
              "DropRatio": 0.5,
              "bRegistGenerator": false,
              "DropConditions": []
            },
            {
              "SpawnMiniInfo": {
                "DropActor": {
                  "ObjectName": "BlueprintGeneratedClass'GHotExtract_C'",
                  "ObjectPath": "/Game/Carrot4/Placeables/Items/GHotExtract.0"
                },
                "CustomParameter": "None",
                "CustomFloatParameter": 0.0,
                "GameRulePermissionFlag": 271,
                "bSetTerritory": false,
                "Territory": {
                  "Center": {
                    "X": 0.0,
                    "Y": 0.0,
                    "Z": 0.0
                  },
                  "HalfHeight": 50.0,
                  "Radius": 100.0,
                  "SearchType": "ESearchAreaSearchType::LocationDirZ",
                  "bSearchOuterTerritory": true
                }
              },
              "UniqueId": 4613094497117536268,
              "MinNum": 1,
              "MaxNum": 1,
              "DropRatio": 0.5,
              "bRegistGenerator": false,
              "DropConditions": []
            }
          ],
          "DebugUniqueIdList": [
            4613094497117536267,
            4613094497117536268
          ]
        }
      },
      "UCSSerializationIndex": 0,
      "bNetAddressable": true,
      "CreationMethod": "EComponentCreationMethod::SimpleConstructionScript"
    }
  },
  {
    "Type": "KurioneAIComponent",
    "Name": "KurioneAI",
    "Outer": "GKurione4",
    "Template": "KurioneAI_GEN_VARIABLE",
    "Class": "UScriptClass'KurioneAIComponent'",
    "Properties": {
      "TekiAIParameter": {
        "Territory": {
          "Radius": 125.0
        },
        "DropParameter": {
          "DropItemParameter": [
            {
              "SpawnMiniInfo": {
                "DropActor": {
                  "ObjectName": "BlueprintGeneratedClass'GHoney_C'",
                  "ObjectPath": "/Game/Carrot4/Placeables/Items/GHoney.0"
                },
                "CustomParameter": "None",
                "CustomFloatParameter": 0.0,
                "GameRulePermissionFlag": 271,
                "bSetTerritory": false,
                "Territory": {
                  "Center": {
                    "X": 0.0,
                    "Y": 0.0,
                    "Z": 0.0
                  },
                  "HalfHeight": 50.0,
                  "Radius": 100.0,
                  "SearchType": "ESearchAreaSearchType::LocationDirZ",
                  "bSearchOuterTerritory": true
                }
              },
              "UniqueId": 4613094497117536269,
              "MinNum": 1,
              "MaxNum": 1,
              "DropRatio": 0.5,
              "bRegistGenerator": false,
              "DropConditions": []
            },
            {
              "SpawnMiniInfo": {
                "DropActor": {
                  "ObjectName": "BlueprintGeneratedClass'GHotExtract_C'",
                  "ObjectPath": "/Game/Carrot4/Placeables/Items/GHotExtract.0"
                },
                "CustomParameter": "None",
                "CustomFloatParameter": 0.0,
                "GameRulePermissionFlag": 271,
                "bSetTerritory": false,
                "Territory": {
                  "Center": {
                    "X": 0.0,
                    "Y": 0.0,
                    "Z": 0.0
                  },
                  "HalfHeight": 50.0,
                  "Radius": 100.0,
                  "SearchType": "ESearchAreaSearchType::LocationDirZ",
                  "bSearchOuterTerritory": true
                }
              },
              "UniqueId": 4613094497117536270,
              "MinNum": 1,
              "MaxNum": 1,
              "DropRatio": 0.5,
              "bRegistGenerator": false,
              "DropConditions": []
            }
          ],
          "DebugUniqueIdList": [
            4613094497117536269,
            4613094497117536270
          ]
        }
      },
      "UCSSerializationIndex": 0,
      "bNetAddressable": true,
      "CreationMethod": "EComponentCreationMethod::SimpleConstructionScript"
    }
  },
  {
    "Type": "KurioneAIComponent",
    "Name": "KurioneAI",
    "Outer": "GKurione6",
    "Template": "KurioneAI_GEN_VARIABLE",
    "Class": "UScriptClass'KurioneAIComponent'",
    "Properties": {
      "TekiAIParameter": {
        "Territory": {
          "Radius": 150.0
        },
        "DropParameter": {
          "DropItemParameter": [
            {
              "SpawnMiniInfo": {
                "DropActor": {
                  "ObjectName": "BlueprintGeneratedClass'GHoney_C'",
                  "ObjectPath": "/Game/Carrot4/Placeables/Items/GHoney.0"
                },
                "CustomParameter": "None",
                "CustomFloatParameter": 0.0,
                "GameRulePermissionFlag": 271,
                "bSetTerritory": false,
                "Territory": {
                  "Center": {
                    "X": 0.0,
                    "Y": 0.0,
                    "Z": 0.0
                  },
                  "HalfHeight": 50.0,
                  "Radius": 100.0,
                  "SearchType": "ESearchAreaSearchType::LocationDirZ",
                  "bSearchOuterTerritory": true
                }
              },
              "UniqueId": 4613094497117536271,
              "MinNum": 1,
              "MaxNum": 1,
              "DropRatio": 0.5,
              "bRegistGenerator": false,
              "DropConditions": []
            },
            {
              "SpawnMiniInfo": {
                "DropActor": {
                  "ObjectName": "BlueprintGeneratedClass'GHotExtract_C'",
                  "ObjectPath": "/Game/Carrot4/Placeables/Items/GHotExtract.0"
                },
                "CustomParameter": "None",
                "CustomFloatParameter": 0.0,
                "GameRulePermissionFlag": 271,
                "bSetTerritory": false,
                "Territory": {
                  "Center": {
                    "X": 0.0,
                    "Y": 0.0,
                    "Z": 0.0
                  },
                  "HalfHeight": 50.0,
                  "Radius": 100.0,
                  "SearchType": "ESearchAreaSearchType::LocationDirZ",
                  "bSearchOuterTerritory": true
                }
              },
              "UniqueId": 4613094497117536272,
              "MinNum": 1,
              "MaxNum": 1,
              "DropRatio": 0.5,
              "bRegistGenerator": false,
              "DropConditions": []
            }
          ],
          "DebugUniqueIdList": [
            4613094497117536271,
            4613094497117536272
          ]
        }
      },
      "UCSSerializationIndex": 0,
      "bNetAddressable": true,
      "CreationMethod": "EComponentCreationMethod::SimpleConstructionScript"
    }
  },
  {
    "Type": "Level",
    "Name": "PersistentLevel",
    "Outer": "Cave005_F01_Teki",
    "Class": "UScriptClass'Level'",
    "Properties": {
      "Model": {
        "ObjectName": "Model'Cave005_F01_Teki:PersistentLevel.Model_0'",
        "ObjectPath": "/Game/Carrot4/Maps/Madori/Cave/Cave005/Cave005_F01/Sublevels/Cave005_F01_Teki.56"
      },
      "LevelScriptActor": {
        "ObjectName": "Cave005_F01_Teki_C'Cave005_F01_Teki:PersistentLevel.Cave005_F01_Teki_C_1'",
        "ObjectPath": "/Game/Carrot4/Maps/Madori/Cave/Cave005/Cave005_F01/Sublevels/Cave005_F01_Teki.38"
      },
      "LevelBuildDataId": "A1C0BB71-493B3F88-46A90B87-86EBE0B1",
      "MapBuildData": {
        "ObjectName": "MapBuildDataRegistry'Cave005_F01_Teki_BuiltData'",
        "ObjectPath": "/Game/Carrot4/Maps/Madori/Cave/Cave005/Cave005_F01/Sublevels/Cave005_F01_Teki_BuiltData.0"
      },
      "WorldSettings": {
        "ObjectName": "MyWorldSettings'Cave005_F01_Teki:PersistentLevel.MyWorldSettings'",
        "ObjectPath": "/Game/Carrot4/Maps/Madori/Cave/Cave005/Cave005_F01/Sublevels/Cave005_F01_Teki.57"
      }
    },
    "Actors": [
      {
        "ObjectName": "MyWorldSettings'Cave005_F01_Teki:PersistentLevel.MyWorldSettings'",
        "ObjectPath": "/Game/Carrot4/Maps/Madori/Cave/Cave005/Cave005_F01/Sublevels/Cave005_F01_Teki.57"
      },
      null,
      {
        "ObjectName": "GGroupDropManager_C'Cave005_F01_Teki:PersistentLevel.GGroupDropManager_2'",
        "ObjectPath": "/Game/Carrot4/Maps/Madori/Cave/Cave005/Cave005_F01/Sublevels/Cave005_F01_Teki.43"
      },
      {
        "ObjectName": "GGroupDropManager_C'Cave005_F01_Teki:PersistentLevel.GGroupDropManager2'",
        "ObjectPath": "/Game/Carrot4/Maps/Madori/Cave/Cave005/Cave005_F01/Sublevels/Cave005_F01_Teki.42"
      },
      {
        "ObjectName": "GKurione_C'Cave005_F01_Teki:PersistentLevel.GKurione3'",
        "ObjectPath": "/Game/Carrot4/Maps/Madori/Cave/Cave005/Cave005_F01/Sublevels/Cave005_F01_Teki.44"
      },
      {
        "ObjectName": "GKurione_C'Cave005_F01_Teki:PersistentLevel.GKurione4'",
        "ObjectPath": "/Game/Carrot4/Maps/Madori/Cave/Cave005/Cave005_F01/Sublevels/Cave005_F01_Teki.45"
      },
      {
        "ObjectName": "GKurione_C'Cave005_F01_Teki:PersistentLevel.GKurione6'",
        "ObjectPath": "/Game/Carrot4/Maps/Madori/Cave/Cave005/Cave005_F01/Sublevels/Cave005_F01_Teki.46"
      },
      {
        "ObjectName": "Cave005_F01_Teki_C'Cave005_F01_Teki:PersistentLevel.Cave005_F01_Teki_C_1'",
        "ObjectPath": "/Game/Carrot4/Maps/Madori/Cave/Cave005/Cave005_F01/Sublevels/Cave005_F01_Teki.38"
      }
    ],
    "URL": {
      "Protocol": "unreal",
      "Host": "",
      "Port": 7777,
      "Valid": true,
      "Map": "/Game/Test/Maps/Check/CheckRomEntry_P",
      "Op": [],
      "Portal": ""
    },
    "Model": {
      "ObjectName": "Model'Cave005_F01_Teki:PersistentLevel.Model_0'",
      "ObjectPath": "/Game/Carrot4/Maps/Madori/Cave/Cave005/Cave005_F01/Sublevels/Cave005_F01_Teki.56"
    },
    "ModelComponents": [],
    "LevelScriptActor": {
      "ObjectName": "Cave005_F01_Teki_C'Cave005_F01_Teki:PersistentLevel.Cave005_F01_Teki_C_1'",
      "ObjectPath": "/Game/Carrot4/Maps/Madori/Cave/Cave005/Cave005_F01/Sublevels/Cave005_F01_Teki.38"
    },
    "NavListStart": null,
    "NavListEnd": null,
    "PrecomputedVisibilityHandler": {
      "PrecomputedVisibilityCellBucketOriginXY": {
        "X": 0.0,
        "Y": 0.0
      },
      "PrecomputedVisibilityCellSizeXY": 0.0,
      "PrecomputedVisibilityCellSizeZ": 0.0,
      "PrecomputedVisibilityCellBucketSizeXY": 0,
      "PrecomputedVisibilityNumCellBuckets": 0,
      "PrecomputedVisibilityCellBuckets": []
    },
    "PrecomputedVolumeDistanceField": {
      "VolumeMaxDistance": 0.0,
      "VolumeBox": {
        "Min": {
          "X": 0.0,
          "Y": 0.0,
          "Z": 0.0
        },
        "Max": {
          "X": 0.0,
          "Y": 0.0,
          "Z": 0.0
        },
        "IsValid": 0
      },
      "VolumeSizeX": 0,
      "VolumeSizeY": 0,
      "VolumeSizeZ": 0,
      "Data": []
    }
  },
  {
    "Type": "LifeComponent",
    "Name": "Life",
    "Outer": "GKurione3",
    "Template": "Life_GEN_VARIABLE",
    "Class": "UScriptClass'LifeComponent'",
    "Properties": {
      "UCSSerializationIndex": 0,
      "bNetAddressable": true,
      "CreationMethod": "EComponentCreationMethod::SimpleConstructionScript"
    }
  },
  {
    "Type": "LifeComponent",
    "Name": "Life",
    "Outer": "GKurione4",
    "Template": "Life_GEN_VARIABLE",
    "Class": "UScriptClass'LifeComponent'",
    "Properties": {
      "UCSSerializationIndex": 0,
      "bNetAddressable": true,
      "CreationMethod": "EComponentCreationMethod::SimpleConstructionScript"
    }
  },
  {
    "Type": "LifeComponent",
    "Name": "Life",
    "Outer": "GKurione6",
    "Template": "Life_GEN_VARIABLE",
    "Class": "UScriptClass'LifeComponent'",
    "Properties": {
      "UCSSerializationIndex": 0,
      "bNetAddressable": true,
      "CreationMethod": "EComponentCreationMethod::SimpleConstructionScript"
    }
  },
  {
    "Type": "Model",
    "Name": "Model_0",
    "Outer": "PersistentLevel",
    "Class": "UScriptClass'Model'",
    "Bounds": {
      "Origin": {
        "X": 0.0,
        "Y": 0.0,
        "Z": 0.0
      },
      "BoxExtent": {
        "X": 0.0,
        "Y": 0.0,
        "Z": 0.0
      },
      "SphereRadius": 0.0
    },
    "Vectors": [],
    "Points": [],
    "Nodes": [],
    "Surfs": [],
    "NumSharedSides": 4,
    "VertexBuffer": {
      "Vertices": []
    },
    "LightingGuid": "CBFD34D8-401284C5-B2ACAA85-68F6B95A",
    "LightmassSettings": []
  },
  {
    "Type": "MyWorldSettings",
    "Name": "MyWorldSettings",
    "Outer": "PersistentLevel",
    "Class": "UScriptClass'MyWorldSettings'",
    "Properties": {
      "bEnableNavigationSystem": false,
      "NavigationSystemConfig": {
        "ObjectName": "NavigationSystemModuleConfig'Cave005_F01_Teki:PersistentLevel.MyWorldSettings.NavigationSystemModuleConfig_0'",
        "ObjectPath": "/Game/Carrot4/Maps/Madori/Cave/Cave005/Cave005_F01/Sublevels/Cave005_F01_Teki.58"
      },
      "BookmarkArray": [
        null,
        null,
        null,
        null,
        null,
        null,
        null,
        null,
        null,
        null
      ]
    }
  },
  {
    "Type": "NavigationSystemModuleConfig",
    "Name": "NavigationSystemModuleConfig_0",
    "Outer": "MyWorldSettings",
    "Class": "UScriptClass'NavigationSystemModuleConfig'",
    "Properties": {
      "bStrictlyStatic": true,
      "bAutoSpawnMissingNavData": true,
      "NavigationSystemClass": {
        "AssetPathName": "/Script/Carrot4.CarrotNavigationSystem",
        "SubPathString": ""
      }
    }
  },
  {
    "Type": "PointerAssistComponent",
    "Name": "PointerAssist",
    "Outer": "GKurione3",
    "Template": "PointerAssist_GEN_VARIABLE",
    "Class": "UScriptClass'PointerAssistComponent'",
    "Properties": {
      "UCSSerializationIndex": 0,
      "bNetAddressable": true,
      "CreationMethod": "EComponentCreationMethod::SimpleConstructionScript"
    }
  },
  {
    "Type": "PointerAssistComponent",
    "Name": "PointerAssist",
    "Outer": "GKurione4",
    "Template": "PointerAssist_GEN_VARIABLE",
    "Class": "UScriptClass'PointerAssistComponent'",
    "Properties": {
      "UCSSerializationIndex": 0,
      "bNetAddressable": true,
      "CreationMethod": "EComponentCreationMethod::SimpleConstructionScript"
    }
  },
  {
    "Type": "PointerAssistComponent",
    "Name": "PointerAssist",
    "Outer": "GKurione6",
    "Template": "PointerAssist_GEN_VARIABLE",
    "Class": "UScriptClass'PointerAssistComponent'",
    "Properties": {
      "UCSSerializationIndex": 0,
      "bNetAddressable": true,
      "CreationMethod": "EComponentCreationMethod::SimpleConstructionScript"
    }
  },
  {
    "Type": "SceneComponent",
    "Name": "DefaultSceneRoot",
    "Outer": "GGroupDropManager2",
    "Template": "DefaultSceneRoot_GEN_VARIABLE",
    "Class": "UScriptClass'SceneComponent'",
    "Properties": {
      "RelativeLocation": {
        "X": -432.11432,
        "Y": -824.34485,
        "Z": 50.0001
      },
      "UCSSerializationIndex": 0,
      "bNetAddressable": true,
      "CreationMethod": "EComponentCreationMethod::SimpleConstructionScript",
      "UCSModifiedProperties": [
        {
          "MemberParent": {
            "ObjectName": "Class'SceneComponent'",
            "ObjectPath": "/Script/Engine"
          },
          "MemberName": "RelativeLocation",
          "MemberGuid": "00000000-00000000-00000000-00000000"
        }
      ]
    }
  },
  {
    "Type": "SceneComponent",
    "Name": "DefaultSceneRoot",
    "Outer": "GGroupDropManager_2",
    "Template": "DefaultSceneRoot_GEN_VARIABLE",
    "Class": "UScriptClass'SceneComponent'",
    "Properties": {
      "RelativeLocation": {
        "X": 546.67676,
        "Y": 288.91968,
        "Z": 50.0001
      },
      "UCSSerializationIndex": 0,
      "bNetAddressable": true,
      "CreationMethod": "EComponentCreationMethod::SimpleConstructionScript",
      "UCSModifiedProperties": [
        {
          "MemberParent": {
            "ObjectName": "Class'SceneComponent'",
            "ObjectPath": "/Script/Engine"
          },
          "MemberName": "RelativeLocation",
          "MemberGuid": "00000000-00000000-00000000-00000000"
        }
      ]
    }
  },
  {
    "Type": "SphereComponent",
    "Name": "CollTree_Body",
    "Outer": "GKurione3",
    "Template": "CollTree_Body_GEN_VARIABLE",
    "Class": "UScriptClass'SphereComponent'",
    "Properties": {
      "AttachParent": {
        "ObjectName": "CarrotSkeletalMeshComponent'Cave005_F01_Teki:PersistentLevel.GKurione3.CarrotSkeletalMesh'",
        "ObjectPath": "/Game/Carrot4/Maps/Madori/Cave/Cave005/Cave005_F01/Sublevels/Cave005_F01_Teki.32"
      },
      "UCSSerializationIndex": 0,
      "bNetAddressable": true,
      "CreationMethod": "EComponentCreationMethod::SimpleConstructionScript"
    }
  },
  {
    "Type": "SphereComponent",
    "Name": "Colltree_Egg",
    "Outer": "GKurione3",
    "Template": "Colltree_Egg_GEN_VARIABLE",
    "Class": "UScriptClass'SphereComponent'",
    "Properties": {
      "AttachParent": {
        "ObjectName": "CarrotSkeletalMeshComponent'Cave005_F01_Teki:PersistentLevel.GKurione3.CarrotSkeletalMesh'",
        "ObjectPath": "/Game/Carrot4/Maps/Madori/Cave/Cave005/Cave005_F01/Sublevels/Cave005_F01_Teki.32"
      },
      "UCSSerializationIndex": 0,
      "bNetAddressable": true,
      "CreationMethod": "EComponentCreationMethod::SimpleConstructionScript"
    }
  },
  {
    "Type": "SphereComponent",
    "Name": "Sphere",
    "Outer": "GKurione3",
    "Template": "Sphere_GEN_VARIABLE",
    "Class": "UScriptClass'SphereComponent'",
    "Properties": {
      "RelativeLocation": {
        "X": -822.2217,
        "Y": -148.78201,
        "Z": 66.07986
      },
      "RelativeRotation": {
        "Pitch": 0.0,
        "Yaw": -26.0,
        "Roll": 0.0
      },
      "UCSSerializationIndex": 0,
      "bNetAddressable": true,
      "CreationMethod": "EComponentCreationMethod::SimpleConstructionScript",
      "UCSModifiedProperties": [
        {
          "MemberParent": {
            "ObjectName": "Class'SceneComponent'",
            "ObjectPath": "/Script/Engine"
          },
          "MemberName": "RelativeLocation",
          "MemberGuid": "00000000-00000000-00000000-00000000"
        },
        {
          "MemberParent": {
            "ObjectName": "Class'SceneComponent'",
            "ObjectPath": "/Script/Engine"
          },
          "MemberName": "RelativeRotation",
          "MemberGuid": "00000000-00000000-00000000-00000000"
        }
      ]
    }
  },
  {
    "Type": "SphereComponent",
    "Name": "CollTree_Body",
    "Outer": "GKurione4",
    "Template": "CollTree_Body_GEN_VARIABLE",
    "Class": "UScriptClass'SphereComponent'",
    "Properties": {
      "AttachParent": {
        "ObjectName": "CarrotSkeletalMeshComponent'Cave005_F01_Teki:PersistentLevel.GKurione4.CarrotSkeletalMesh'",
        "ObjectPath": "/Game/Carrot4/Maps/Madori/Cave/Cave005/Cave005_F01/Sublevels/Cave005_F01_Teki.34"
      },
      "UCSSerializationIndex": 0,
      "bNetAddressable": true,
      "CreationMethod": "EComponentCreationMethod::SimpleConstructionScript"
    }
  },
  {
    "Type": "SphereComponent",
    "Name": "Colltree_Egg",
    "Outer": "GKurione4",
    "Template": "Colltree_Egg_GEN_VARIABLE",
    "Class": "UScriptClass'SphereComponent'",
    "Properties": {
      "AttachParent": {
        "ObjectName": "CarrotSkeletalMeshComponent'Cave005_F01_Teki:PersistentLevel.GKurione4.CarrotSkeletalMesh'",
        "ObjectPath": "/Game/Carrot4/Maps/Madori/Cave/Cave005/Cave005_F01/Sublevels/Cave005_F01_Teki.34"
      },
      "UCSSerializationIndex": 0,
      "bNetAddressable": true,
      "CreationMethod": "EComponentCreationMethod::SimpleConstructionScript"
    }
  },
  {
    "Type": "SphereComponent",
    "Name": "Sphere",
    "Outer": "GKurione4",
    "Template": "Sphere_GEN_VARIABLE",
    "Class": "UScriptClass'SphereComponent'",
    "Properties": {
      "RelativeLocation": {
        "X": -289.22168,
        "Y": 1100.218,
        "Z": 16.0
      },
      "RelativeRotation": {
        "Pitch": 0.0,
        "Yaw": -90.00015,
        "Roll": 0.0
      },
      "UCSSerializationIndex": 0,
      "bNetAddressable": true,
      "CreationMethod": "EComponentCreationMethod::SimpleConstructionScript",
      "UCSModifiedProperties": [
        {
          "MemberParent": {
            "ObjectName": "Class'SceneComponent'",
            "ObjectPath": "/Script/Engine"
          },
          "MemberName": "RelativeLocation",
          "MemberGuid": "00000000-00000000-00000000-00000000"
        },
        {
          "MemberParent": {
            "ObjectName": "Class'SceneComponent'",
            "ObjectPath": "/Script/Engine"
          },
          "MemberName": "RelativeRotation",
          "MemberGuid": "00000000-00000000-00000000-00000000"
        }
      ]
    }
  },
  {
    "Type": "SphereComponent",
    "Name": "CollTree_Body",
    "Outer": "GKurione6",
    "Template": "CollTree_Body_GEN_VARIABLE",
    "Class": "UScriptClass'SphereComponent'",
    "Properties": {
      "AttachParent": {
        "ObjectName": "CarrotSkeletalMeshComponent'Cave005_F01_Teki:PersistentLevel.GKurione6.CarrotSkeletalMesh'",
        "ObjectPath": "/Game/Carrot4/Maps/Madori/Cave/Cave005/Cave005_F01/Sublevels/Cave005_F01_Teki.36"
      },
      "UCSSerializationIndex": 0,
      "bNetAddressable": true,
      "CreationMethod": "EComponentCreationMethod::SimpleConstructionScript"
    }
  },
  {
    "Type": "SphereComponent",
    "Name": "Colltree_Egg",
    "Outer": "GKurione6",
    "Template": "Colltree_Egg_GEN_VARIABLE",
    "Class": "UScriptClass'SphereComponent'",
    "Properties": {
      "AttachParent": {
        "ObjectName": "CarrotSkeletalMeshComponent'Cave005_F01_Teki:PersistentLevel.GKurione6.CarrotSkeletalMesh'",
        "ObjectPath": "/Game/Carrot4/Maps/Madori/Cave/Cave005/Cave005_F01/Sublevels/Cave005_F01_Teki.36"
      },
      "UCSSerializationIndex": 0,
      "bNetAddressable": true,
      "CreationMethod": "EComponentCreationMethod::SimpleConstructionScript"
    }
  },
  {
    "Type": "SphereComponent",
    "Name": "Sphere",
    "Outer": "GKurione6",
    "Template": "Sphere_GEN_VARIABLE",
    "Class": "UScriptClass'SphereComponent'",
    "Properties": {
      "RelativeLocation": {
        "X": 418.77832,
        "Y": -806.782,
        "Z": 65.999985
      },
      "RelativeRotation": {
        "Pitch": 0.0,
        "Yaw": 89.99988,
        "Roll": 0.0
      },
      "UCSSerializationIndex": 0,
      "bNetAddressable": true,
      "CreationMethod": "EComponentCreationMethod::SimpleConstructionScript",
      "UCSModifiedProperties": [
        {
          "MemberParent": {
            "ObjectName": "Class'SceneComponent'",
            "ObjectPath": "/Script/Engine"
          },
          "MemberName": "RelativeLocation",
          "MemberGuid": "00000000-00000000-00000000-00000000"
        },
        {
          "MemberParent": {
            "ObjectName": "Class'SceneComponent'",
            "ObjectPath": "/Script/Engine"
          },
          "MemberName": "RelativeRotation",
          "MemberGuid": "00000000-00000000-00000000-00000000"
        }
      ]
    }
  },
  {
    "Type": "TerrainSensorComponent",
    "Name": "TerrainSensor",
    "Outer": "GKurione3",
    "Template": "TerrainSensor_GEN_VARIABLE",
    "Class": "UScriptClass'TerrainSensorComponent'",
    "Properties": {
      "UCSSerializationIndex": 0,
      "bNetAddressable": true,
      "CreationMethod": "EComponentCreationMethod::SimpleConstructionScript"
    }
  },
  {
    "Type": "TerrainSensorComponent",
    "Name": "TerrainSensor",
    "Outer": "GKurione4",
    "Template": "TerrainSensor_GEN_VARIABLE",
    "Class": "UScriptClass'TerrainSensorComponent'",
    "Properties": {
      "UCSSerializationIndex": 0,
      "bNetAddressable": true,
      "CreationMethod": "EComponentCreationMethod::SimpleConstructionScript"
    }
  },
  {
    "Type": "TerrainSensorComponent",
    "Name": "TerrainSensor",
    "Outer": "GKurione6",
    "Template": "TerrainSensor_GEN_VARIABLE",
    "Class": "UScriptClass'TerrainSensorComponent'",
    "Properties": {
      "UCSSerializationIndex": 0,
      "bNetAddressable": true,
      "CreationMethod": "EComponentCreationMethod::SimpleConstructionScript"
    }
  },
  {
    "Type": "World",
    "Name": "Cave005_F01_Teki",
    "Class": "UScriptClass'World'",
    "PersistentLevel": {
      "ObjectName": "Level'Cave005_F01_Teki:PersistentLevel'",
      "ObjectPath": "/Game/Carrot4/Maps/Madori/Cave/Cave005/Cave005_F01/Sublevels/Cave005_F01_Teki.52"
    },
    "ExtraReferencedObjects": [],
    "StreamingLevels": []
  }
]