{
  "Content": [
    {
      "LevelLightingQuality": {
        "EnumClass": "ELightingBuildQuality",
        "EnumValue": "Quality_Production"
      }
    }
  ],
  "Extra": {
    "BlobOfData": "00000000020000000000000000000000000000000100000000000000",
    "ExInitialHeader": {
      "FMappedNameName": 0,
      "FMappedNameSource": 0,
      "PackageFlags": 2147500032,
      "CookedHeaderSize": 734,
      "NameMapOffset": 64,
      "NameMapSize": 246,
      "NameMapHashesOffset": 312,
      "NameMapHashesSize": 112,
      "ImportMapOffset": 424,
      "ExportMapOffset": 448,
      "ExportBundlesOffset": 520,
      "GraphDataOffset": 544,
      "GraphDataSize": 4
    },
    "ExNameMap": [
      "/Game/Carrot4/Maps/Boot_P_BuiltData",
      "/Script/CoreUObject",
      "/Script/Engine",
      "Boot_P_BuiltData",
      "ByteProperty",
      "Class",
      "Default__MapBuildDataRegistry",
      "ELightingBuildQuality",
      "LevelLightingQuality",
      "MapBuildDataRegistry",
      "None",
      "Package",
      "Quality_Production"
    ],
    "ExImports": [
      4861298208663796588,
      8304201596276390994,
      5885306222398933282
    ],
    "ExExports": [
      {
        "CookedSerialOffset": 734,
        "CookedSerialSize": 79,
        "ObjectName": "Boot_P_BuiltData",
        "OuterIndex": 18446744073709551615,
        "ClassIndex": 4861298208663796588,
        "SuperIndex": 18446744073709551615,
        "GlobalImportIndex": 8304201596276390994,
        "PublicExportHash": 13760066429438458838,
        "UnknownFlags": 3
      }
    ],
    "FileReferences": [
      "/Game/Carrot4/Maps/Boot_P_BuiltData",
      "Boot_P_BuiltData"
    ]
  }
}