[
  {
    "Type": "CarrotStaticMeshComponent",
    "Name": "SM_CMA_T04_DC_MossTamagoke01",
    "Outer": "CMA_T04_DC_MossTamagoke01_ACT_1",
    "Template": "SM_CMA_T04_DC_MossTamagoke01_GEN_VARIABLE",
    "Class": "UScriptClass'CarrotStaticMeshComponent'",
    "Properties": {
      "StreamingTextureData": [
        {
          "PackedRelativeBox": 4290510914,
          "TextureLevelIndex": 0,
          "TexelFactor": 50.671494
        },
        {
          "PackedRelativeBox": 4290510914,
          "TextureLevelIndex": 1,
          "TexelFactor": 50.671494
        },
        {
          "PackedRelativeBox": 4290510914,
          "TextureLevelIndex": 2,
          "TexelFactor": 50.671494
        }
      ],
      "VisibilityId": 2,
      "AttachParent": {
        "ObjectName": "SceneComponent'Cave004_F00_Plants:PersistentLevel.CMA_T04_DC_MossTamagoke01_ACT_1.SceneRoot'",
        "ObjectPath": "/Game/Carrot4/Maps/Madori/Cave/Cave004/Cave004_F00/Sublevels/Cave004_F00_Plants.43"
      },
      "UCSSerializationIndex": 0,
      "bNetAddressable": true,
      "CreationMethod": "EComponentCreationMethod::SimpleConstructionScript"
    }
  },
  {
    "Type": "CarrotStaticMeshComponent",
    "Name": "SM_CMA_T04_DC_MossTamagoke01",
    "Outer": "CMA_T04_DC_MossTamagoke01_ACT_2",
    "Template": "SM_CMA_T04_DC_MossTamagoke01_GEN_VARIABLE",
    "Class": "UScriptClass'CarrotStaticMeshComponent'",
    "Properties": {
      "StreamingTextureData": [
        {
          "PackedRelativeBox": 4288544867,
          "TextureLevelIndex": 0,
          "TexelFactor": 50.671494
        },
        {
          "PackedRelativeBox": 4288544867,
          "TextureLevelIndex": 1,
          "TexelFactor": 50.671494
        },
        {
          "PackedRelativeBox": 4288544867,
          "TextureLevelIndex": 2,
          "TexelFactor": 50.671494
        }
      ],
      "VisibilityId": 3,
      "AttachParent": {
        "ObjectName": "SceneComponent'Cave004_F00_Plants:PersistentLevel.CMA_T04_DC_MossTamagoke01_ACT_2.SceneRoot'",
        "ObjectPath": "/Game/Carrot4/Maps/Madori/Cave/Cave004/Cave004_F00/Sublevels/Cave004_F00_Plants.44"
      },
      "UCSSerializationIndex": 0,
      "bNetAddressable": true,
      "CreationMethod": "EComponentCreationMethod::SimpleConstructionScript"
    }
  },
  {
    "Type": "CarrotStaticMeshComponent",
    "Name": "SM_CMA_T04_DC_MossTamagoke01",
    "Outer": "CMA_T04_DC_MossTamagoke01_ACT_3",
    "Template": "SM_CMA_T04_DC_MossTamagoke01_GEN_VARIABLE",
    "Class": "UScriptClass'CarrotStaticMeshComponent'",
    "Properties": {
      "StreamingTextureData": [
        {
          "PackedRelativeBox": 4286185539,
          "TextureLevelIndex": 0,
          "TexelFactor": 50.671494
        },
        {
          "PackedRelativeBox": 4286185539,
          "TextureLevelIndex": 1,
          "TexelFactor": 50.671494
        },
        {
          "PackedRelativeBox": 4286185539,
          "TextureLevelIndex": 2,
          "TexelFactor": 50.671494
        }
      ],
      "VisibilityId": 4,
      "AttachParent": {
        "ObjectName": "SceneComponent'Cave004_F00_Plants:PersistentLevel.CMA_T04_DC_MossTamagoke01_ACT_3.SceneRoot'",
        "ObjectPath": "/Game/Carrot4/Maps/Madori/Cave/Cave004/Cave004_F00/Sublevels/Cave004_F00_Plants.45"
      },
      "UCSSerializationIndex": 0,
      "bNetAddressable": true,
      "CreationMethod": "EComponentCreationMethod::SimpleConstructionScript"
    }
  },
  {
    "Type": "CarrotStaticMeshComponent",
    "Name": "SM_CMA_T04_DC_MossTamagoke01",
    "Outer": "CMA_T04_DC_MossTamagoke01_ACT_4",
    "Template": "SM_CMA_T04_DC_MossTamagoke01_GEN_VARIABLE",
    "Class": "UScriptClass'CarrotStaticMeshComponent'",
    "Properties": {
      "StreamingTextureData": [
        {
          "PackedRelativeBox": 4290576451,
          "TextureLevelIndex": 0,
          "TexelFactor": 50.671494
        },
        {
          "PackedRelativeBox": 4290576451,
          "TextureLevelIndex": 1,
          "TexelFactor": 50.671494
        },
        {
          "PackedRelativeBox": 4290576451,
          "TextureLevelIndex": 2,
          "TexelFactor": 50.671494
        }
      ],
      "VisibilityId": 5,
      "AttachParent": {
        "ObjectName": "SceneComponent'Cave004_F00_Plants:PersistentLevel.CMA_T04_DC_MossTamagoke01_ACT_4.SceneRoot'",
        "ObjectPath": "/Game/Carrot4/Maps/Madori/Cave/Cave004/Cave004_F00/Sublevels/Cave004_F00_Plants.46"
      },
      "UCSSerializationIndex": 0,
      "bNetAddressable": true,
      "CreationMethod": "EComponentCreationMethod::SimpleConstructionScript"
    }
  },
  {
    "Type": "CarrotStaticMeshComponent",
    "Name": "SM_CMA_T04_DC_MossTamagoke01",
    "Outer": "CMA_T04_DC_MossTamagoke01_ACT_5",
    "Template": "SM_CMA_T04_DC_MossTamagoke01_GEN_VARIABLE",
    "Class": "UScriptClass'CarrotStaticMeshComponent'",
    "Properties": {
      "StreamingTextureData": [
        {
          "PackedRelativeBox": 4286382147,
          "TextureLevelIndex": 0,
          "TexelFactor": 50.671494
        },
        {
          "PackedRelativeBox": 4286382147,
          "TextureLevelIndex": 1,
          "TexelFactor": 50.671494
        },
        {
          "PackedRelativeBox": 4286382147,
          "TextureLevelIndex": 2,
          "TexelFactor": 50.671494
        }
      ],
      "VisibilityId": 6,
      "AttachParent": {
        "ObjectName": "SceneComponent'Cave004_F00_Plants:PersistentLevel.CMA_T04_DC_MossTamagoke01_ACT_5.SceneRoot'",
        "ObjectPath": "/Game/Carrot4/Maps/Madori/Cave/Cave004/Cave004_F00/Sublevels/Cave004_F00_Plants.47"
      },
      "UCSSerializationIndex": 0,
      "bNetAddressable": true,
      "CreationMethod": "EComponentCreationMethod::SimpleConstructionScript"
    }
  },
  {
    "Type": "CarrotStaticMeshComponent",
    "Name": "SM_CMA_T04_DC_MossTamagoke01",
    "Outer": "CMA_T04_DC_MossTamagoke01_ACT_6",
    "Template": "SM_CMA_T04_DC_MossTamagoke01_GEN_VARIABLE",
    "Class": "UScriptClass'CarrotStaticMeshComponent'",
    "Properties": {
      "StreamingTextureData": [
        {
          "PackedRelativeBox": 4288479332,
          "TextureLevelIndex": 0,
          "TexelFactor": 50.671494
        },
        {
          "PackedRelativeBox": 4288479332,
          "TextureLevelIndex": 1,
          "TexelFactor": 50.671494
        },
        {
          "PackedRelativeBox": 4288479332,
          "TextureLevelIndex": 2,
          "TexelFactor": 50.671494
        }
      ],
      "VisibilityId": 1,
      "AttachParent": {
        "ObjectName": "SceneComponent'Cave004_F00_Plants:PersistentLevel.CMA_T04_DC_MossTamagoke01_ACT_6.SceneRoot'",
        "ObjectPath": "/Game/Carrot4/Maps/Madori/Cave/Cave004/Cave004_F00/Sublevels/Cave004_F00_Plants.48"
      },
      "UCSSerializationIndex": 0,
      "bNetAddressable": true,
      "CreationMethod": "EComponentCreationMethod::SimpleConstructionScript"
    }
  },
  {
    "Type": "CarrotStaticMeshComponent",
    "Name": "SM_CMA_T04_DC_MossTamagoke02",
    "Outer": "CMA_T04_DC_MossTamagoke02_ACT_1",
    "Template": "SM_CMA_T04_DC_MossTamagoke02_GEN_VARIABLE",
    "Class": "UScriptClass'CarrotStaticMeshComponent'",
    "Properties": {
      "StreamingTextureData": [
        {
          "PackedRelativeBox": 4288348259,
          "TextureLevelIndex": 0,
          "TexelFactor": 39.667213
        },
        {
          "PackedRelativeBox": 4288348259,
          "TextureLevelIndex": 1,
          "TexelFactor": 39.667213
        },
        {
          "PackedRelativeBox": 4288348259,
          "TextureLevelIndex": 2,
          "TexelFactor": 39.667213
        }
      ],
      "VisibilityId": 8,
      "AttachParent": {
        "ObjectName": "SceneComponent'Cave004_F00_Plants:PersistentLevel.CMA_T04_DC_MossTamagoke02_ACT_1.SceneRoot'",
        "ObjectPath": "/Game/Carrot4/Maps/Madori/Cave/Cave004/Cave004_F00/Sublevels/Cave004_F00_Plants.49"
      },
      "UCSSerializationIndex": 0,
      "bNetAddressable": true,
      "CreationMethod": "EComponentCreationMethod::SimpleConstructionScript"
    }
  },
  {
    "Type": "CarrotStaticMeshComponent",
    "Name": "SM_CMA_T04_DC_MossTamagoke02",
    "Outer": "CMA_T04_DC_MossTamagoke02_ACT_2",
    "Template": "SM_CMA_T04_DC_MossTamagoke02_GEN_VARIABLE",
    "Class": "UScriptClass'CarrotStaticMeshComponent'",
    "Properties": {
      "StreamingTextureData": [
        {
          "PackedRelativeBox": 4294901760,
          "TextureLevelIndex": 0,
          "TexelFactor": 39.667213
        },
        {
          "PackedRelativeBox": 4294901760,
          "TextureLevelIndex": 1,
          "TexelFactor": 39.667213
        },
        {
          "PackedRelativeBox": 4294901760,
          "TextureLevelIndex": 2,
          "TexelFactor": 39.667213
        }
      ],
      "VisibilityId": 9,
      "AttachParent": {
        "ObjectName": "SceneComponent'Cave004_F00_Plants:PersistentLevel.CMA_T04_DC_MossTamagoke02_ACT_2.SceneRoot'",
        "ObjectPath": "/Game/Carrot4/Maps/Madori/Cave/Cave004/Cave004_F00/Sublevels/Cave004_F00_Plants.50"
      },
      "UCSSerializationIndex": 0,
      "bNetAddressable": true,
      "CreationMethod": "EComponentCreationMethod::SimpleConstructionScript"
    }
  },
  {
    "Type": "CarrotStaticMeshComponent",
    "Name": "SM_CMA_T04_DC_MossTamagoke02",
    "Outer": "CMA_T04_DC_MossTamagoke02_ACT_3",
    "Template": "SM_CMA_T04_DC_MossTamagoke02_GEN_VARIABLE",
    "Class": "UScriptClass'CarrotStaticMeshComponent'",
    "Properties": {
      "StreamingTextureData": [
        {
          "PackedRelativeBox": 4292739137,
          "TextureLevelIndex": 0,
          "TexelFactor": 39.667213
        },
        {
          "PackedRelativeBox": 4292739137,
          "TextureLevelIndex": 1,
          "TexelFactor": 39.667213
        },
        {
          "PackedRelativeBox": 4292739137,
          "TextureLevelIndex": 2,
          "TexelFactor": 39.667213
        }
      ],
      "VisibilityId": 7,
      "AttachParent": {
        "ObjectName": "SceneComponent'Cave004_F00_Plants:PersistentLevel.CMA_T04_DC_MossTamagoke02_ACT_3.SceneRoot'",
        "ObjectPath": "/Game/Carrot4/Maps/Madori/Cave/Cave004/Cave004_F00/Sublevels/Cave004_F00_Plants.51"
      },
      "UCSSerializationIndex": 0,
      "bNetAddressable": true,
      "CreationMethod": "EComponentCreationMethod::SimpleConstructionScript"
    }
  },
  {
    "Type": "CarrotStaticMeshComponent",
    "Name": "SM_CMA_T04_DC_MossTamagoke02",
    "Outer": "CMA_T04_DC_MossTamagoke02_ACT_4",
    "Template": "SM_CMA_T04_DC_MossTamagoke02_GEN_VARIABLE",
    "Class": "UScriptClass'CarrotStaticMeshComponent'",
    "Properties": {
      "StreamingTextureData": [
        {
          "PackedRelativeBox": 4286251140,
          "TextureLevelIndex": 0,
          "TexelFactor": 39.667213
        },
        {
          "PackedRelativeBox": 4286251140,
          "TextureLevelIndex": 1,
          "TexelFactor": 39.667213
        },
        {
          "PackedRelativeBox": 4286251140,
          "TextureLevelIndex": 2,
          "TexelFactor": 39.667213
        }
      ],
      "VisibilityId": 10,
      "AttachParent": {
        "ObjectName": "SceneComponent'Cave004_F00_Plants:PersistentLevel.CMA_T04_DC_MossTamagoke02_ACT_4.SceneRoot'",
        "ObjectPath": "/Game/Carrot4/Maps/Madori/Cave/Cave004/Cave004_F00/Sublevels/Cave004_F00_Plants.52"
      },
      "UCSSerializationIndex": 0,
      "bNetAddressable": true,
      "CreationMethod": "EComponentCreationMethod::SimpleConstructionScript"
    }
  },
  {
    "Type": "CarrotStaticMeshComponent",
    "Name": "SM_CMA_T04_DC_MossTamagoke02",
    "Outer": "CMA_T04_DC_MossTamagoke02_ACT_5",
    "Template": "SM_CMA_T04_DC_MossTamagoke02_GEN_VARIABLE",
    "Class": "UScriptClass'CarrotStaticMeshComponent'",
    "Properties": {
      "StreamingTextureData": [
        {
          "PackedRelativeBox": 4294901760,
          "TextureLevelIndex": 0,
          "TexelFactor": 39.667213
        },
        {
          "PackedRelativeBox": 4294901760,
          "TextureLevelIndex": 1,
          "TexelFactor": 39.667213
        },
        {
          "PackedRelativeBox": 4294901760,
          "TextureLevelIndex": 2,
          "TexelFactor": 39.667213
        }
      ],
      "VisibilityId": 11,
      "AttachParent": {
        "ObjectName": "SceneComponent'Cave004_F00_Plants:PersistentLevel.CMA_T04_DC_MossTamagoke02_ACT_5.SceneRoot'",
        "ObjectPath": "/Game/Carrot4/Maps/Madori/Cave/Cave004/Cave004_F00/Sublevels/Cave004_F00_Plants.53"
      },
      "UCSSerializationIndex": 0,
      "bNetAddressable": true,
      "CreationMethod": "EComponentCreationMethod::SimpleConstructionScript"
    }
  },
  {
    "Type": "CarrotStaticMeshComponent",
    "Name": "SM_CMA_T04_DC_MossTamagoke02",
    "Outer": "CMA_T04_DC_MossTamagoke02_ACT_8",
    "Template": "SM_CMA_T04_DC_MossTamagoke02_GEN_VARIABLE",
    "Class": "UScriptClass'CarrotStaticMeshComponent'",
    "Properties": {
      "StreamingTextureData": [
        {
          "PackedRelativeBox": 4294901760,
          "TextureLevelIndex": 0,
          "TexelFactor": 39.667213
        },
        {
          "PackedRelativeBox": 4294901760,
          "TextureLevelIndex": 1,
          "TexelFactor": 39.667213
        },
        {
          "PackedRelativeBox": 4294901760,
          "TextureLevelIndex": 2,
          "TexelFactor": 39.667213
        }
      ],
      "VisibilityId": 12,
      "AttachParent": {
        "ObjectName": "SceneComponent'Cave004_F00_Plants:PersistentLevel.CMA_T04_DC_MossTamagoke02_ACT_8.SceneRoot'",
        "ObjectPath": "/Game/Carrot4/Maps/Madori/Cave/Cave004/Cave004_F00/Sublevels/Cave004_F00_Plants.54"
      },
      "UCSSerializationIndex": 0,
      "bNetAddressable": true,
      "CreationMethod": "EComponentCreationMethod::SimpleConstructionScript"
    }
  },
  {
    "Type": "CarrotStaticMeshComponent",
    "Name": "SM_CMA_T04_DC_MossTamagoke02",
    "Outer": "CMA_T04_DC_MossTamagoke02_ACT_9",
    "Template": "SM_CMA_T04_DC_MossTamagoke02_GEN_VARIABLE",
    "Class": "UScriptClass'CarrotStaticMeshComponent'",
    "Properties": {
      "StreamingTextureData": [
        {
          "PackedRelativeBox": 4294836256,
          "TextureLevelIndex": 0,
          "TexelFactor": 39.667213
        },
        {
          "PackedRelativeBox": 4294836256,
          "TextureLevelIndex": 1,
          "TexelFactor": 39.667213
        },
        {
          "PackedRelativeBox": 4294836256,
          "TextureLevelIndex": 2,
          "TexelFactor": 39.667213
        }
      ],
      "VisibilityId": 13,
      "AttachParent": {
        "ObjectName": "SceneComponent'Cave004_F00_Plants:PersistentLevel.CMA_T04_DC_MossTamagoke02_ACT_9.SceneRoot'",
        "ObjectPath": "/Game/Carrot4/Maps/Madori/Cave/Cave004/Cave004_F00/Sublevels/Cave004_F00_Plants.55"
      },
      "UCSSerializationIndex": 0,
      "bNetAddressable": true,
      "CreationMethod": "EComponentCreationMethod::SimpleConstructionScript"
    }
  },
  {
    "Type": "CMA_T04_DC_MossTamagoke01_ACT_C",
    "Name": "CMA_T04_DC_MossTamagoke01_ACT_1",
    "Outer": "PersistentLevel",
    "Template": "Default__CMA_T04_DC_MossTamagoke01_ACT_C",
    "Class": "BlueprintGeneratedClass'/Game/Carrot4/Terrain/Cave/Type/Garden/BlueprintActor/CMA_T04_DC_MossTamagoke01_ACT.CMA_T04_DC_MossTamagoke01_ACT_C'",
    "Properties": {
      "PlantsSphere0": {
        "ObjectName": "SphereComponent'Cave004_F00_Plants:PersistentLevel.CMA_T04_DC_MossTamagoke01_ACT_1.PlantsSphere0'",
        "ObjectPath": "/Game/Carrot4/Maps/Madori/Cave/Cave004/Cave004_F00/Sublevels/Cave004_F00_Plants.56"
      },
      "PlantsTrigger0": {
        "ObjectName": "PlantsTriggerComponent'Cave004_F00_Plants:PersistentLevel.CMA_T04_DC_MossTamagoke01_ACT_1.PlantsTrigger0'",
        "ObjectPath": "/Game/Carrot4/Maps/Madori/Cave/Cave004/Cave004_F00/Sublevels/Cave004_F00_Plants.30"
      },
      "SM_CMA_T04_DC_MossTamagoke01": {
        "ObjectName": "CarrotStaticMeshComponent'Cave004_F00_Plants:PersistentLevel.CMA_T04_DC_MossTamagoke01_ACT_1.SM_CMA_T04_DC_MossTamagoke01'",
        "ObjectPath": "/Game/Carrot4/Maps/Madori/Cave/Cave004/Cave004_F00/Sublevels/Cave004_F00_Plants.0"
      },
      "RootComponent": {
        "ObjectName": "SceneComponent'Cave004_F00_Plants:PersistentLevel.CMA_T04_DC_MossTamagoke01_ACT_1.SceneRoot'",
        "ObjectPath": "/Game/Carrot4/Maps/Madori/Cave/Cave004/Cave004_F00/Sublevels/Cave004_F00_Plants.43"
      },
      "BlueprintCreatedComponents": [
        {
          "ObjectName": "CarrotStaticMeshComponent'Cave004_F00_Plants:PersistentLevel.CMA_T04_DC_MossTamagoke01_ACT_1.SM_CMA_T04_DC_MossTamagoke01'",
          "ObjectPath": "/Game/Carrot4/Maps/Madori/Cave/Cave004/Cave004_F00/Sublevels/Cave004_F00_Plants.0"
        },
        {
          "ObjectName": "PlantsTriggerComponent'Cave004_F00_Plants:PersistentLevel.CMA_T04_DC_MossTamagoke01_ACT_1.PlantsTrigger0'",
          "ObjectPath": "/Game/Carrot4/Maps/Madori/Cave/Cave004/Cave004_F00/Sublevels/Cave004_F00_Plants.30"
        },
        {
          "ObjectName": "SphereComponent'Cave004_F00_Plants:PersistentLevel.CMA_T04_DC_MossTamagoke01_ACT_1.PlantsSphere0'",
          "ObjectPath": "/Game/Carrot4/Maps/Madori/Cave/Cave004/Cave004_F00/Sublevels/Cave004_F00_Plants.56"
        }
      ]
    }
  },
  {
    "Type": "CMA_T04_DC_MossTamagoke01_ACT_C",
    "Name": "CMA_T04_DC_MossTamagoke01_ACT_2",
    "Outer": "PersistentLevel",
    "Template": "Default__CMA_T04_DC_MossTamagoke01_ACT_C",
    "Class": "BlueprintGeneratedClass'/Game/Carrot4/Terrain/Cave/Type/Garden/BlueprintActor/CMA_T04_DC_MossTamagoke01_ACT.CMA_T04_DC_MossTamagoke01_ACT_C'",
    "Properties": {
      "PlantsSphere0": {
        "ObjectName": "SphereComponent'Cave004_F00_Plants:PersistentLevel.CMA_T04_DC_MossTamagoke01_ACT_2.PlantsSphere0'",
        "ObjectPath": "/Game/Carrot4/Maps/Madori/Cave/Cave004/Cave004_F00/Sublevels/Cave004_F00_Plants.57"
      },
      "PlantsTrigger0": {
        "ObjectName": "PlantsTriggerComponent'Cave004_F00_Plants:PersistentLevel.CMA_T04_DC_MossTamagoke01_ACT_2.PlantsTrigger0'",
        "ObjectPath": "/Game/Carrot4/Maps/Madori/Cave/Cave004/Cave004_F00/Sublevels/Cave004_F00_Plants.31"
      },
      "SM_CMA_T04_DC_MossTamagoke01": {
        "ObjectName": "CarrotStaticMeshComponent'Cave004_F00_Plants:PersistentLevel.CMA_T04_DC_MossTamagoke01_ACT_2.SM_CMA_T04_DC_MossTamagoke01'",
        "ObjectPath": "/Game/Carrot4/Maps/Madori/Cave/Cave004/Cave004_F00/Sublevels/Cave004_F00_Plants.1"
      },
      "RootComponent": {
        "ObjectName": "SceneComponent'Cave004_F00_Plants:PersistentLevel.CMA_T04_DC_MossTamagoke01_ACT_2.SceneRoot'",
        "ObjectPath": "/Game/Carrot4/Maps/Madori/Cave/Cave004/Cave004_F00/Sublevels/Cave004_F00_Plants.44"
      },
      "BlueprintCreatedComponents": [
        {
          "ObjectName": "CarrotStaticMeshComponent'Cave004_F00_Plants:PersistentLevel.CMA_T04_DC_MossTamagoke01_ACT_2.SM_CMA_T04_DC_MossTamagoke01'",
          "ObjectPath": "/Game/Carrot4/Maps/Madori/Cave/Cave004/Cave004_F00/Sublevels/Cave004_F00_Plants.1"
        },
        {
          "ObjectName": "PlantsTriggerComponent'Cave004_F00_Plants:PersistentLevel.CMA_T04_DC_MossTamagoke01_ACT_2.PlantsTrigger0'",
          "ObjectPath": "/Game/Carrot4/Maps/Madori/Cave/Cave004/Cave004_F00/Sublevels/Cave004_F00_Plants.31"
        },
        {
          "ObjectName": "SphereComponent'Cave004_F00_Plants:PersistentLevel.CMA_T04_DC_MossTamagoke01_ACT_2.PlantsSphere0'",
          "ObjectPath": "/Game/Carrot4/Maps/Madori/Cave/Cave004/Cave004_F00/Sublevels/Cave004_F00_Plants.57"
        }
      ]
    }
  },
  {
    "Type": "CMA_T04_DC_MossTamagoke01_ACT_C",
    "Name": "CMA_T04_DC_MossTamagoke01_ACT_3",
    "Outer": "PersistentLevel",
    "Template": "Default__CMA_T04_DC_MossTamagoke01_ACT_C",
    "Class": "BlueprintGeneratedClass'/Game/Carrot4/Terrain/Cave/Type/Garden/BlueprintActor/CMA_T04_DC_MossTamagoke01_ACT.CMA_T04_DC_MossTamagoke01_ACT_C'",
    "Properties": {
      "PlantsSphere0": {
        "ObjectName": "SphereComponent'Cave004_F00_Plants:PersistentLevel.CMA_T04_DC_MossTamagoke01_ACT_3.PlantsSphere0'",
        "ObjectPath": "/Game/Carrot4/Maps/Madori/Cave/Cave004/Cave004_F00/Sublevels/Cave004_F00_Plants.58"
      },
      "PlantsTrigger0": {
        "ObjectName": "PlantsTriggerComponent'Cave004_F00_Plants:PersistentLevel.CMA_T04_DC_MossTamagoke01_ACT_3.PlantsTrigger0'",
        "ObjectPath": "/Game/Carrot4/Maps/Madori/Cave/Cave004/Cave004_F00/Sublevels/Cave004_F00_Plants.32"
      },
      "SM_CMA_T04_DC_MossTamagoke01": {
        "ObjectName": "CarrotStaticMeshComponent'Cave004_F00_Plants:PersistentLevel.CMA_T04_DC_MossTamagoke01_ACT_3.SM_CMA_T04_DC_MossTamagoke01'",
        "ObjectPath": "/Game/Carrot4/Maps/Madori/Cave/Cave004/Cave004_F00/Sublevels/Cave004_F00_Plants.2"
      },
      "RootComponent": {
        "ObjectName": "SceneComponent'Cave004_F00_Plants:PersistentLevel.CMA_T04_DC_MossTamagoke01_ACT_3.SceneRoot'",
        "ObjectPath": "/Game/Carrot4/Maps/Madori/Cave/Cave004/Cave004_F00/Sublevels/Cave004_F00_Plants.45"
      },
      "BlueprintCreatedComponents": [
        {
          "ObjectName": "CarrotStaticMeshComponent'Cave004_F00_Plants:PersistentLevel.CMA_T04_DC_MossTamagoke01_ACT_3.SM_CMA_T04_DC_MossTamagoke01'",
          "ObjectPath": "/Game/Carrot4/Maps/Madori/Cave/Cave004/Cave004_F00/Sublevels/Cave004_F00_Plants.2"
        },
        {
          "ObjectName": "PlantsTriggerComponent'Cave004_F00_Plants:PersistentLevel.CMA_T04_DC_MossTamagoke01_ACT_3.PlantsTrigger0'",
          "ObjectPath": "/Game/Carrot4/Maps/Madori/Cave/Cave004/Cave004_F00/Sublevels/Cave004_F00_Plants.32"
        },
        {
          "ObjectName": "SphereComponent'Cave004_F00_Plants:PersistentLevel.CMA_T04_DC_MossTamagoke01_ACT_3.PlantsSphere0'",
          "ObjectPath": "/Game/Carrot4/Maps/Madori/Cave/Cave004/Cave004_F00/Sublevels/Cave004_F00_Plants.58"
        }
      ]
    }
  },
  {
    "Type": "CMA_T04_DC_MossTamagoke01_ACT_C",
    "Name": "CMA_T04_DC_MossTamagoke01_ACT_4",
    "Outer": "PersistentLevel",
    "Template": "Default__CMA_T04_DC_MossTamagoke01_ACT_C",
    "Class": "BlueprintGeneratedClass'/Game/Carrot4/Terrain/Cave/Type/Garden/BlueprintActor/CMA_T04_DC_MossTamagoke01_ACT.CMA_T04_DC_MossTamagoke01_ACT_C'",
    "Properties": {
      "PlantsSphere0": {
        "ObjectName": "SphereComponent'Cave004_F00_Plants:PersistentLevel.CMA_T04_DC_MossTamagoke01_ACT_4.PlantsSphere0'",
        "ObjectPath": "/Game/Carrot4/Maps/Madori/Cave/Cave004/Cave004_F00/Sublevels/Cave004_F00_Plants.59"
      },
      "PlantsTrigger0": {
        "ObjectName": "PlantsTriggerComponent'Cave004_F00_Plants:PersistentLevel.CMA_T04_DC_MossTamagoke01_ACT_4.PlantsTrigger0'",
        "ObjectPath": "/Game/Carrot4/Maps/Madori/Cave/Cave004/Cave004_F00/Sublevels/Cave004_F00_Plants.33"
      },
      "SM_CMA_T04_DC_MossTamagoke01": {
        "ObjectName": "CarrotStaticMeshComponent'Cave004_F00_Plants:PersistentLevel.CMA_T04_DC_MossTamagoke01_ACT_4.SM_CMA_T04_DC_MossTamagoke01'",
        "ObjectPath": "/Game/Carrot4/Maps/Madori/Cave/Cave004/Cave004_F00/Sublevels/Cave004_F00_Plants.3"
      },
      "RootComponent": {
        "ObjectName": "SceneComponent'Cave004_F00_Plants:PersistentLevel.CMA_T04_DC_MossTamagoke01_ACT_4.SceneRoot'",
        "ObjectPath": "/Game/Carrot4/Maps/Madori/Cave/Cave004/Cave004_F00/Sublevels/Cave004_F00_Plants.46"
      },
      "BlueprintCreatedComponents": [
        {
          "ObjectName": "CarrotStaticMeshComponent'Cave004_F00_Plants:PersistentLevel.CMA_T04_DC_MossTamagoke01_ACT_4.SM_CMA_T04_DC_MossTamagoke01'",
          "ObjectPath": "/Game/Carrot4/Maps/Madori/Cave/Cave004/Cave004_F00/Sublevels/Cave004_F00_Plants.3"
        },
        {
          "ObjectName": "PlantsTriggerComponent'Cave004_F00_Plants:PersistentLevel.CMA_T04_DC_MossTamagoke01_ACT_4.PlantsTrigger0'",
          "ObjectPath": "/Game/Carrot4/Maps/Madori/Cave/Cave004/Cave004_F00/Sublevels/Cave004_F00_Plants.33"
        },
        {
          "ObjectName": "SphereComponent'Cave004_F00_Plants:PersistentLevel.CMA_T04_DC_MossTamagoke01_ACT_4.PlantsSphere0'",
          "ObjectPath": "/Game/Carrot4/Maps/Madori/Cave/Cave004/Cave004_F00/Sublevels/Cave004_F00_Plants.59"
        }
      ]
    }
  },
  {
    "Type": "CMA_T04_DC_MossTamagoke01_ACT_C",
    "Name": "CMA_T04_DC_MossTamagoke01_ACT_5",
    "Outer": "PersistentLevel",
    "Template": "Default__CMA_T04_DC_MossTamagoke01_ACT_C",
    "Class": "BlueprintGeneratedClass'/Game/Carrot4/Terrain/Cave/Type/Garden/BlueprintActor/CMA_T04_DC_MossTamagoke01_ACT.CMA_T04_DC_MossTamagoke01_ACT_C'",
    "Properties": {
      "PlantsSphere0": {
        "ObjectName": "SphereComponent'Cave004_F00_Plants:PersistentLevel.CMA_T04_DC_MossTamagoke01_ACT_5.PlantsSphere0'",
        "ObjectPath": "/Game/Carrot4/Maps/Madori/Cave/Cave004/Cave004_F00/Sublevels/Cave004_F00_Plants.60"
      },
      "PlantsTrigger0": {
        "ObjectName": "PlantsTriggerComponent'Cave004_F00_Plants:PersistentLevel.CMA_T04_DC_MossTamagoke01_ACT_5.PlantsTrigger0'",
        "ObjectPath": "/Game/Carrot4/Maps/Madori/Cave/Cave004/Cave004_F00/Sublevels/Cave004_F00_Plants.34"
      },
      "SM_CMA_T04_DC_MossTamagoke01": {
        "ObjectName": "CarrotStaticMeshComponent'Cave004_F00_Plants:PersistentLevel.CMA_T04_DC_MossTamagoke01_ACT_5.SM_CMA_T04_DC_MossTamagoke01'",
        "ObjectPath": "/Game/Carrot4/Maps/Madori/Cave/Cave004/Cave004_F00/Sublevels/Cave004_F00_Plants.4"
      },
      "RootComponent": {
        "ObjectName": "SceneComponent'Cave004_F00_Plants:PersistentLevel.CMA_T04_DC_MossTamagoke01_ACT_5.SceneRoot'",
        "ObjectPath": "/Game/Carrot4/Maps/Madori/Cave/Cave004/Cave004_F00/Sublevels/Cave004_F00_Plants.47"
      },
      "BlueprintCreatedComponents": [
        {
          "ObjectName": "CarrotStaticMeshComponent'Cave004_F00_Plants:PersistentLevel.CMA_T04_DC_MossTamagoke01_ACT_5.SM_CMA_T04_DC_MossTamagoke01'",
          "ObjectPath": "/Game/Carrot4/Maps/Madori/Cave/Cave004/Cave004_F00/Sublevels/Cave004_F00_Plants.4"
        },
        {
          "ObjectName": "PlantsTriggerComponent'Cave004_F00_Plants:PersistentLevel.CMA_T04_DC_MossTamagoke01_ACT_5.PlantsTrigger0'",
          "ObjectPath": "/Game/Carrot4/Maps/Madori/Cave/Cave004/Cave004_F00/Sublevels/Cave004_F00_Plants.34"
        },
        {
          "ObjectName": "SphereComponent'Cave004_F00_Plants:PersistentLevel.CMA_T04_DC_MossTamagoke01_ACT_5.PlantsSphere0'",
          "ObjectPath": "/Game/Carrot4/Maps/Madori/Cave/Cave004/Cave004_F00/Sublevels/Cave004_F00_Plants.60"
        }
      ]
    }
  },
  {
    "Type": "CMA_T04_DC_MossTamagoke01_ACT_C",
    "Name": "CMA_T04_DC_MossTamagoke01_ACT_6",
    "Outer": "PersistentLevel",
    "Template": "Default__CMA_T04_DC_MossTamagoke01_ACT_C",
    "Class": "BlueprintGeneratedClass'/Game/Carrot4/Terrain/Cave/Type/Garden/BlueprintActor/CMA_T04_DC_MossTamagoke01_ACT.CMA_T04_DC_MossTamagoke01_ACT_C'",
    "Properties": {
      "PlantsSphere0": {
        "ObjectName": "SphereComponent'Cave004_F00_Plants:PersistentLevel.CMA_T04_DC_MossTamagoke01_ACT_6.PlantsSphere0'",
        "ObjectPath": "/Game/Carrot4/Maps/Madori/Cave/Cave004/Cave004_F00/Sublevels/Cave004_F00_Plants.61"
      },
      "PlantsTrigger0": {
        "ObjectName": "PlantsTriggerComponent'Cave004_F00_Plants:PersistentLevel.CMA_T04_DC_MossTamagoke01_ACT_6.PlantsTrigger0'",
        "ObjectPath": "/Game/Carrot4/Maps/Madori/Cave/Cave004/Cave004_F00/Sublevels/Cave004_F00_Plants.35"
      },
      "SM_CMA_T04_DC_MossTamagoke01": {
        "ObjectName": "CarrotStaticMeshComponent'Cave004_F00_Plants:PersistentLevel.CMA_T04_DC_MossTamagoke01_ACT_6.SM_CMA_T04_DC_MossTamagoke01'",
        "ObjectPath": "/Game/Carrot4/Maps/Madori/Cave/Cave004/Cave004_F00/Sublevels/Cave004_F00_Plants.5"
      },
      "RootComponent": {
        "ObjectName": "SceneComponent'Cave004_F00_Plants:PersistentLevel.CMA_T04_DC_MossTamagoke01_ACT_6.SceneRoot'",
        "ObjectPath": "/Game/Carrot4/Maps/Madori/Cave/Cave004/Cave004_F00/Sublevels/Cave004_F00_Plants.48"
      },
      "BlueprintCreatedComponents": [
        {
          "ObjectName": "CarrotStaticMeshComponent'Cave004_F00_Plants:PersistentLevel.CMA_T04_DC_MossTamagoke01_ACT_6.SM_CMA_T04_DC_MossTamagoke01'",
          "ObjectPath": "/Game/Carrot4/Maps/Madori/Cave/Cave004/Cave004_F00/Sublevels/Cave004_F00_Plants.5"
        },
        {
          "ObjectName": "PlantsTriggerComponent'Cave004_F00_Plants:PersistentLevel.CMA_T04_DC_MossTamagoke01_ACT_6.PlantsTrigger0'",
          "ObjectPath": "/Game/Carrot4/Maps/Madori/Cave/Cave004/Cave004_F00/Sublevels/Cave004_F00_Plants.35"
        },
        {
          "ObjectName": "SphereComponent'Cave004_F00_Plants:PersistentLevel.CMA_T04_DC_MossTamagoke01_ACT_6.PlantsSphere0'",
          "ObjectPath": "/Game/Carrot4/Maps/Madori/Cave/Cave004/Cave004_F00/Sublevels/Cave004_F00_Plants.61"
        }
      ]
    }
  },
  {
    "Type": "CMA_T04_DC_MossTamagoke02_ACT_C",
    "Name": "CMA_T04_DC_MossTamagoke02_ACT_1",
    "Outer": "PersistentLevel",
    "Template": "Default__CMA_T04_DC_MossTamagoke02_ACT_C",
    "Class": "BlueprintGeneratedClass'/Game/Carrot4/Terrain/Cave/Type/Garden/BlueprintActor/CMA_T04_DC_MossTamagoke02_ACT.CMA_T04_DC_MossTamagoke02_ACT_C'",
    "Properties": {
      "PlantsSphere0": {
        "ObjectName": "SphereComponent'Cave004_F00_Plants:PersistentLevel.CMA_T04_DC_MossTamagoke02_ACT_1.PlantsSphere0'",
        "ObjectPath": "/Game/Carrot4/Maps/Madori/Cave/Cave004/Cave004_F00/Sublevels/Cave004_F00_Plants.62"
      },
      "PlantsTrigger0": {
        "ObjectName": "PlantsTriggerComponent'Cave004_F00_Plants:PersistentLevel.CMA_T04_DC_MossTamagoke02_ACT_1.PlantsTrigger0'",
        "ObjectPath": "/Game/Carrot4/Maps/Madori/Cave/Cave004/Cave004_F00/Sublevels/Cave004_F00_Plants.36"
      },
      "SM_CMA_T04_DC_MossTamagoke02": {
        "ObjectName": "CarrotStaticMeshComponent'Cave004_F00_Plants:PersistentLevel.CMA_T04_DC_MossTamagoke02_ACT_1.SM_CMA_T04_DC_MossTamagoke02'",
        "ObjectPath": "/Game/Carrot4/Maps/Madori/Cave/Cave004/Cave004_F00/Sublevels/Cave004_F00_Plants.6"
      },
      "RootComponent": {
        "ObjectName": "SceneComponent'Cave004_F00_Plants:PersistentLevel.CMA_T04_DC_MossTamagoke02_ACT_1.SceneRoot'",
        "ObjectPath": "/Game/Carrot4/Maps/Madori/Cave/Cave004/Cave004_F00/Sublevels/Cave004_F00_Plants.49"
      },
      "BlueprintCreatedComponents": [
        {
          "ObjectName": "CarrotStaticMeshComponent'Cave004_F00_Plants:PersistentLevel.CMA_T04_DC_MossTamagoke02_ACT_1.SM_CMA_T04_DC_MossTamagoke02'",
          "ObjectPath": "/Game/Carrot4/Maps/Madori/Cave/Cave004/Cave004_F00/Sublevels/Cave004_F00_Plants.6"
        },
        {
          "ObjectName": "PlantsTriggerComponent'Cave004_F00_Plants:PersistentLevel.CMA_T04_DC_MossTamagoke02_ACT_1.PlantsTrigger0'",
          "ObjectPath": "/Game/Carrot4/Maps/Madori/Cave/Cave004/Cave004_F00/Sublevels/Cave004_F00_Plants.36"
        },
        {
          "ObjectName": "SphereComponent'Cave004_F00_Plants:PersistentLevel.CMA_T04_DC_MossTamagoke02_ACT_1.PlantsSphere0'",
          "ObjectPath": "/Game/Carrot4/Maps/Madori/Cave/Cave004/Cave004_F00/Sublevels/Cave004_F00_Plants.62"
        }
      ]
    }
  },
  {
    "Type": "CMA_T04_DC_MossTamagoke02_ACT_C",
    "Name": "CMA_T04_DC_MossTamagoke02_ACT_2",
    "Outer": "PersistentLevel",
    "Template": "Default__CMA_T04_DC_MossTamagoke02_ACT_C",
    "Class": "BlueprintGeneratedClass'/Game/Carrot4/Terrain/Cave/Type/Garden/BlueprintActor/CMA_T04_DC_MossTamagoke02_ACT.CMA_T04_DC_MossTamagoke02_ACT_C'",
    "Properties": {
      "PlantsSphere0": {
        "ObjectName": "SphereComponent'Cave004_F00_Plants:PersistentLevel.CMA_T04_DC_MossTamagoke02_ACT_2.PlantsSphere0'",
        "ObjectPath": "/Game/Carrot4/Maps/Madori/Cave/Cave004/Cave004_F00/Sublevels/Cave004_F00_Plants.63"
      },
      "PlantsTrigger0": {
        "ObjectName": "PlantsTriggerComponent'Cave004_F00_Plants:PersistentLevel.CMA_T04_DC_MossTamagoke02_ACT_2.PlantsTrigger0'",
        "ObjectPath": "/Game/Carrot4/Maps/Madori/Cave/Cave004/Cave004_F00/Sublevels/Cave004_F00_Plants.37"
      },
      "SM_CMA_T04_DC_MossTamagoke02": {
        "ObjectName": "CarrotStaticMeshComponent'Cave004_F00_Plants:PersistentLevel.CMA_T04_DC_MossTamagoke02_ACT_2.SM_CMA_T04_DC_MossTamagoke02'",
        "ObjectPath": "/Game/Carrot4/Maps/Madori/Cave/Cave004/Cave004_F00/Sublevels/Cave004_F00_Plants.7"
      },
      "RootComponent": {
        "ObjectName": "SceneComponent'Cave004_F00_Plants:PersistentLevel.CMA_T04_DC_MossTamagoke02_ACT_2.SceneRoot'",
        "ObjectPath": "/Game/Carrot4/Maps/Madori/Cave/Cave004/Cave004_F00/Sublevels/Cave004_F00_Plants.50"
      },
      "BlueprintCreatedComponents": [
        {
          "ObjectName": "CarrotStaticMeshComponent'Cave004_F00_Plants:PersistentLevel.CMA_T04_DC_MossTamagoke02_ACT_2.SM_CMA_T04_DC_MossTamagoke02'",
          "ObjectPath": "/Game/Carrot4/Maps/Madori/Cave/Cave004/Cave004_F00/Sublevels/Cave004_F00_Plants.7"
        },
        {
          "ObjectName": "PlantsTriggerComponent'Cave004_F00_Plants:PersistentLevel.CMA_T04_DC_MossTamagoke02_ACT_2.PlantsTrigger0'",
          "ObjectPath": "/Game/Carrot4/Maps/Madori/Cave/Cave004/Cave004_F00/Sublevels/Cave004_F00_Plants.37"
        },
        {
          "ObjectName": "SphereComponent'Cave004_F00_Plants:PersistentLevel.CMA_T04_DC_MossTamagoke02_ACT_2.PlantsSphere0'",
          "ObjectPath": "/Game/Carrot4/Maps/Madori/Cave/Cave004/Cave004_F00/Sublevels/Cave004_F00_Plants.63"
        }
      ]
    }
  },
  {
    "Type": "CMA_T04_DC_MossTamagoke02_ACT_C",
    "Name": "CMA_T04_DC_MossTamagoke02_ACT_3",
    "Outer": "PersistentLevel",
    "Template": "Default__CMA_T04_DC_MossTamagoke02_ACT_C",
    "Class": "BlueprintGeneratedClass'/Game/Carrot4/Terrain/Cave/Type/Garden/BlueprintActor/CMA_T04_DC_MossTamagoke02_ACT.CMA_T04_DC_MossTamagoke02_ACT_C'",
    "Properties": {
      "PlantsSphere0": {
        "ObjectName": "SphereComponent'Cave004_F00_Plants:PersistentLevel.CMA_T04_DC_MossTamagoke02_ACT_3.PlantsSphere0'",
        "ObjectPath": "/Game/Carrot4/Maps/Madori/Cave/Cave004/Cave004_F00/Sublevels/Cave004_F00_Plants.64"
      },
      "PlantsTrigger0": {
        "ObjectName": "PlantsTriggerComponent'Cave004_F00_Plants:PersistentLevel.CMA_T04_DC_MossTamagoke02_ACT_3.PlantsTrigger0'",
        "ObjectPath": "/Game/Carrot4/Maps/Madori/Cave/Cave004/Cave004_F00/Sublevels/Cave004_F00_Plants.38"
      },
      "SM_CMA_T04_DC_MossTamagoke02": {
        "ObjectName": "CarrotStaticMeshComponent'Cave004_F00_Plants:PersistentLevel.CMA_T04_DC_MossTamagoke02_ACT_3.SM_CMA_T04_DC_MossTamagoke02'",
        "ObjectPath": "/Game/Carrot4/Maps/Madori/Cave/Cave004/Cave004_F00/Sublevels/Cave004_F00_Plants.8"
      },
      "RootComponent": {
        "ObjectName": "SceneComponent'Cave004_F00_Plants:PersistentLevel.CMA_T04_DC_MossTamagoke02_ACT_3.SceneRoot'",
        "ObjectPath": "/Game/Carrot4/Maps/Madori/Cave/Cave004/Cave004_F00/Sublevels/Cave004_F00_Plants.51"
      },
      "BlueprintCreatedComponents": [
        {
          "ObjectName": "CarrotStaticMeshComponent'Cave004_F00_Plants:PersistentLevel.CMA_T04_DC_MossTamagoke02_ACT_3.SM_CMA_T04_DC_MossTamagoke02'",
          "ObjectPath": "/Game/Carrot4/Maps/Madori/Cave/Cave004/Cave004_F00/Sublevels/Cave004_F00_Plants.8"
        },
        {
          "ObjectName": "PlantsTriggerComponent'Cave004_F00_Plants:PersistentLevel.CMA_T04_DC_MossTamagoke02_ACT_3.PlantsTrigger0'",
          "ObjectPath": "/Game/Carrot4/Maps/Madori/Cave/Cave004/Cave004_F00/Sublevels/Cave004_F00_Plants.38"
        },
        {
          "ObjectName": "SphereComponent'Cave004_F00_Plants:PersistentLevel.CMA_T04_DC_MossTamagoke02_ACT_3.PlantsSphere0'",
          "ObjectPath": "/Game/Carrot4/Maps/Madori/Cave/Cave004/Cave004_F00/Sublevels/Cave004_F00_Plants.64"
        }
      ]
    }
  },
  {
    "Type": "CMA_T04_DC_MossTamagoke02_ACT_C",
    "Name": "CMA_T04_DC_MossTamagoke02_ACT_4",
    "Outer": "PersistentLevel",
    "Template": "Default__CMA_T04_DC_MossTamagoke02_ACT_C",
    "Class": "BlueprintGeneratedClass'/Game/Carrot4/Terrain/Cave/Type/Garden/BlueprintActor/CMA_T04_DC_MossTamagoke02_ACT.CMA_T04_DC_MossTamagoke02_ACT_C'",
    "Properties": {
      "PlantsSphere0": {
        "ObjectName": "SphereComponent'Cave004_F00_Plants:PersistentLevel.CMA_T04_DC_MossTamagoke02_ACT_4.PlantsSphere0'",
        "ObjectPath": "/Game/Carrot4/Maps/Madori/Cave/Cave004/Cave004_F00/Sublevels/Cave004_F00_Plants.65"
      },
      "PlantsTrigger0": {
        "ObjectName": "PlantsTriggerComponent'Cave004_F00_Plants:PersistentLevel.CMA_T04_DC_MossTamagoke02_ACT_4.PlantsTrigger0'",
        "ObjectPath": "/Game/Carrot4/Maps/Madori/Cave/Cave004/Cave004_F00/Sublevels/Cave004_F00_Plants.39"
      },
      "SM_CMA_T04_DC_MossTamagoke02": {
        "ObjectName": "CarrotStaticMeshComponent'Cave004_F00_Plants:PersistentLevel.CMA_T04_DC_MossTamagoke02_ACT_4.SM_CMA_T04_DC_MossTamagoke02'",
        "ObjectPath": "/Game/Carrot4/Maps/Madori/Cave/Cave004/Cave004_F00/Sublevels/Cave004_F00_Plants.9"
      },
      "RootComponent": {
        "ObjectName": "SceneComponent'Cave004_F00_Plants:PersistentLevel.CMA_T04_DC_MossTamagoke02_ACT_4.SceneRoot'",
        "ObjectPath": "/Game/Carrot4/Maps/Madori/Cave/Cave004/Cave004_F00/Sublevels/Cave004_F00_Plants.52"
      },
      "BlueprintCreatedComponents": [
        {
          "ObjectName": "CarrotStaticMeshComponent'Cave004_F00_Plants:PersistentLevel.CMA_T04_DC_MossTamagoke02_ACT_4.SM_CMA_T04_DC_MossTamagoke02'",
          "ObjectPath": "/Game/Carrot4/Maps/Madori/Cave/Cave004/Cave004_F00/Sublevels/Cave004_F00_Plants.9"
        },
        {
          "ObjectName": "PlantsTriggerComponent'Cave004_F00_Plants:PersistentLevel.CMA_T04_DC_MossTamagoke02_ACT_4.PlantsTrigger0'",
          "ObjectPath": "/Game/Carrot4/Maps/Madori/Cave/Cave004/Cave004_F00/Sublevels/Cave004_F00_Plants.39"
        },
        {
          "ObjectName": "SphereComponent'Cave004_F00_Plants:PersistentLevel.CMA_T04_DC_MossTamagoke02_ACT_4.PlantsSphere0'",
          "ObjectPath": "/Game/Carrot4/Maps/Madori/Cave/Cave004/Cave004_F00/Sublevels/Cave004_F00_Plants.65"
        }
      ]
    }
  },
  {
    "Type": "CMA_T04_DC_MossTamagoke02_ACT_C",
    "Name": "CMA_T04_DC_MossTamagoke02_ACT_5",
    "Outer": "PersistentLevel",
    "Template": "Default__CMA_T04_DC_MossTamagoke02_ACT_C",
    "Class": "BlueprintGeneratedClass'/Game/Carrot4/Terrain/Cave/Type/Garden/BlueprintActor/CMA_T04_DC_MossTamagoke02_ACT.CMA_T04_DC_MossTamagoke02_ACT_C'",
    "Properties": {
      "PlantsSphere0": {
        "ObjectName": "SphereComponent'Cave004_F00_Plants:PersistentLevel.CMA_T04_DC_MossTamagoke02_ACT_5.PlantsSphere0'",
        "ObjectPath": "/Game/Carrot4/Maps/Madori/Cave/Cave004/Cave004_F00/Sublevels/Cave004_F00_Plants.66"
      },
      "PlantsTrigger0": {
        "ObjectName": "PlantsTriggerComponent'Cave004_F00_Plants:PersistentLevel.CMA_T04_DC_MossTamagoke02_ACT_5.PlantsTrigger0'",
        "ObjectPath": "/Game/Carrot4/Maps/Madori/Cave/Cave004/Cave004_F00/Sublevels/Cave004_F00_Plants.40"
      },
      "SM_CMA_T04_DC_MossTamagoke02": {
        "ObjectName": "CarrotStaticMeshComponent'Cave004_F00_Plants:PersistentLevel.CMA_T04_DC_MossTamagoke02_ACT_5.SM_CMA_T04_DC_MossTamagoke02'",
        "ObjectPath": "/Game/Carrot4/Maps/Madori/Cave/Cave004/Cave004_F00/Sublevels/Cave004_F00_Plants.10"
      },
      "RootComponent": {
        "ObjectName": "SceneComponent'Cave004_F00_Plants:PersistentLevel.CMA_T04_DC_MossTamagoke02_ACT_5.SceneRoot'",
        "ObjectPath": "/Game/Carrot4/Maps/Madori/Cave/Cave004/Cave004_F00/Sublevels/Cave004_F00_Plants.53"
      },
      "BlueprintCreatedComponents": [
        {
          "ObjectName": "CarrotStaticMeshComponent'Cave004_F00_Plants:PersistentLevel.CMA_T04_DC_MossTamagoke02_ACT_5.SM_CMA_T04_DC_MossTamagoke02'",
          "ObjectPath": "/Game/Carrot4/Maps/Madori/Cave/Cave004/Cave004_F00/Sublevels/Cave004_F00_Plants.10"
        },
        {
          "ObjectName": "PlantsTriggerComponent'Cave004_F00_Plants:PersistentLevel.CMA_T04_DC_MossTamagoke02_ACT_5.PlantsTrigger0'",
          "ObjectPath": "/Game/Carrot4/Maps/Madori/Cave/Cave004/Cave004_F00/Sublevels/Cave004_F00_Plants.40"
        },
        {
          "ObjectName": "SphereComponent'Cave004_F00_Plants:PersistentLevel.CMA_T04_DC_MossTamagoke02_ACT_5.PlantsSphere0'",
          "ObjectPath": "/Game/Carrot4/Maps/Madori/Cave/Cave004/Cave004_F00/Sublevels/Cave004_F00_Plants.66"
        }
      ]
    }
  },
  {
    "Type": "CMA_T04_DC_MossTamagoke02_ACT_C",
    "Name": "CMA_T04_DC_MossTamagoke02_ACT_8",
    "Outer": "PersistentLevel",
    "Template": "Default__CMA_T04_DC_MossTamagoke02_ACT_C",
    "Class": "BlueprintGeneratedClass'/Game/Carrot4/Terrain/Cave/Type/Garden/BlueprintActor/CMA_T04_DC_MossTamagoke02_ACT.CMA_T04_DC_MossTamagoke02_ACT_C'",
    "Properties": {
      "PlantsSphere0": {
        "ObjectName": "SphereComponent'Cave004_F00_Plants:PersistentLevel.CMA_T04_DC_MossTamagoke02_ACT_8.PlantsSphere0'",
        "ObjectPath": "/Game/Carrot4/Maps/Madori/Cave/Cave004/Cave004_F00/Sublevels/Cave004_F00_Plants.67"
      },
      "PlantsTrigger0": {
        "ObjectName": "PlantsTriggerComponent'Cave004_F00_Plants:PersistentLevel.CMA_T04_DC_MossTamagoke02_ACT_8.PlantsTrigger0'",
        "ObjectPath": "/Game/Carrot4/Maps/Madori/Cave/Cave004/Cave004_F00/Sublevels/Cave004_F00_Plants.41"
      },
      "SM_CMA_T04_DC_MossTamagoke02": {
        "ObjectName": "CarrotStaticMeshComponent'Cave004_F00_Plants:PersistentLevel.CMA_T04_DC_MossTamagoke02_ACT_8.SM_CMA_T04_DC_MossTamagoke02'",
        "ObjectPath": "/Game/Carrot4/Maps/Madori/Cave/Cave004/Cave004_F00/Sublevels/Cave004_F00_Plants.11"
      },
      "RootComponent": {
        "ObjectName": "SceneComponent'Cave004_F00_Plants:PersistentLevel.CMA_T04_DC_MossTamagoke02_ACT_8.SceneRoot'",
        "ObjectPath": "/Game/Carrot4/Maps/Madori/Cave/Cave004/Cave004_F00/Sublevels/Cave004_F00_Plants.54"
      },
      "BlueprintCreatedComponents": [
        {
          "ObjectName": "CarrotStaticMeshComponent'Cave004_F00_Plants:PersistentLevel.CMA_T04_DC_MossTamagoke02_ACT_8.SM_CMA_T04_DC_MossTamagoke02'",
          "ObjectPath": "/Game/Carrot4/Maps/Madori/Cave/Cave004/Cave004_F00/Sublevels/Cave004_F00_Plants.11"
        },
        {
          "ObjectName": "PlantsTriggerComponent'Cave004_F00_Plants:PersistentLevel.CMA_T04_DC_MossTamagoke02_ACT_8.PlantsTrigger0'",
          "ObjectPath": "/Game/Carrot4/Maps/Madori/Cave/Cave004/Cave004_F00/Sublevels/Cave004_F00_Plants.41"
        },
        {
          "ObjectName": "SphereComponent'Cave004_F00_Plants:PersistentLevel.CMA_T04_DC_MossTamagoke02_ACT_8.PlantsSphere0'",
          "ObjectPath": "/Game/Carrot4/Maps/Madori/Cave/Cave004/Cave004_F00/Sublevels/Cave004_F00_Plants.67"
        }
      ]
    }
  },
  {
    "Type": "CMA_T04_DC_MossTamagoke02_ACT_C",
    "Name": "CMA_T04_DC_MossTamagoke02_ACT_9",
    "Outer": "PersistentLevel",
    "Template": "Default__CMA_T04_DC_MossTamagoke02_ACT_C",
    "Class": "BlueprintGeneratedClass'/Game/Carrot4/Terrain/Cave/Type/Garden/BlueprintActor/CMA_T04_DC_MossTamagoke02_ACT.CMA_T04_DC_MossTamagoke02_ACT_C'",
    "Properties": {
      "PlantsSphere0": {
        "ObjectName": "SphereComponent'Cave004_F00_Plants:PersistentLevel.CMA_T04_DC_MossTamagoke02_ACT_9.PlantsSphere0'",
        "ObjectPath": "/Game/Carrot4/Maps/Madori/Cave/Cave004/Cave004_F00/Sublevels/Cave004_F00_Plants.68"
      },
      "PlantsTrigger0": {
        "ObjectName": "PlantsTriggerComponent'Cave004_F00_Plants:PersistentLevel.CMA_T04_DC_MossTamagoke02_ACT_9.PlantsTrigger0'",
        "ObjectPath": "/Game/Carrot4/Maps/Madori/Cave/Cave004/Cave004_F00/Sublevels/Cave004_F00_Plants.42"
      },
      "SM_CMA_T04_DC_MossTamagoke02": {
        "ObjectName": "CarrotStaticMeshComponent'Cave004_F00_Plants:PersistentLevel.CMA_T04_DC_MossTamagoke02_ACT_9.SM_CMA_T04_DC_MossTamagoke02'",
        "ObjectPath": "/Game/Carrot4/Maps/Madori/Cave/Cave004/Cave004_F00/Sublevels/Cave004_F00_Plants.12"
      },
      "RootComponent": {
        "ObjectName": "SceneComponent'Cave004_F00_Plants:PersistentLevel.CMA_T04_DC_MossTamagoke02_ACT_9.SceneRoot'",
        "ObjectPath": "/Game/Carrot4/Maps/Madori/Cave/Cave004/Cave004_F00/Sublevels/Cave004_F00_Plants.55"
      },
      "BlueprintCreatedComponents": [
        {
          "ObjectName": "CarrotStaticMeshComponent'Cave004_F00_Plants:PersistentLevel.CMA_T04_DC_MossTamagoke02_ACT_9.SM_CMA_T04_DC_MossTamagoke02'",
          "ObjectPath": "/Game/Carrot4/Maps/Madori/Cave/Cave004/Cave004_F00/Sublevels/Cave004_F00_Plants.12"
        },
        {
          "ObjectName": "PlantsTriggerComponent'Cave004_F00_Plants:PersistentLevel.CMA_T04_DC_MossTamagoke02_ACT_9.PlantsTrigger0'",
          "ObjectPath": "/Game/Carrot4/Maps/Madori/Cave/Cave004/Cave004_F00/Sublevels/Cave004_F00_Plants.42"
        },
        {
          "ObjectName": "SphereComponent'Cave004_F00_Plants:PersistentLevel.CMA_T04_DC_MossTamagoke02_ACT_9.PlantsSphere0'",
          "ObjectPath": "/Game/Carrot4/Maps/Madori/Cave/Cave004/Cave004_F00/Sublevels/Cave004_F00_Plants.68"
        }
      ]
    }
  },
  {
    "Type": "Level",
    "Name": "PersistentLevel",
    "Outer": "Cave004_F00_Plants",
    "Class": "UScriptClass'Level'",
    "Properties": {
      "Model": {
        "ObjectName": "Model'Cave004_F00_Plants:PersistentLevel.Model_0'",
        "ObjectPath": "/Game/Carrot4/Maps/Madori/Cave/Cave004/Cave004_F00/Sublevels/Cave004_F00_Plants.27"
      },
      "StreamingTextureGuids": [
        "788A30D2-4112DCAE-1295D3B6-D185C51E",
        "BE60336D-4E2503EE-66288085-7C835872",
        "0B187C11-47BFE9F6-2F6181A8-FD22D1B8"
      ],
      "LevelBuildDataId": "62781AF7-450953CE-AFB2F2AD-CC43570E",
      "MapBuildData": {
        "ObjectName": "MapBuildDataRegistry'Cave004_F00_Plants_BuiltData'",
        "ObjectPath": "/Game/Carrot4/Maps/Madori/Cave/Cave004/Cave004_F00/Sublevels/Cave004_F00_Plants_BuiltData.3"
      },
      "WorldSettings": {
        "ObjectName": "MyWorldSettings'Cave004_F00_Plants:PersistentLevel.MyWorldSettings'",
        "ObjectPath": "/Game/Carrot4/Maps/Madori/Cave/Cave004/Cave004_F00/Sublevels/Cave004_F00_Plants.28"
      }
    },
    "Actors": [
      {
        "ObjectName": "MyWorldSettings'Cave004_F00_Plants:PersistentLevel.MyWorldSettings'",
        "ObjectPath": "/Game/Carrot4/Maps/Madori/Cave/Cave004/Cave004_F00/Sublevels/Cave004_F00_Plants.28"
      },
      null,
      {
        "ObjectName": "CMA_T04_DC_MossTamagoke01_ACT_C'Cave004_F00_Plants:PersistentLevel.CMA_T04_DC_MossTamagoke01_ACT_6'",
        "ObjectPath": "/Game/Carrot4/Maps/Madori/Cave/Cave004/Cave004_F00/Sublevels/Cave004_F00_Plants.18"
      },
      {
        "ObjectName": "CMA_T04_DC_MossTamagoke01_ACT_C'Cave004_F00_Plants:PersistentLevel.CMA_T04_DC_MossTamagoke01_ACT_1'",
        "ObjectPath": "/Game/Carrot4/Maps/Madori/Cave/Cave004/Cave004_F00/Sublevels/Cave004_F00_Plants.13"
      },
      {
        "ObjectName": "CMA_T04_DC_MossTamagoke01_ACT_C'Cave004_F00_Plants:PersistentLevel.CMA_T04_DC_MossTamagoke01_ACT_2'",
        "ObjectPath": "/Game/Carrot4/Maps/Madori/Cave/Cave004/Cave004_F00/Sublevels/Cave004_F00_Plants.14"
      },
      {
        "ObjectName": "CMA_T04_DC_MossTamagoke01_ACT_C'Cave004_F00_Plants:PersistentLevel.CMA_T04_DC_MossTamagoke01_ACT_3'",
        "ObjectPath": "/Game/Carrot4/Maps/Madori/Cave/Cave004/Cave004_F00/Sublevels/Cave004_F00_Plants.15"
      },
      {
        "ObjectName": "CMA_T04_DC_MossTamagoke01_ACT_C'Cave004_F00_Plants:PersistentLevel.CMA_T04_DC_MossTamagoke01_ACT_4'",
        "ObjectPath": "/Game/Carrot4/Maps/Madori/Cave/Cave004/Cave004_F00/Sublevels/Cave004_F00_Plants.16"
      },
      {
        "ObjectName": "CMA_T04_DC_MossTamagoke01_ACT_C'Cave004_F00_Plants:PersistentLevel.CMA_T04_DC_MossTamagoke01_ACT_5'",
        "ObjectPath": "/Game/Carrot4/Maps/Madori/Cave/Cave004/Cave004_F00/Sublevels/Cave004_F00_Plants.17"
      },
      {
        "ObjectName": "CMA_T04_DC_MossTamagoke02_ACT_C'Cave004_F00_Plants:PersistentLevel.CMA_T04_DC_MossTamagoke02_ACT_3'",
        "ObjectPath": "/Game/Carrot4/Maps/Madori/Cave/Cave004/Cave004_F00/Sublevels/Cave004_F00_Plants.21"
      },
      {
        "ObjectName": "CMA_T04_DC_MossTamagoke02_ACT_C'Cave004_F00_Plants:PersistentLevel.CMA_T04_DC_MossTamagoke02_ACT_1'",
        "ObjectPath": "/Game/Carrot4/Maps/Madori/Cave/Cave004/Cave004_F00/Sublevels/Cave004_F00_Plants.19"
      },
      {
        "ObjectName": "CMA_T04_DC_MossTamagoke02_ACT_C'Cave004_F00_Plants:PersistentLevel.CMA_T04_DC_MossTamagoke02_ACT_2'",
        "ObjectPath": "/Game/Carrot4/Maps/Madori/Cave/Cave004/Cave004_F00/Sublevels/Cave004_F00_Plants.20"
      },
      {
        "ObjectName": "CMA_T04_DC_MossTamagoke02_ACT_C'Cave004_F00_Plants:PersistentLevel.CMA_T04_DC_MossTamagoke02_ACT_4'",
        "ObjectPath": "/Game/Carrot4/Maps/Madori/Cave/Cave004/Cave004_F00/Sublevels/Cave004_F00_Plants.22"
      },
      {
        "ObjectName": "CMA_T04_DC_MossTamagoke02_ACT_C'Cave004_F00_Plants:PersistentLevel.CMA_T04_DC_MossTamagoke02_ACT_5'",
        "ObjectPath": "/Game/Carrot4/Maps/Madori/Cave/Cave004/Cave004_F00/Sublevels/Cave004_F00_Plants.23"
      },
      {
        "ObjectName": "CMA_T04_DC_MossTamagoke02_ACT_C'Cave004_F00_Plants:PersistentLevel.CMA_T04_DC_MossTamagoke02_ACT_8'",
        "ObjectPath": "/Game/Carrot4/Maps/Madori/Cave/Cave004/Cave004_F00/Sublevels/Cave004_F00_Plants.24"
      },
      {
        "ObjectName": "CMA_T04_DC_MossTamagoke02_ACT_C'Cave004_F00_Plants:PersistentLevel.CMA_T04_DC_MossTamagoke02_ACT_9'",
        "ObjectPath": "/Game/Carrot4/Maps/Madori/Cave/Cave004/Cave004_F00/Sublevels/Cave004_F00_Plants.25"
      }
    ],
    "URL": {
      "Protocol": "unreal",
      "Host": "",
      "Port": 7777,
      "Valid": true,
      "Map": "/Game/Carrot4/Maps/Boot_P",
      "Op": [],
      "Portal": ""
    },
    "Model": {
      "ObjectName": "Model'Cave004_F00_Plants:PersistentLevel.Model_0'",
      "ObjectPath": "/Game/Carrot4/Maps/Madori/Cave/Cave004/Cave004_F00/Sublevels/Cave004_F00_Plants.27"
    },
    "ModelComponents": [],
    "LevelScriptActor": null,
    "NavListStart": null,
    "NavListEnd": null,
    "PrecomputedVisibilityHandler": {
      "PrecomputedVisibilityCellBucketOriginXY": {
        "X": 0.0,
        "Y": 0.0
      },
      "PrecomputedVisibilityCellSizeXY": 0.0,
      "PrecomputedVisibilityCellSizeZ": 0.0,
      "PrecomputedVisibilityCellBucketSizeXY": 0,
      "PrecomputedVisibilityNumCellBuckets": 0,
      "PrecomputedVisibilityCellBuckets": []
    },
    "PrecomputedVolumeDistanceField": {
      "VolumeMaxDistance": 0.0,
      "VolumeBox": {
        "Min": {
          "X": 0.0,
          "Y": 0.0,
          "Z": 0.0
        },
        "Max": {
          "X": 0.0,
          "Y": 0.0,
          "Z": 0.0
        },
        "IsValid": 0
      },
      "VolumeSizeX": 0,
      "VolumeSizeY": 0,
      "VolumeSizeZ": 0,
      "Data": []
    }
  },
  {
    "Type": "Model",
    "Name": "Model_0",
    "Outer": "PersistentLevel",
    "Class": "UScriptClass'Model'",
    "Bounds": {
      "Origin": {
        "X": 0.0,
        "Y": 0.0,
        "Z": 0.0
      },
      "BoxExtent": {
        "X": 0.0,
        "Y": 0.0,
        "Z": 0.0
      },
      "SphereRadius": 0.0
    },
    "Vectors": [],
    "Points": [],
    "Nodes": [],
    "Surfs": [],
    "NumSharedSides": 4,
    "VertexBuffer": {
      "Vertices": []
    },
    "LightingGuid": "08AAD9B9-49545457-00683B97-76367FB1",
    "LightmassSettings": []
  },
  {
    "Type": "MyWorldSettings",
    "Name": "MyWorldSettings",
    "Outer": "PersistentLevel",
    "Class": "UScriptClass'MyWorldSettings'",
    "Properties": {
      "NavigationSystemConfig": {
        "ObjectName": "NavigationSystemModuleConfig'Cave004_F00_Plants:PersistentLevel.MyWorldSettings.NavigationSystemModuleConfig_0'",
        "ObjectPath": "/Game/Carrot4/Maps/Madori/Cave/Cave004/Cave004_F00/Sublevels/Cave004_F00_Plants.29"
      },
      "BookmarkArray": [
        null,
        null,
        null,
        null,
        null,
        null,
        null,
        null,
        null,
        null
      ]
    }
  },
  {
    "Type": "NavigationSystemModuleConfig",
    "Name": "NavigationSystemModuleConfig_0",
    "Outer": "MyWorldSettings",
    "Class": "UScriptClass'NavigationSystemModuleConfig'",
    "Properties": {
      "bAutoSpawnMissingNavData": true,
      "NavigationSystemClass": {
        "AssetPathName": "/Script/Carrot4.CarrotNavigationSystem",
        "SubPathString": ""
      }
    }
  },
  {
    "Type": "PlantsTriggerComponent",
    "Name": "PlantsTrigger0",
    "Outer": "CMA_T04_DC_MossTamagoke01_ACT_1",
    "Template": "PlantsTrigger0_GEN_VARIABLE",
    "Class": "UScriptClass'PlantsTriggerComponent'",
    "Properties": {
      "UCSSerializationIndex": 0,
      "bNetAddressable": true,
      "CreationMethod": "EComponentCreationMethod::SimpleConstructionScript"
    }
  },
  {
    "Type": "PlantsTriggerComponent",
    "Name": "PlantsTrigger0",
    "Outer": "CMA_T04_DC_MossTamagoke01_ACT_2",
    "Template": "PlantsTrigger0_GEN_VARIABLE",
    "Class": "UScriptClass'PlantsTriggerComponent'",
    "Properties": {
      "UCSSerializationIndex": 0,
      "bNetAddressable": true,
      "CreationMethod": "EComponentCreationMethod::SimpleConstructionScript"
    }
  },
  {
    "Type": "PlantsTriggerComponent",
    "Name": "PlantsTrigger0",
    "Outer": "CMA_T04_DC_MossTamagoke01_ACT_3",
    "Template": "PlantsTrigger0_GEN_VARIABLE",
    "Class": "UScriptClass'PlantsTriggerComponent'",
    "Properties": {
      "UCSSerializationIndex": 0,
      "bNetAddressable": true,
      "CreationMethod": "EComponentCreationMethod::SimpleConstructionScript"
    }
  },
  {
    "Type": "PlantsTriggerComponent",
    "Name": "PlantsTrigger0",
    "Outer": "CMA_T04_DC_MossTamagoke01_ACT_4",
    "Template": "PlantsTrigger0_GEN_VARIABLE",
    "Class": "UScriptClass'PlantsTriggerComponent'",
    "Properties": {
      "UCSSerializationIndex": 0,
      "bNetAddressable": true,
      "CreationMethod": "EComponentCreationMethod::SimpleConstructionScript"
    }
  },
  {
    "Type": "PlantsTriggerComponent",
    "Name": "PlantsTrigger0",
    "Outer": "CMA_T04_DC_MossTamagoke01_ACT_5",
    "Template": "PlantsTrigger0_GEN_VARIABLE",
    "Class": "UScriptClass'PlantsTriggerComponent'",
    "Properties": {
      "UCSSerializationIndex": 0,
      "bNetAddressable": true,
      "CreationMethod": "EComponentCreationMethod::SimpleConstructionScript"
    }
  },
  {
    "Type": "PlantsTriggerComponent",
    "Name": "PlantsTrigger0",
    "Outer": "CMA_T04_DC_MossTamagoke01_ACT_6",
    "Template": "PlantsTrigger0_GEN_VARIABLE",
    "Class": "UScriptClass'PlantsTriggerComponent'",
    "Properties": {
      "UCSSerializationIndex": 0,
      "bNetAddressable": true,
      "CreationMethod": "EComponentCreationMethod::SimpleConstructionScript"
    }
  },
  {
    "Type": "PlantsTriggerComponent",
    "Name": "PlantsTrigger0",
    "Outer": "CMA_T04_DC_MossTamagoke02_ACT_1",
    "Template": "PlantsTrigger0_GEN_VARIABLE",
    "Class": "UScriptClass'PlantsTriggerComponent'",
    "Properties": {
      "UCSSerializationIndex": 0,
      "bNetAddressable": true,
      "CreationMethod": "EComponentCreationMethod::SimpleConstructionScript"
    }
  },
  {
    "Type": "PlantsTriggerComponent",
    "Name": "PlantsTrigger0",
    "Outer": "CMA_T04_DC_MossTamagoke02_ACT_2",
    "Template": "PlantsTrigger0_GEN_VARIABLE",
    "Class": "UScriptClass'PlantsTriggerComponent'",
    "Properties": {
      "UCSSerializationIndex": 0,
      "bNetAddressable": true,
      "CreationMethod": "EComponentCreationMethod::SimpleConstructionScript"
    }
  },
  {
    "Type": "PlantsTriggerComponent",
    "Name": "PlantsTrigger0",
    "Outer": "CMA_T04_DC_MossTamagoke02_ACT_3",
    "Template": "PlantsTrigger0_GEN_VARIABLE",
    "Class": "UScriptClass'PlantsTriggerComponent'",
    "Properties": {
      "UCSSerializationIndex": 0,
      "bNetAddressable": true,
      "CreationMethod": "EComponentCreationMethod::SimpleConstructionScript"
    }
  },
  {
    "Type": "PlantsTriggerComponent",
    "Name": "PlantsTrigger0",
    "Outer": "CMA_T04_DC_MossTamagoke02_ACT_4",
    "Template": "PlantsTrigger0_GEN_VARIABLE",
    "Class": "UScriptClass'PlantsTriggerComponent'",
    "Properties": {
      "UCSSerializationIndex": 0,
      "bNetAddressable": true,
      "CreationMethod": "EComponentCreationMethod::SimpleConstructionScript"
    }
  },
  {
    "Type": "PlantsTriggerComponent",
    "Name": "PlantsTrigger0",
    "Outer": "CMA_T04_DC_MossTamagoke02_ACT_5",
    "Template": "PlantsTrigger0_GEN_VARIABLE",
    "Class": "UScriptClass'PlantsTriggerComponent'",
    "Properties": {
      "UCSSerializationIndex": 0,
      "bNetAddressable": true,
      "CreationMethod": "EComponentCreationMethod::SimpleConstructionScript"
    }
  },
  {
    "Type": "PlantsTriggerComponent",
    "Name": "PlantsTrigger0",
    "Outer": "CMA_T04_DC_MossTamagoke02_ACT_8",
    "Template": "PlantsTrigger0_GEN_VARIABLE",
    "Class": "UScriptClass'PlantsTriggerComponent'",
    "Properties": {
      "UCSSerializationIndex": 0,
      "bNetAddressable": true,
      "CreationMethod": "EComponentCreationMethod::SimpleConstructionScript"
    }
  },
  {
    "Type": "PlantsTriggerComponent",
    "Name": "PlantsTrigger0",
    "Outer": "CMA_T04_DC_MossTamagoke02_ACT_9",
    "Template": "PlantsTrigger0_GEN_VARIABLE",
    "Class": "UScriptClass'PlantsTriggerComponent'",
    "Properties": {
      "UCSSerializationIndex": 0,
      "bNetAddressable": true,
      "CreationMethod": "EComponentCreationMethod::SimpleConstructionScript"
    }
  },
  {
    "Type": "SceneComponent",
    "Name": "SceneRoot",
    "Outer": "CMA_T04_DC_MossTamagoke01_ACT_1",
    "Template": "SceneRoot",
    "Class": "UScriptClass'SceneComponent'",
    "Properties": {
      "RelativeLocation": {
        "X": 441.19214,
        "Y": -561.311,
        "Z": 80.9271
      },
      "RelativeRotation": {
        "Pitch": 0.0,
        "Yaw": -20.000061,
        "Roll": 0.0
      }
    }
  },
  {
    "Type": "SceneComponent",
    "Name": "SceneRoot",
    "Outer": "CMA_T04_DC_MossTamagoke01_ACT_2",
    "Template": "SceneRoot",
    "Class": "UScriptClass'SceneComponent'",
    "Properties": {
      "RelativeLocation": {
        "X": 849.92926,
        "Y": -616.8098,
        "Z": 80.9271
      },
      "RelativeRotation": {
        "Pitch": 0.0,
        "Yaw": 24.999958,
        "Roll": 0.0
      },
      "RelativeScale3D": {
        "X": 0.97210747,
        "Y": 0.97210747,
        "Z": 0.97210747
      }
    }
  },
  {
    "Type": "SceneComponent",
    "Name": "SceneRoot",
    "Outer": "CMA_T04_DC_MossTamagoke01_ACT_3",
    "Template": "SceneRoot",
    "Class": "UScriptClass'SceneComponent'",
    "Properties": {
      "RelativeLocation": {
        "X": 787.7595,
        "Y": -625.6582,
        "Z": 80.9271
      },
      "RelativeRotation": {
        "Pitch": 0.0,
        "Yaw": -50.000072,
        "Roll": 0.0
      },
      "RelativeScale3D": {
        "X": 1.0351976,
        "Y": 1.0351976,
        "Z": 1.0351976
      }
    }
  },
  {
    "Type": "SceneComponent",
    "Name": "SceneRoot",
    "Outer": "CMA_T04_DC_MossTamagoke01_ACT_4",
    "Template": "SceneRoot",
    "Class": "UScriptClass'SceneComponent'",
    "Properties": {
      "RelativeLocation": {
        "X": 655.0371,
        "Y": -527.272,
        "Z": 80.9271
      },
      "RelativeRotation": {
        "Pitch": 0.0,
        "Yaw": 164.99997,
        "Roll": 0.0
      },
      "RelativeScale3D": {
        "X": 0.972107,
        "Y": 0.972107,
        "Z": 0.972107
      }
    }
  },
  {
    "Type": "SceneComponent",
    "Name": "SceneRoot",
    "Outer": "CMA_T04_DC_MossTamagoke01_ACT_5",
    "Template": "SceneRoot",
    "Class": "UScriptClass'SceneComponent'",
    "Properties": {
      "RelativeLocation": {
        "X": 274.8202,
        "Y": -506.6907,
        "Z": 80.92707
      },
      "RelativeRotation": {
        "Pitch": 0.0,
        "Yaw": 29.99968,
        "Roll": 0.0
      },
      "RelativeScale3D": {
        "X": 0.972107,
        "Y": 0.972107,
        "Z": 0.972107
      }
    }
  },
  {
    "Type": "SceneComponent",
    "Name": "SceneRoot",
    "Outer": "CMA_T04_DC_MossTamagoke01_ACT_6",
    "Template": "SceneRoot",
    "Class": "UScriptClass'SceneComponent'",
    "Properties": {
      "RelativeLocation": {
        "X": 65.76718,
        "Y": -268.82623,
        "Z": 80.92704
      },
      "RelativeRotation": {
        "Pitch": 0.0,
        "Yaw": 29.99968,
        "Roll": 0.0
      },
      "RelativeScale3D": {
        "X": 0.972107,
        "Y": 0.972107,
        "Z": 0.972107
      }
    }
  },
  {
    "Type": "SceneComponent",
    "Name": "SceneRoot",
    "Outer": "CMA_T04_DC_MossTamagoke02_ACT_1",
    "Template": "SceneRoot",
    "Class": "UScriptClass'SceneComponent'",
    "Properties": {
      "RelativeLocation": {
        "X": 445.63535,
        "Y": -584.94867,
        "Z": 76.999825
      },
      "RelativeRotation": {
        "Pitch": 0.0,
        "Yaw": -40.00006,
        "Roll": 0.0
      },
      "RelativeScale3D": {
        "X": 1.3418287,
        "Y": 1.3418287,
        "Z": 1.3418287
      }
    }
  },
  {
    "Type": "SceneComponent",
    "Name": "SceneRoot",
    "Outer": "CMA_T04_DC_MossTamagoke02_ACT_2",
    "Template": "SceneRoot",
    "Class": "UScriptClass'SceneComponent'",
    "Properties": {
      "RelativeLocation": {
        "X": 289.9194,
        "Y": -526.7894,
        "Z": 76.999825
      },
      "RelativeScale3D": {
        "X": 1.341829,
        "Y": 1.341829,
        "Z": 1.341829
      }
    }
  },
  {
    "Type": "SceneComponent",
    "Name": "SceneRoot",
    "Outer": "CMA_T04_DC_MossTamagoke02_ACT_3",
    "Template": "SceneRoot",
    "Class": "UScriptClass'SceneComponent'",
    "Properties": {
      "RelativeLocation": {
        "X": 253.14746,
        "Y": -502.53766,
        "Z": 76.999825
      },
      "RelativeRotation": {
        "Pitch": 0.0,
        "Yaw": -100.00006,
        "Roll": 0.0
      },
      "RelativeScale3D": {
        "X": 1.039212,
        "Y": 1.039212,
        "Z": 1.039212
      }
    }
  },
  {
    "Type": "SceneComponent",
    "Name": "SceneRoot",
    "Outer": "CMA_T04_DC_MossTamagoke02_ACT_4",
    "Template": "SceneRoot",
    "Class": "UScriptClass'SceneComponent'",
    "Properties": {
      "RelativeLocation": {
        "X": 837.1981,
        "Y": -622.6835,
        "Z": 76.99995
      },
      "RelativeRotation": {
        "Pitch": 0.0,
        "Yaw": 45.00002,
        "Roll": 0.0
      },
      "RelativeScale3D": {
        "X": 1.4450209,
        "Y": 1.4450209,
        "Z": 1.4450209
      }
    }
  },
  {
    "Type": "SceneComponent",
    "Name": "SceneRoot",
    "Outer": "CMA_T04_DC_MossTamagoke02_ACT_5",
    "Template": "SceneRoot",
    "Class": "UScriptClass'SceneComponent'",
    "Properties": {
      "RelativeLocation": {
        "X": 58.00186,
        "Y": -288.925,
        "Z": 76.999794
      },
      "RelativeScale3D": {
        "X": 1.341829,
        "Y": 1.341829,
        "Z": 1.341829
      }
    }
  },
  {
    "Type": "SceneComponent",
    "Name": "SceneRoot",
    "Outer": "CMA_T04_DC_MossTamagoke02_ACT_8",
    "Template": "SceneRoot",
    "Class": "UScriptClass'SceneComponent'",
    "Properties": {
      "RelativeLocation": {
        "X": 267.24756,
        "Y": 554.2646,
        "Z": 63.98535
      },
      "RelativeScale3D": {
        "X": 1.341829,
        "Y": 1.341829,
        "Z": 1.341829
      }
    }
  },
  {
    "Type": "SceneComponent",
    "Name": "SceneRoot",
    "Outer": "CMA_T04_DC_MossTamagoke02_ACT_9",
    "Template": "SceneRoot",
    "Class": "UScriptClass'SceneComponent'",
    "Properties": {
      "RelativeLocation": {
        "X": 252.33768,
        "Y": 560.93604,
        "Z": 62.046143
      },
      "RelativeRotation": {
        "Pitch": 0.0,
        "Yaw": 84.516335,
        "Roll": 0.0
      },
      "RelativeScale3D": {
        "X": 1.1853731,
        "Y": 1.1853731,
        "Z": 1.1853731
      }
    }
  },
  {
    "Type": "SphereComponent",
    "Name": "PlantsSphere0",
    "Outer": "CMA_T04_DC_MossTamagoke01_ACT_1",
    "Template": "PlantsSphere0_GEN_VARIABLE",
    "Class": "UScriptClass'SphereComponent'",
    "Properties": {
      "AttachParent": {
        "ObjectName": "SceneComponent'Cave004_F00_Plants:PersistentLevel.CMA_T04_DC_MossTamagoke01_ACT_1.SceneRoot'",
        "ObjectPath": "/Game/Carrot4/Maps/Madori/Cave/Cave004/Cave004_F00/Sublevels/Cave004_F00_Plants.43"
      },
      "UCSSerializationIndex": 0,
      "bNetAddressable": true,
      "CreationMethod": "EComponentCreationMethod::SimpleConstructionScript"
    }
  },
  {
    "Type": "SphereComponent",
    "Name": "PlantsSphere0",
    "Outer": "CMA_T04_DC_MossTamagoke01_ACT_2",
    "Template": "PlantsSphere0_GEN_VARIABLE",
    "Class": "UScriptClass'SphereComponent'",
    "Properties": {
      "AttachParent": {
        "ObjectName": "SceneComponent'Cave004_F00_Plants:PersistentLevel.CMA_T04_DC_MossTamagoke01_ACT_2.SceneRoot'",
        "ObjectPath": "/Game/Carrot4/Maps/Madori/Cave/Cave004/Cave004_F00/Sublevels/Cave004_F00_Plants.44"
      },
      "UCSSerializationIndex": 0,
      "bNetAddressable": true,
      "CreationMethod": "EComponentCreationMethod::SimpleConstructionScript"
    }
  },
  {
    "Type": "SphereComponent",
    "Name": "PlantsSphere0",
    "Outer": "CMA_T04_DC_MossTamagoke01_ACT_3",
    "Template": "PlantsSphere0_GEN_VARIABLE",
    "Class": "UScriptClass'SphereComponent'",
    "Properties": {
      "AttachParent": {
        "ObjectName": "SceneComponent'Cave004_F00_Plants:PersistentLevel.CMA_T04_DC_MossTamagoke01_ACT_3.SceneRoot'",
        "ObjectPath": "/Game/Carrot4/Maps/Madori/Cave/Cave004/Cave004_F00/Sublevels/Cave004_F00_Plants.45"
      },
      "UCSSerializationIndex": 0,
      "bNetAddressable": true,
      "CreationMethod": "EComponentCreationMethod::SimpleConstructionScript"
    }
  },
  {
    "Type": "SphereComponent",
    "Name": "PlantsSphere0",
    "Outer": "CMA_T04_DC_MossTamagoke01_ACT_4",
    "Template": "PlantsSphere0_GEN_VARIABLE",
    "Class": "UScriptClass'SphereComponent'",
    "Properties": {
      "AttachParent": {
        "ObjectName": "SceneComponent'Cave004_F00_Plants:PersistentLevel.CMA_T04_DC_MossTamagoke01_ACT_4.SceneRoot'",
        "ObjectPath": "/Game/Carrot4/Maps/Madori/Cave/Cave004/Cave004_F00/Sublevels/Cave004_F00_Plants.46"
      },
      "UCSSerializationIndex": 0,
      "bNetAddressable": true,
      "CreationMethod": "EComponentCreationMethod::SimpleConstructionScript"
    }
  },
  {
    "Type": "SphereComponent",
    "Name": "PlantsSphere0",
    "Outer": "CMA_T04_DC_MossTamagoke01_ACT_5",
    "Template": "PlantsSphere0_GEN_VARIABLE",
    "Class": "UScriptClass'SphereComponent'",
    "Properties": {
      "AttachParent": {
        "ObjectName": "SceneComponent'Cave004_F00_Plants:PersistentLevel.CMA_T04_DC_MossTamagoke01_ACT_5.SceneRoot'",
        "ObjectPath": "/Game/Carrot4/Maps/Madori/Cave/Cave004/Cave004_F00/Sublevels/Cave004_F00_Plants.47"
      },
      "UCSSerializationIndex": 0,
      "bNetAddressable": true,
      "CreationMethod": "EComponentCreationMethod::SimpleConstructionScript"
    }
  },
  {
    "Type": "SphereComponent",
    "Name": "PlantsSphere0",
    "Outer": "CMA_T04_DC_MossTamagoke01_ACT_6",
    "Template": "PlantsSphere0_GEN_VARIABLE",
    "Class": "UScriptClass'SphereComponent'",
    "Properties": {
      "AttachParent": {
        "ObjectName": "SceneComponent'Cave004_F00_Plants:PersistentLevel.CMA_T04_DC_MossTamagoke01_ACT_6.SceneRoot'",
        "ObjectPath": "/Game/Carrot4/Maps/Madori/Cave/Cave004/Cave004_F00/Sublevels/Cave004_F00_Plants.48"
      },
      "UCSSerializationIndex": 0,
      "bNetAddressable": true,
      "CreationMethod": "EComponentCreationMethod::SimpleConstructionScript"
    }
  },
  {
    "Type": "SphereComponent",
    "Name": "PlantsSphere0",
    "Outer": "CMA_T04_DC_MossTamagoke02_ACT_1",
    "Template": "PlantsSphere0_GEN_VARIABLE",
    "Class": "UScriptClass'SphereComponent'",
    "Properties": {
      "AttachParent": {
        "ObjectName": "SceneComponent'Cave004_F00_Plants:PersistentLevel.CMA_T04_DC_MossTamagoke02_ACT_1.SceneRoot'",
        "ObjectPath": "/Game/Carrot4/Maps/Madori/Cave/Cave004/Cave004_F00/Sublevels/Cave004_F00_Plants.49"
      },
      "UCSSerializationIndex": 0,
      "bNetAddressable": true,
      "CreationMethod": "EComponentCreationMethod::SimpleConstructionScript"
    }
  },
  {
    "Type": "SphereComponent",
    "Name": "PlantsSphere0",
    "Outer": "CMA_T04_DC_MossTamagoke02_ACT_2",
    "Template": "PlantsSphere0_GEN_VARIABLE",
    "Class": "UScriptClass'SphereComponent'",
    "Properties": {
      "AttachParent": {
        "ObjectName": "SceneComponent'Cave004_F00_Plants:PersistentLevel.CMA_T04_DC_MossTamagoke02_ACT_2.SceneRoot'",
        "ObjectPath": "/Game/Carrot4/Maps/Madori/Cave/Cave004/Cave004_F00/Sublevels/Cave004_F00_Plants.50"
      },
      "UCSSerializationIndex": 0,
      "bNetAddressable": true,
      "CreationMethod": "EComponentCreationMethod::SimpleConstructionScript"
    }
  },
  {
    "Type": "SphereComponent",
    "Name": "PlantsSphere0",
    "Outer": "CMA_T04_DC_MossTamagoke02_ACT_3",
    "Template": "PlantsSphere0_GEN_VARIABLE",
    "Class": "UScriptClass'SphereComponent'",
    "Properties": {
      "AttachParent": {
        "ObjectName": "SceneComponent'Cave004_F00_Plants:PersistentLevel.CMA_T04_DC_MossTamagoke02_ACT_3.SceneRoot'",
        "ObjectPath": "/Game/Carrot4/Maps/Madori/Cave/Cave004/Cave004_F00/Sublevels/Cave004_F00_Plants.51"
      },
      "UCSSerializationIndex": 0,
      "bNetAddressable": true,
      "CreationMethod": "EComponentCreationMethod::SimpleConstructionScript"
    }
  },
  {
    "Type": "SphereComponent",
    "Name": "PlantsSphere0",
    "Outer": "CMA_T04_DC_MossTamagoke02_ACT_4",
    "Template": "PlantsSphere0_GEN_VARIABLE",
    "Class": "UScriptClass'SphereComponent'",
    "Properties": {
      "AttachParent": {
        "ObjectName": "SceneComponent'Cave004_F00_Plants:PersistentLevel.CMA_T04_DC_MossTamagoke02_ACT_4.SceneRoot'",
        "ObjectPath": "/Game/Carrot4/Maps/Madori/Cave/Cave004/Cave004_F00/Sublevels/Cave004_F00_Plants.52"
      },
      "UCSSerializationIndex": 0,
      "bNetAddressable": true,
      "CreationMethod": "EComponentCreationMethod::SimpleConstructionScript"
    }
  },
  {
    "Type": "SphereComponent",
    "Name": "PlantsSphere0",
    "Outer": "CMA_T04_DC_MossTamagoke02_ACT_5",
    "Template": "PlantsSphere0_GEN_VARIABLE",
    "Class": "UScriptClass'SphereComponent'",
    "Properties": {
      "AttachParent": {
        "ObjectName": "SceneComponent'Cave004_F00_Plants:PersistentLevel.CMA_T04_DC_MossTamagoke02_ACT_5.SceneRoot'",
        "ObjectPath": "/Game/Carrot4/Maps/Madori/Cave/Cave004/Cave004_F00/Sublevels/Cave004_F00_Plants.53"
      },
      "UCSSerializationIndex": 0,
      "bNetAddressable": true,
      "CreationMethod": "EComponentCreationMethod::SimpleConstructionScript"
    }
  },
  {
    "Type": "SphereComponent",
    "Name": "PlantsSphere0",
    "Outer": "CMA_T04_DC_MossTamagoke02_ACT_8",
    "Template": "PlantsSphere0_GEN_VARIABLE",
    "Class": "UScriptClass'SphereComponent'",
    "Properties": {
      "AttachParent": {
        "ObjectName": "SceneComponent'Cave004_F00_Plants:PersistentLevel.CMA_T04_DC_MossTamagoke02_ACT_8.SceneRoot'",
        "ObjectPath": "/Game/Carrot4/Maps/Madori/Cave/Cave004/Cave004_F00/Sublevels/Cave004_F00_Plants.54"
      },
      "UCSSerializationIndex": 0,
      "bNetAddressable": true,
      "CreationMethod": "EComponentCreationMethod::SimpleConstructionScript"
    }
  },
  {
    "Type": "SphereComponent",
    "Name": "PlantsSphere0",
    "Outer": "CMA_T04_DC_MossTamagoke02_ACT_9",
    "Template": "PlantsSphere0_GEN_VARIABLE",
    "Class": "UScriptClass'SphereComponent'",
    "Properties": {
      "AttachParent": {
        "ObjectName": "SceneComponent'Cave004_F00_Plants:PersistentLevel.CMA_T04_DC_MossTamagoke02_ACT_9.SceneRoot'",
        "ObjectPath": "/Game/Carrot4/Maps/Madori/Cave/Cave004/Cave004_F00/Sublevels/Cave004_F00_Plants.55"
      },
      "UCSSerializationIndex": 0,
      "bNetAddressable": true,
      "CreationMethod": "EComponentCreationMethod::SimpleConstructionScript"
    }
  },
  {
    "Type": "World",
    "Name": "Cave004_F00_Plants",
    "Class": "UScriptClass'World'",
    "PersistentLevel": {
      "ObjectName": "Level'Cave004_F00_Plants:PersistentLevel'",
      "ObjectPath": "/Game/Carrot4/Maps/Madori/Cave/Cave004/Cave004_F00/Sublevels/Cave004_F00_Plants.26"
    },
    "ExtraReferencedObjects": [],
    "StreamingLevels": []
  }
]