{
  "Content": [
    {
      "ImportedSize": {
        "X": 2048,
        "Y": 1024
      },
      "CompressionSettings": {
        "EnumClass": "TextureCompressionSettings",
        "EnumValue": "TC_Alpha"
      },
      "SRGB": false
    }
  ],
  "Extra": {
    "BlobOfData": "00000000080000000300000000000000000000000000000000000000010000000100000000000000010000000100000002000000000000000200000001000000030000000100000000000000",
    "ExInitialHeader": {
      "FMappedNameName": 0,
      "FMappedNameSource": 0,
      "PackageFlags": 2147500032,
      "CookedHeaderSize": 1560,
      "NameMapOffset": 64,
      "NameMapSize": 539,
      "NameMapHashesOffset": 608,
      "NameMapHashesSize": 232,
      "ImportMapOffset": 840,
      "ExportMapOffset": 880,
      "ExportBundlesOffset": 1168,
      "GraphDataOffset": 1240,
      "GraphDataSize": 4
    },
    "ExNameMap": [
      "/Game/Carrot4/Maps/Ending/Ending_Area500/Sublevels/Ending_Area500_Foliage_BuiltData",
      "/Script/CoreUObject",
      "/Script/Engine",
      "AOMaterialMask1",
      "BoolProperty",
      "ByteProperty",
      "Class",
      "CompressionSettings",
      "Default__LightMapTexture2D",
      "Default__MapBuildDataRegistry",
      "ELightingBuildQuality",
      "Ending_Area500_Foliage_BuiltData",
      "HQ_Lightmap1",
      "ImportedSize",
      "IntPoint",
      "LevelLightingQuality",
      "LightMapTexture2D",
      "MapBuildDataRegistry",
      "None",
      "Package",
      "PF_BC4",
      "PF_DXT5",
      "Quality_Production",
      "SkyOcclusion1",
      "SRGB",
      "StructProperty",
      "TC_Alpha",
      "TextureCompressionSettings"
    ],
    "ExImports": [
      8063354620422939673,
      4861298208663796588,
      4800294405109027119,
      8304201596276390994,
      5885306222398933282
    ],
    "ExExports": [
      {
        "CookedSerialOffset": 1560,
        "CookedSerialSize": 350183,
        "ObjectName": "AOMaterialMask1!!2",
        "OuterIndex": 3,
        "ClassIndex": 8063354620422939673,
        "SuperIndex": 18446744073709551615,
        "GlobalImportIndex": 4800294405109027119,
        "PublicExportHash": 18446744073709551615,
        "UnknownFlags": 0
      },
      {
        "CookedSerialOffset": 351743,
        "CookedSerialSize": 1398727,
        "ObjectName": "HQ_Lightmap1!!2",
        "OuterIndex": 3,
        "ClassIndex": 8063354620422939673,
        "SuperIndex": 18446744073709551615,
        "GlobalImportIndex": 4800294405109027119,
        "PublicExportHash": 18446744073709551615,
        "UnknownFlags": 0
      },
      {
        "CookedSerialOffset": 1750470,
        "CookedSerialSize": 699687,
        "ObjectName": "SkyOcclusion1!!2",
        "OuterIndex": 3,
        "ClassIndex": 8063354620422939673,
        "SuperIndex": 18446744073709551615,
        "GlobalImportIndex": 4800294405109027119,
        "PublicExportHash": 18446744073709551615,
        "UnknownFlags": 0
      },
      {
        "CookedSerialOffset": 2450157,
        "CookedSerialSize": 46911,
        "ObjectName": "Ending_Area500_Foliage_BuiltData",
        "OuterIndex": 18446744073709551615,
        "ClassIndex": 4861298208663796588,
        "SuperIndex": 18446744073709551615,
        "GlobalImportIndex": 8304201596276390994,
        "PublicExportHash": 13625549574255169425,
        "UnknownFlags": 3
      }
    ],
    "FileReferences": [
      "/Game/Carrot4/Maps/Ending/Ending_Area500/Sublevels/Ending_Area500_Foliage_BuiltData",
      "Ending_Area500_Foliage_BuiltData"
    ]
  }
}