{
  "Content": [
    {
      "ImportedSize": {
        "X": 8,
        "Y": 4
      },
      "CompressionSettings": {
        "EnumClass": "TextureCompressionSettings",
        "EnumValue": "TC_Alpha"
      },
      "SRGB": false
    }
  ],
  "Extra": {
    "BlobOfData": "000000000a000000030000000000000000000000000000000000000001000000010000000000000001000000010000000200000000000000020000000100000004000000000000000300000001000000040000000100000000000000",
    "ExInitialHeader": {
      "FMappedNameName": 0,
      "FMappedNameSource": 0,
      "PackageFlags": 2147500032,
      "CookedHeaderSize": 1960,
      "NameMapOffset": 64,
      "NameMapSize": 696,
      "NameMapHashesOffset": 760,
      "NameMapHashesSize": 304,
      "ImportMapOffset": 1064,
      "ExportMapOffset": 1120,
      "ExportBundlesOffset": 1480,
      "GraphDataOffset": 1568,
      "GraphDataSize": 4
    },
    "ExNameMap": [
      "/Game/Carrot4/Maps/Ending/Ending_Area500/Ending_Area500_P_BuiltData",
      "/Script/CoreUObject",
      "/Script/Engine",
      "AOMaterialMask0",
      "BoolProperty",
      "ByteProperty",
      "Class",
      "CompressionSettings",
      "Default__LightMapTexture2D",
      "Default__MapBuildDataRegistry",
      "Default__TextureCube",
      "ELightingBuildQuality",
      "Ending_Area500_P_BuiltData",
      "Filter",
      "HQ_Lightmap0",
      "ImportedSize",
      "IntPoint",
      "LevelLightingQuality",
      "LightMapTexture2D",
      "MapBuildDataRegistry",
      "NewReflectionComponentTextureC12A85E747E11918440501BA07AF7E5E",
      "None",
      "Package",
      "PF_B8G8R8A8",
      "PF_BC4",
      "PF_DXT1",
      "PF_DXT5",
      "Quality_Production",
      "SkyOcclusion0",
      "SRGB",
      "StructProperty",
      "TC_Alpha",
      "TC_ReflectionCapture",
      "TextureCompressionSettings",
      "TextureCube",
      "TextureFilter",
      "TF_Trilinear"
    ],
    "ExImports": [
      8063354620422939673,
      4861298208663796588,
      7061416902605523118,
      4800294405109027119,
      8304201596276390994,
      5885306222398933282,
      8580151406256545765
    ],
    "ExExports": [
      {
        "CookedSerialOffset": 1960,
        "CookedSerialSize": 391,
        "ObjectName": "AOMaterialMask0!!19",
        "OuterIndex": 3,
        "ClassIndex": 8063354620422939673,
        "SuperIndex": 18446744073709551615,
        "GlobalImportIndex": 4800294405109027119,
        "PublicExportHash": 18446744073709551615,
        "UnknownFlags": 0
      },
      {
        "CookedSerialOffset": 2351,
        "CookedSerialSize": 359,
        "ObjectName": "HQ_Lightmap0!!19",
        "OuterIndex": 3,
        "ClassIndex": 8063354620422939673,
        "SuperIndex": 18446744073709551615,
        "GlobalImportIndex": 4800294405109027119,
        "PublicExportHash": 18446744073709551615,
        "UnknownFlags": 0
      },
      {
        "CookedSerialOffset": 2710,
        "CookedSerialSize": 351,
        "ObjectName": "SkyOcclusion0!!19",
        "OuterIndex": 3,
        "ClassIndex": 8063354620422939673,
        "SuperIndex": 18446744073709551615,
        "GlobalImportIndex": 4800294405109027119,
        "PublicExportHash": 18446744073709551615,
        "UnknownFlags": 0
      },
      {
        "CookedSerialOffset": 3061,
        "CookedSerialSize": 1086404,
        "ObjectName": "Ending_Area500_P_BuiltData",
        "OuterIndex": 18446744073709551615,
        "ClassIndex": 4861298208663796588,
        "SuperIndex": 18446744073709551615,
        "GlobalImportIndex": 8304201596276390994,
        "PublicExportHash": 13007584411192364258,
        "UnknownFlags": 3
      },
      {
        "CookedSerialOffset": 1089465,
        "CookedSerialSize": 524760,
        "ObjectName": "NewReflectionComponentTextureC12A85E747E11918440501BA07AF7E5E",
        "OuterIndex": 3,
        "ClassIndex": 7061416902605523118,
        "SuperIndex": 18446744073709551615,
        "GlobalImportIndex": 8580151406256545765,
        "PublicExportHash": 12744104041294693695,
        "UnknownFlags": 1
      }
    ],
    "FileReferences": [
      "/Game/Carrot4/Maps/Ending/Ending_Area500/Ending_Area500_P_BuiltData",
      "Ending_Area500_P_BuiltData"
    ]
  }
}