{
  "Content": [
    {
      "ActorPlacedNumInfo": {
        "AssetVersion": 8626647386,
        "ExploreRateActorNum": [
          {
            "MapFrom": {
              "EnumValue": "EExploreRateTargetType::Otakara"
            },
            "MapTo": 2
          },
          {
            "MapFrom": {
              "EnumValue": "EExploreRateTargetType::Survivor"
            },
            "MapTo": 1
          },
          {
            "MapFrom": {
              "EnumValue": "EExploreRateTargetType::SurvivorLeaf"
            },
            "MapTo": 0
          },
          {
            "MapFrom": {
              "EnumValue": "EExploreRateTargetType::TekiDay"
            },
            "MapTo": 0
          },
          {
            "MapFrom": {
              "EnumValue": "EExploreRateTargetType::OnyonCarry"
            },
            "MapTo": 1
          },
          {
            "MapFrom": {
              "EnumValue": "EExploreRateTargetType::Kinkai"
            },
            "MapTo": 0
          },
          {
            "MapFrom": {
              "EnumValue": "EExploreRateTargetType::ShizaiStation"
            },
            "MapTo": 1
          },
          {
            "MapFrom": {
              "EnumValue": "EExploreRateTargetType::ShizaiTateana"
            },
            "MapTo": 0
          }
        ]
      }
    }
  ],
  "Extra": {
    "BlobOfData": "00000000020000000000000000000000000000000100000000000000",
    "ExInitialHeader": {
      "FMappedNameName": 0,
      "FMappedNameSource": 0,
      "PackageFlags": 2147483648,
      "CookedHeaderSize": 1198,
      "NameMapOffset": 64,
      "NameMapSize": 626,
      "NameMapHashesOffset": 696,
      "NameMapHashesSize": 208,
      "ImportMapOffset": 904,
      "ExportMapOffset": 928,
      "ExportBundlesOffset": 1000,
      "GraphDataOffset": 1024,
      "GraphDataSize": 4
    },
    "ExNameMap": [
      "/Game/Carrot4/Maps/Madori/Cave/Cave001/Cave001_F00/ActorPlacedNum/APN_Cave001_F00_P",
      "/Script/Carrot4",
      "/Script/CoreUObject",
      "ActorPlacedNumAsset",
      "ActorPlacedNumInfo",
      "APN_Cave001_F00_P",
      "AssetVersion",
      "Class",
      "Default__ActorPlacedNumAsset",
      "EExploreRateTargetType::Kinkai",
      "EExploreRateTargetType::OnyonCarry",
      "EExploreRateTargetType::Otakara",
      "EExploreRateTargetType::ShizaiStation",
      "EExploreRateTargetType::ShizaiTateana",
      "EExploreRateTargetType::Survivor",
      "EExploreRateTargetType::SurvivorLeaf",
      "EExploreRateTargetType::TekiDay",
      "EnumProperty",
      "ExploreRateActorNum",
      "IntProperty",
      "MapProperty",
      "None",
      "Package",
      "StructProperty",
      "UInt64Property"
    ],
    "ExImports": [
      6880633063293807555,
      5162382949767908627,
      5298630410394656126
    ],
    "ExExports": [
      {
        "CookedSerialOffset": 1198,
        "CookedSerialSize": 247,
        "ObjectName": "APN_Cave001_F00_P",
        "OuterIndex": 18446744073709551615,
        "ClassIndex": 5162382949767908627,
        "SuperIndex": 18446744073709551615,
        "GlobalImportIndex": 6880633063293807555,
        "PublicExportHash": 12474067515043191980,
        "UnknownFlags": 3
      }
    ],
    "FileReferences": [
      "/Game/Carrot4/Maps/Madori/Cave/Cave001/Cave001_F00/ActorPlacedNum/APN_Cave001_F00_P",
      "APN_Cave001_F00_P"
    ]
  }
}