{
  "Content": [
    {
      "RowStruct": {
        "ObjectName": "CIDTable",
        "ObjectPath": "/Script/Carrot4"
      }
    },
    {
      "Rows": {
        "PELLET1": {
          "GID": "WORKOBJECT",
          "Path": "Blueprint'/Game/Carrot4/Placeables/Objects/Pellet/GPellet1.GPellet1'"
        }
      }
    }
  ],
  "Extra": {
    "BlobOfData": "00000000020000000000000000000000000000000100000000000000",
    "ExInitialHeader": {
      "FMappedNameName": 0,
      "FMappedNameSource": 0,
      "PackageFlags": 2147483648,
      "CookedHeaderSize": 913,
      "NameMapOffset": 64,
      "NameMapSize": 316,
      "NameMapHashesOffset": 384,
      "NameMapHashesSize": 168,
      "ImportMapOffset": 552,
      "ExportMapOffset": 592,
      "ExportBundlesOffset": 664,
      "GraphDataOffset": 688,
      "GraphDataSize": 4
    },
    "ExNameMap": [
      "/Game/Carrot4/Core/GActor/DT_CID",
      "/Script/Carrot4",
      "/Script/CoreUObject",
      "/Script/Engine",
      "Blueprint'/Game/Carrot4/Placeables/Objects/Pellet/GPellet1.GPellet1'",
      "CIDTable",
      "Class",
      "DataTable",
      "Default__DataTable",
      "DT_CID",
      "GID",
      "NameProperty",
      "None",
      "ObjectProperty",
      "Package",
      "Path",
      "PELLET1",
      "RowStruct",
      "ScriptStruct",
      "WORKOBJECT"
    ],
    "ExImports": [
      8206203013534831085,
      6350756229154467085,
      5298630410394656126,
      5885306222398933282,
      4964679235343779034
    ],
    "ExExports": [
      {
        "CookedSerialOffset": 913,
        "CookedSerialSize": 127,
        "ObjectName": "DT_CID",
        "OuterIndex": 18446744073709551615,
        "ClassIndex": 8206203013534831085,
        "SuperIndex": 18446744073709551615,
        "GlobalImportIndex": 6350756229154467085,
        "PublicExportHash": 9878459188438447832,
        "UnknownFlags": 11
      }
    ],
    "FileReferences": [
      "/Game/Carrot4/Core/GActor/DT_CID",
      "DT_CID"
    ]
  }
}