{
  "Content": [
    {
      "RowStruct": {
        "ObjectName": "DropItemParamTableRow",
        "ObjectPath": "/Script/Carrot4"
      }
    },
    {
      "Rows": {
        "GPikminHeadIce_C": {
          "bForceDrop": true
        },
        "GPikminBlue_C": {
          "bForceDrop": true
        },
        "GPikminIce_C": {
          "bForceDrop": true
        },
        "GPikminRed_C": {
          "bForceDrop": true
        },
        "GPikminWhite_C": {
          "bForceDrop": true
        },
        "GPikminYellow_C": {
          "bForceDrop": true
        },
        "GONYONCARRYBLUE_C": {
          "bForceDrop": false
        },
        "GONYONCARRYBOOST_C": {
          "bForceDrop": false
        },
        "GONYONCARRYICE_C": {
          "bForceDrop": false
        },
        "GONYONCARRYPINK_C": {
          "bForceDrop": false
        },
        "GONYONCARRYPURPLE_C": {
          "bForceDrop": false
        },
        "GONYONCARRYRED_C": {
          "bForceDrop": false
        },
        "GONYONCARRYSTONE_C": {
          "bForceDrop": false
        },
        "GONYONCARRYWHITE_C": {
          "bForceDrop": false
        },
        "GONYONCARRYYELLOW_C": {
          "bForceDrop": false
        },
        "GBankCard_C": {
          "bForceDrop": true
        },
        "GBigEgg_C": {
          "bForceDrop": false
        },
        "GBomb_C": {
          "bForceDrop": false
        },
        "GEgg_C": {
          "bForceDrop": false
        },
        "GEggHotExtract_C": {
          "bForceDrop": false
        },
        "GHikariStation_C": {
          "bForceDrop": true
        },
        "GHoney_C": {
          "bForceDrop": false
        },
        "GHotExtract_C": {
          "bForceDrop": false
        },
        "GIceBomb_C": {
          "bForceDrop": false
        },
        "GKinkaiPick_C": {
          "bForceDrop": false
        },
        "GPellet1_C": {
          "bForceDrop": false
        },
        "GPellet10_C": {
          "bForceDrop": false
        },
        "GPellet5_C": {
          "bForceDrop": false
        },
        "GPiecePick_C": {
          "bForceDrop": false
        },
        "GBaby_C": {
          "bForceDrop": false
        },
        "GBaby_FromTateana_C": {
          "bForceDrop": false
        },
        "GBabyCrow_C": {
          "bForceDrop": false
        },
        "GBigUjinko_C": {
          "bForceDrop": true
        },
        "GElecOtakara_C": {
          "bForceDrop": false
        },
        "GFireOtakara_C": {
          "bForceDrop": false
        },
        "GFrog_C": {
          "bForceDrop": false
        },
        "GIceFrog_C": {
          "bForceDrop": false
        },
        "GIceOtakara_C": {
          "bForceDrop": false
        },
        "GIwakko_C": {
          "bForceDrop": false
        },
        "GKareHambo_C": {
          "bForceDrop": false
        },
        "GKochappy_C": {
          "bForceDrop": false
        },
        "GKurione_C": {
          "bForceDrop": false
        },
        "GHambo_C": {
          "bForceDrop": false
        },
        "GMar_C": {
          "bForceDrop": false
        },
        "GMaroFrog_C": {
          "bForceDrop": false
        },
        "GMiniMochi_C": {
          "bForceDrop": false
        },
        "GNightKochappy_C": {
          "bForceDrop": false
        },
        "GNightKogane_C": {
          "bForceDrop": false
        },
        "GNiseZako_C": {
          "bForceDrop": false
        },
        "GNomi_C": {
          "bForceDrop": false
        },
        "GTamagoMushi_C": {
          "bForceDrop": false
        },
        "GUjinkoA_C": {
          "bForceDrop": false
        },
        "GUjinkoB_C": {
          "bForceDrop": false
        },
        "GWaterOtakara_C": {
          "bForceDrop": false
        },
        "GTrapBikkuri_C": {
          "bForceDrop": false
        },
        "GTrapBomb_C": {
          "bForceDrop": false
        },
        "GOtaApricot_C": {
          "bForceDrop": true
        },
        "GOtaButtonMetal_C": {
          "bForceDrop": true
        },
        "GOtaDisc_C": {
          "bForceDrop": true
        },
        "GOtaFruitsPickORN_C": {
          "bForceDrop": true
        },
        "GOtaGolfBall_C": {
          "bForceDrop": true
        },
        "GOtaIchijiku_C": {
          "bForceDrop": true
        },
        "GOtaIsobeyaki_C": {
          "bForceDrop": true
        },
        "GOtaLaFrance_C": {
          "bForceDrop": true
        },
        "GOtaLime_C": {
          "bForceDrop": true
        },
        "GOtaMuscat_C": {
          "bForceDrop": true
        },
        "GOtaPaintsRED_C": {
          "bForceDrop": true
        },
        "GOtaRingo_C": {
          "bForceDrop": true
        },
        "GOtaRingPop_C": {
          "bForceDrop": true
        },
        "GOtaShutterGlasses_C": {
          "bForceDrop": true
        },
        "GOtaSpeaker_C": {
          "bForceDrop": true
        },
        "GOtaYamashinju_C": {
          "bForceDrop": true
        },
        "GSurvivorA_C": {
          "bForceDrop": true
        },
        "GSurvivorLeaf_C": {
          "bForceDrop": true
        },
        "GOtaSFCMouse_C": {
          "bForceDrop": true
        },
        "GOtaTomatoS_C": {
          "bForceDrop": true
        },
        "GOtaGamaguchi_C": {
          "bForceDrop": true
        },
        "GOtaIcePick_C": {
          "bForceDrop": true
        },
        "GOtaDice6WHT_C": {
          "bForceDrop": true
        },
        "GOtaDuckS_C": {
          "bForceDrop": true
        },
        "GOtaCandyStick_C": {
          "bForceDrop": true
        },
        "GOtaPapaya_C": {
          "bForceDrop": true
        },
        "GOtaBrushA_C": {
          "bForceDrop": true
        },
        "GOtaCasinoChip10_C": {
          "bForceDrop": true
        },
        "GOtaDarts_C": {
          "bForceDrop": true
        },
        "GOtaDragonFruit_C": {
          "bForceDrop": true
        },
        "GOtaEggplant_C": {
          "bForceDrop": true
        },
        "GOtaFruitsPickYEL_C": {
          "bForceDrop": true
        },
        "GOtaGaragara_C": {
          "bForceDrop": true
        },
        "GOtaHam_C": {
          "bForceDrop": true
        },
        "GOtaHanafudaC_C": {
          "bForceDrop": true
        },
        "GOtaJamIchigo_C": {
          "bForceDrop": true
        },
        "GOtaKaki_C": {
          "bForceDrop": true
        },
        "GOtaLemon_C": {
          "bForceDrop": true
        },
        "GOtaMacaronA_C": {
          "bForceDrop": true
        },
        "GOtaMacaronB_C": {
          "bForceDrop": true
        },
        "GOtaMangosteen_C": {
          "bForceDrop": true
        },
        "GOtaMelon_C": {
          "bForceDrop": true
        },
        "GOtaNashi_C": {
          "bForceDrop": true
        },
        "GOtaPaperballoon_C": {
          "bForceDrop": true
        },
        "GOtaPinBadgeB_C": {
          "bForceDrop": true
        },
        "GOtaPumpkin_C": {
          "bForceDrop": true
        },
        "GOtaRailwayLineE_C": {
          "bForceDrop": true
        },
        "GOtaSushiEbi_C": {
          "bForceDrop": true
        },
        "GOtaYoshiCookieB_C": {
          "bForceDrop": true
        },
        "GOtaYoshiCookieC_C": {
          "bForceDrop": true
        },
        "GOtaDice20_C": {
          "bForceDrop": true
        },
        "GOtaDice4Sided_C": {
          "bForceDrop": true
        },
        "GOtaHeroPartsS_C": {
          "bForceDrop": true
        },
        "GOtaHeroPartsZ_C": {
          "bForceDrop": true
        },
        "GOtaHeroPartsG_C": {
          "bForceDrop": true
        },
        "GOtaHeroPartsT_C": {
          "bForceDrop": true
        },
        "GOtaHeroPartsB_C": {
          "bForceDrop": true
        },
        "GOtaHeroPartsAC_C": {
          "bForceDrop": true
        },
        "GOtaHeroPartsD_C": {
          "bForceDrop": true
        },
        "GOtaHeroPartsE_C": {
          "bForceDrop": true
        }
      }
    }
  ],
  "Extra": {
    "BlobOfData": "00000000020000000000000000000000000000000100000000000000",
    "ExInitialHeader": {
      "FMappedNameName": 0,
      "FMappedNameSource": 0,
      "PackageFlags": 2147483648,
      "CookedHeaderSize": 3443,
      "NameMapOffset": 64,
      "NameMapSize": 2062,
      "NameMapHashesOffset": 2128,
      "NameMapHashesSize": 1064,
      "ImportMapOffset": 3192,
      "ExportMapOffset": 3232,
      "ExportBundlesOffset": 3304,
      "GraphDataOffset": 3328,
      "GraphDataSize": 4
    },
    "ExNameMap": [
      "/Game/Carrot4/Core/GActor/DT_DropItemParameter",
      "/Script/Carrot4",
      "/Script/CoreUObject",
      "/Script/Engine",
      "bForceDrop",
      "BoolProperty",
      "Class",
      "DataTable",
      "Default__DataTable",
      "DropItemParamTableRow",
      "DT_DropItemParameter",
      "GBaby_C",
      "GBaby_FromTateana_C",
      "GBabyCrow_C",
      "GBankCard_C",
      "GBigEgg_C",
      "GBigUjinko_C",
      "GBomb_C",
      "GEgg_C",
      "GEggHotExtract_C",
      "GElecOtakara_C",
      "GFireOtakara_C",
      "GFrog_C",
      "GHambo_C",
      "GHikariStation_C",
      "GHoney_C",
      "GHotExtract_C",
      "GIceBomb_C",
      "GIceFrog_C",
      "GIceOtakara_C",
      "GIwakko_C",
      "GKareHambo_C",
      "GKinkaiPick_C",
      "GKochappy_C",
      "GKurione_C",
      "GMar_C",
      "GMaroFrog_C",
      "GMiniMochi_C",
      "GNightKochappy_C",
      "GNightKogane_C",
      "GNiseZako_C",
      "GNomi_C",
      "GONYONCARRYBLUE_C",
      "GONYONCARRYBOOST_C",
      "GONYONCARRYICE_C",
      "GONYONCARRYPINK_C",
      "GONYONCARRYPURPLE_C",
      "GONYONCARRYRED_C",
      "GONYONCARRYSTONE_C",
      "GONYONCARRYWHITE_C",
      "GONYONCARRYYELLOW_C",
      "GOtaApricot_C",
      "GOtaBrushA_C",
      "GOtaButtonMetal_C",
      "GOtaCandyStick_C",
      "GOtaCasinoChip10_C",
      "GOtaDarts_C",
      "GOtaDice20_C",
      "GOtaDice4Sided_C",
      "GOtaDice6WHT_C",
      "GOtaDisc_C",
      "GOtaDragonFruit_C",
      "GOtaDuckS_C",
      "GOtaEggplant_C",
      "GOtaFruitsPickORN_C",
      "GOtaFruitsPickYEL_C",
      "GOtaGamaguchi_C",
      "GOtaGaragara_C",
      "GOtaGolfBall_C",
      "GOtaHam_C",
      "GOtaHanafudaC_C",
      "GOtaHeroPartsAC_C",
      "GOtaHeroPartsB_C",
      "GOtaHeroPartsD_C",
      "GOtaHeroPartsE_C",
      "GOtaHeroPartsG_C",
      "GOtaHeroPartsS_C",
      "GOtaHeroPartsT_C",
      "GOtaHeroPartsZ_C",
      "GOtaIcePick_C",
      "GOtaIchijiku_C",
      "GOtaIsobeyaki_C",
      "GOtaJamIchigo_C",
      "GOtaKaki_C",
      "GOtaLaFrance_C",
      "GOtaLemon_C",
      "GOtaLime_C",
      "GOtaMacaronA_C",
      "GOtaMacaronB_C",
      "GOtaMangosteen_C",
      "GOtaMelon_C",
      "GOtaMuscat_C",
      "GOtaNashi_C",
      "GOtaPaintsRED_C",
      "GOtaPapaya_C",
      "GOtaPaperballoon_C",
      "GOtaPinBadgeB_C",
      "GOtaPumpkin_C",
      "GOtaRailwayLineE_C",
      "GOtaRingo_C",
      "GOtaRingPop_C",
      "GOtaSFCMouse_C",
      "GOtaShutterGlasses_C",
      "GOtaSpeaker_C",
      "GOtaSushiEbi_C",
      "GOtaTomatoS_C",
      "GOtaYamashinju_C",
      "GOtaYoshiCookieB_C",
      "GOtaYoshiCookieC_C",
      "GPellet10_C",
      "GPellet1_C",
      "GPellet5_C",
      "GPiecePick_C",
      "GPikminBlue_C",
      "GPikminHeadIce_C",
      "GPikminIce_C",
      "GPikminRed_C",
      "GPikminWhite_C",
      "GPikminYellow_C",
      "GSurvivorA_C",
      "GSurvivorLeaf_C",
      "GTamagoMushi_C",
      "GTrapBikkuri_C",
      "GTrapBomb_C",
      "GUjinkoA_C",
      "GUjinkoB_C",
      "GWaterOtakara_C",
      "None",
      "ObjectProperty",
      "Package",
      "RowStruct",
      "ScriptStruct"
    ],
    "ExImports": [
      8206203013534831085,
      6350756229154467085,
      5298630410394656126,
      5885306222398933282,
      9147148515333302913
    ],
    "ExExports": [
      {
        "CookedSerialOffset": 3443,
        "CookedSerialSize": 4917,
        "ObjectName": "DT_DropItemParameter",
        "OuterIndex": 18446744073709551615,
        "ClassIndex": 8206203013534831085,
        "SuperIndex": 18446744073709551615,
        "GlobalImportIndex": 6350756229154467085,
        "PublicExportHash": 9774297826452662211,
        "UnknownFlags": 11
      }
    ],
    "FileReferences": [
      "/Game/Carrot4/Core/GActor/DT_DropItemParameter",
      "DT_DropItemParameter"
    ]
  }
}