{
  "Content": [
    {
      "RowStruct": {
        "ObjectName": "DropItemFreezeTableRow",
        "ObjectPath": "/Script/Carrot4"
      }
    },
    {
      "Rows": {
        "TekiS": {
          "FreezeDropType": "EFreezeDropType::TekiS",
          "Num": 1,
          "HoneyDropRate": 0.9900000095367432
        },
        "TekiM": {
          "FreezeDropType": "EFreezeDropType::TekiM",
          "Num": 1,
          "HoneyDropRate": 0.8999999761581421
        },
        "TekiL": {
          "FreezeDropType": "EFreezeDropType::TekiL",
          "Num": 3,
          "HoneyDropRate": 0.8999999761581421
        },
        "Boss": {
          "FreezeDropType": "EFreezeDropType::Boss",
          "Num": 5,
          "HoneyDropRate": 0.699999988079071
        },
        "BigBoss": {
          "FreezeDropType": "EFreezeDropType::BigBoss",
          "Num": 10,
          "HoneyDropRate": 0.6000000238418579
        },
        "NoDrop": {
          "FreezeDropType": "EFreezeDropType::NoDrop",
          "Num": 0,
          "HoneyDropRate": 1.0
        }
      }
    }
  ],
  "Extra": {
    "BlobOfData": "00000000020000000000000000000000000000000100000000000000",
    "ExInitialHeader": {
      "FMappedNameName": 0,
      "FMappedNameSource": 0,
      "PackageFlags": 2147483648,
      "CookedHeaderSize": 1209,
      "NameMapOffset": 64,
      "NameMapSize": 521,
      "NameMapHashesOffset": 592,
      "NameMapHashesSize": 272,
      "ImportMapOffset": 864,
      "ExportMapOffset": 904,
      "ExportBundlesOffset": 976,
      "GraphDataOffset": 1000,
      "GraphDataSize": 4
    },
    "ExNameMap": [
      "/Game/Carrot4/Core/GActor/DT_FreezeDropItem",
      "/Script/Carrot4",
      "/Script/CoreUObject",
      "/Script/Engine",
      "BigBoss",
      "Boss",
      "Class",
      "DataTable",
      "Default__DataTable",
      "DropItemFreezeTableRow",
      "DT_FreezeDropItem",
      "EFreezeDropType",
      "EFreezeDropType::BigBoss",
      "EFreezeDropType::Boss",
      "EFreezeDropType::NoDrop",
      "EFreezeDropType::TekiL",
      "EFreezeDropType::TekiM",
      "EFreezeDropType::TekiS",
      "EnumProperty",
      "FloatProperty",
      "FreezeDropType",
      "HoneyDropRate",
      "IntProperty",
      "NoDrop",
      "None",
      "Num",
      "ObjectProperty",
      "Package",
      "RowStruct",
      "ScriptStruct",
      "TekiL",
      "TekiM",
      "TekiS"
    ],
    "ExImports": [
      8206203013534831085,
      6350756229154467085,
      5298630410394656126,
      5885306222398933282,
      5751887074364377626
    ],
    "ExExports": [
      {
        "CookedSerialOffset": 1209,
        "CookedSerialSize": 735,
        "ObjectName": "DT_FreezeDropItem",
        "OuterIndex": 18446744073709551615,
        "ClassIndex": 8206203013534831085,
        "SuperIndex": 18446744073709551615,
        "GlobalImportIndex": 6350756229154467085,
        "PublicExportHash": 11849604062757305500,
        "UnknownFlags": 11
      }
    ],
    "FileReferences": [
      "/Game/Carrot4/Core/GActor/DT_FreezeDropItem",
      "DT_FreezeDropItem"
    ]
  }
}