{
  "Content": [
    {
      "RowStruct": {
        "ObjectName": "HappyEquipParameter",
        "ObjectPath": "/Script/Carrot4"
      }
    },
    {
      "Rows": {
        "0": {
          "VitalSystem1": 1.25,
          "VitalSystem2": 1.5,
          "VitalSystem3": 2.0,
          "MetalSystem1": 0.75,
          "MetalSystem2": 0.5,
          "MetalSystem3": 0.25,
          "DashBoots1": 1.2999999523162842,
          "DashBoots2": 1.2999999523162842,
          "DashBoots3": 1.2999999523162842
        }
      }
    }
  ],
  "Extra": {
    "BlobOfData": "00000000020000000000000000000000000000000100000000000000",
    "ExInitialHeader": {
      "FMappedNameName": 0,
      "FMappedNameSource": 0,
      "PackageFlags": 2147483648,
      "CookedHeaderSize": 1013,
      "NameMapOffset": 64,
      "NameMapSize": 381,
      "NameMapHashesOffset": 448,
      "NameMapHashesSize": 208,
      "ImportMapOffset": 656,
      "ExportMapOffset": 696,
      "ExportBundlesOffset": 768,
      "GraphDataOffset": 792,
      "GraphDataSize": 4
    },
    "ExNameMap": [
      "/Game/Carrot4/Core/GActor/DT_HappyEquipParameter",
      "/Script/Carrot4",
      "/Script/CoreUObject",
      "/Script/Engine",
      "0",
      "Class",
      "DashBoots1",
      "DashBoots2",
      "DashBoots3",
      "DataTable",
      "Default__DataTable",
      "DT_HappyEquipParameter",
      "FloatProperty",
      "HappyEquipParameter",
      "MetalSystem1",
      "MetalSystem2",
      "MetalSystem3",
      "None",
      "ObjectProperty",
      "Package",
      "RowStruct",
      "ScriptStruct",
      "VitalSystem1",
      "VitalSystem2",
      "VitalSystem3"
    ],
    "ExImports": [
      8206203013534831085,
      6350756229154467085,
      5298630410394656126,
      5885306222398933282,
      7798822457416070410
    ],
    "ExExports": [
      {
        "CookedSerialOffset": 1013,
        "CookedSerialSize": 322,
        "ObjectName": "DT_HappyEquipParameter",
        "OuterIndex": 18446744073709551615,
        "ClassIndex": 8206203013534831085,
        "SuperIndex": 18446744073709551615,
        "GlobalImportIndex": 6350756229154467085,
        "PublicExportHash": 13791301443388233546,
        "UnknownFlags": 11
      }
    ],
    "FileReferences": [
      "/Game/Carrot4/Core/GActor/DT_HappyEquipParameter",
      "DT_HappyEquipParameter"
    ]
  }
}