{
  "Content": [
    {
      "RowStruct": {
        "ObjectName": "MoveSpeedRateTable",
        "ObjectPath": "/Script/Carrot4"
      }
    },
    {
      "Rows": {
        "StickyFloor": {
          "MoveSpeedRate": 0.5
        },
        "FireFloor": {
          "MoveSpeedRate": 0.5
        },
        "Nomi": {
          "MoveSpeedRate": 0.5
        },
        "Swamp": {
          "MoveSpeedRate": 0.5
        },
        "SwampDrown": {
          "MoveSpeedRate": 0.20000000298023224
        },
        "HappyOtakara": {
          "MoveSpeedRate": 0.5
        },
        "HappyWater": {
          "MoveSpeedRate": 0.5
        },
        "ColdEnvironment": {
          "MoveSpeedRate": 1.0
        },
        "HappySwim": {
          "MoveSpeedRate": 1.0
        },
        "RushStickyFloor": {
          "MoveSpeedRate": 0.4000000059604645
        },
        "RushFireFloor": {
          "MoveSpeedRate": 0.4000000059604645
        },
        "RushSwamp": {
          "MoveSpeedRate": 0.4000000059604645
        }
      }
    }
  ],
  "Extra": {
    "BlobOfData": "00000000020000000000000000000000000000000100000000000000",
    "ExInitialHeader": {
      "FMappedNameName": 0,
      "FMappedNameSource": 0,
      "PackageFlags": 2147483648,
      "CookedHeaderSize": 1059,
      "NameMapOffset": 64,
      "NameMapSize": 406,
      "NameMapHashesOffset": 472,
      "NameMapHashesSize": 232,
      "ImportMapOffset": 704,
      "ExportMapOffset": 744,
      "ExportBundlesOffset": 816,
      "GraphDataOffset": 840,
      "GraphDataSize": 4
    },
    "ExNameMap": [
      "/Game/Carrot4/Core/GActor/DT_MoveSpeedRate",
      "/Script/Carrot4",
      "/Script/CoreUObject",
      "/Script/Engine",
      "Class",
      "ColdEnvironment",
      "DataTable",
      "Default__DataTable",
      "DT_MoveSpeedRate",
      "FireFloor",
      "FloatProperty",
      "HappyOtakara",
      "HappySwim",
      "HappyWater",
      "MoveSpeedRate",
      "MoveSpeedRateTable",
      "Nomi",
      "None",
      "ObjectProperty",
      "Package",
      "RowStruct",
      "RushFireFloor",
      "RushStickyFloor",
      "RushSwamp",
      "ScriptStruct",
      "StickyFloor",
      "Swamp",
      "SwampDrown"
    ],
    "ExImports": [
      8206203013534831085,
      6350756229154467085,
      5298630410394656126,
      5885306222398933282,
      6099644801995535861
    ],
    "ExExports": [
      {
        "CookedSerialOffset": 1059,
        "CookedSerialSize": 585,
        "ObjectName": "DT_MoveSpeedRate",
        "OuterIndex": 18446744073709551615,
        "ClassIndex": 8206203013534831085,
        "SuperIndex": 18446744073709551615,
        "GlobalImportIndex": 6350756229154467085,
        "PublicExportHash": 11774772980666056209,
        "UnknownFlags": 11
      }
    ],
    "FileReferences": [
      "/Game/Carrot4/Core/GActor/DT_MoveSpeedRate",
      "DT_MoveSpeedRate"
    ]
  }
}