{
  "Content": [
    {
      "RowStruct": {
        "ObjectName": "NpcAIParameterDataTable",
        "ObjectPath": "/Script/Carrot4"
      }
    },
    {
      "Rows": {
        "ENpcAIType::WaitNormal": {
          "AIType": "ENpcAIType::WaitNormal",
          "MiniParameter": {
            "WaitAIParameters": [
              {
                "bLoopMotion": true,
                "bOneShotType": false,
                "StartMotionName": "None",
                "LoopMotionName": "Move",
                "EndMotionName": "None",
                "bLoopEndNotify": false,
                "bUseLookAt": true,
                "bUseTurn": false,
                "bEndless": false,
                "WaitTimeMin": 2.5,
                "WaitTimeMax": 5.0
              }
            ],
            "DemoWaitAIParameter": {
              "bLoopMotion": true,
              "bOneShotType": false,
              "StartMotionName": "None",
              "LoopMotionName": "Move",
              "EndMotionName": "None",
              "bLoopEndNotify": false,
              "bUseLookAt": true,
              "bUseTurn": false,
              "bEndless": false,
              "WaitTimeMin": 2.5,
              "WaitTimeMax": 5.0
            },
            "MoveAIParameter": {
              "MoveSpeed": 100.0,
              "ArriveWaitRate": 0.25
            },
            "FacialPresetType": "ECharacterEditFacialPresetType::Default",
            "EmotionType": "ECharacterEditEmotionType::Default"
          }
        },
        "ENpcAIType::WaitSad": {
          "AIType": "ENpcAIType::WaitSad",
          "MiniParameter": {
            "WaitAIParameters": [
              {
                "bLoopMotion": true,
                "bOneShotType": false,
                "StartMotionName": "None",
                "LoopMotionName": "NpcWaitSad",
                "EndMotionName": "None",
                "bLoopEndNotify": false,
                "bUseLookAt": false,
                "bUseTurn": false,
                "bEndless": false,
                "WaitTimeMin": 5.0,
                "WaitTimeMax": 5.0
              }
            ],
            "DemoWaitAIParameter": {
              "bLoopMotion": true,
              "bOneShotType": false,
              "StartMotionName": "None",
              "LoopMotionName": "NpcWaitSad",
              "EndMotionName": "None",
              "bLoopEndNotify": false,
              "bUseLookAt": false,
              "bUseTurn": false,
              "bEndless": false,
              "WaitTimeMin": 5.0,
              "WaitTimeMax": 5.0
            },
            "MoveAIParameter": {
              "MoveSpeed": 100.0,
              "ArriveWaitRate": 0.25
            },
            "FacialPresetType": "ECharacterEditFacialPresetType::Sad",
            "EmotionType": "ECharacterEditEmotionType::Sad"
          }
        },
        "ENpcAIType::WaitAngry": {
          "AIType": "ENpcAIType::WaitAngry",
          "MiniParameter": {
            "WaitAIParameters": [
              {
                "bLoopMotion": true,
                "bOneShotType": false,
                "StartMotionName": "None",
                "LoopMotionName": "NpcWaitAngry",
                "EndMotionName": "None",
                "bLoopEndNotify": false,
                "bUseLookAt": false,
                "bUseTurn": false,
                "bEndless": false,
                "WaitTimeMin": 5.0,
                "WaitTimeMax": 5.0
              }
            ],
            "DemoWaitAIParameter": {
              "bLoopMotion": true,
              "bOneShotType": false,
              "StartMotionName": "None",
              "LoopMotionName": "NpcWaitAngry",
              "EndMotionName": "None",
              "bLoopEndNotify": false,
              "bUseLookAt": true,
              "bUseTurn": false,
              "bEndless": false,
              "WaitTimeMin": 5.0,
              "WaitTimeMax": 5.0
            },
            "MoveAIParameter": {
              "MoveSpeed": 100.0,
              "ArriveWaitRate": 0.25
            },
            "FacialPresetType": "ECharacterEditFacialPresetType::Angry",
            "EmotionType": "ECharacterEditEmotionType::Angry"
          }
        },
        "ENpcAIType::WaitJoy": {
          "AIType": "ENpcAIType::WaitJoy",
          "MiniParameter": {
            "WaitAIParameters": [
              {
                "bLoopMotion": true,
                "bOneShotType": false,
                "StartMotionName": "None",
                "LoopMotionName": "NpcWaitJoy",
                "EndMotionName": "None",
                "bLoopEndNotify": false,
                "bUseLookAt": true,
                "bUseTurn": false,
                "bEndless": false,
                "WaitTimeMin": 2.5,
                "WaitTimeMax": 5.0
              }
            ],
            "DemoWaitAIParameter": {
              "bLoopMotion": true,
              "bOneShotType": false,
              "StartMotionName": "None",
              "LoopMotionName": "NpcWaitJoy",
              "EndMotionName": "None",
              "bLoopEndNotify": false,
              "bUseLookAt": true,
              "bUseTurn": false,
              "bEndless": false,
              "WaitTimeMin": 2.5,
              "WaitTimeMax": 5.0
            },
            "MoveAIParameter": {
              "MoveSpeed": 100.0,
              "ArriveWaitRate": 0.25
            },
            "FacialPresetType": "ECharacterEditFacialPresetType::Smile",
            "EmotionType": "ECharacterEditEmotionType::Smile"
          }
        },
        "ENpcAIType::WaitThink": {
          "AIType": "ENpcAIType::WaitThink",
          "MiniParameter": {
            "WaitAIParameters": [
              {
                "bLoopMotion": true,
                "bOneShotType": false,
                "StartMotionName": "None",
                "LoopMotionName": "NpcWaitThink",
                "EndMotionName": "None",
                "bLoopEndNotify": false,
                "bUseLookAt": false,
                "bUseTurn": false,
                "bEndless": false,
                "WaitTimeMin": 5.0,
                "WaitTimeMax": 5.0
              }
            ],
            "DemoWaitAIParameter": {
              "bLoopMotion": true,
              "bOneShotType": false,
              "StartMotionName": "None",
              "LoopMotionName": "NpcWaitThink",
              "EndMotionName": "None",
              "bLoopEndNotify": false,
              "bUseLookAt": false,
              "bUseTurn": false,
              "bEndless": false,
              "WaitTimeMin": 5.0,
              "WaitTimeMax": 5.0
            },
            "MoveAIParameter": {
              "MoveSpeed": 100.0,
              "ArriveWaitRate": 0.25
            },
            "FacialPresetType": "ECharacterEditFacialPresetType::Default",
            "EmotionType": "ECharacterEditEmotionType::Default"
          }
        },
        "ENpcAIType::Rest": {
          "AIType": "ENpcAIType::Rest",
          "MiniParameter": {
            "WaitAIParameters": [
              {
                "bLoopMotion": false,
                "bOneShotType": false,
                "StartMotionName": "NpcSuwaruStart",
                "LoopMotionName": "NpcSuwaruLoop",
                "EndMotionName": "NpcSuwaruEnd",
                "bLoopEndNotify": false,
                "bUseLookAt": true,
                "bUseTurn": false,
                "bEndless": true,
                "WaitTimeMin": 5.0,
                "WaitTimeMax": 5.0
              }
            ],
            "DemoWaitAIParameter": {
              "bLoopMotion": false,
              "bOneShotType": false,
              "StartMotionName": "NpcSuwaruStart",
              "LoopMotionName": "NpcSuwaruLoop",
              "EndMotionName": "NpcSuwaruEnd",
              "bLoopEndNotify": false,
              "bUseLookAt": true,
              "bUseTurn": false,
              "bEndless": false,
              "WaitTimeMin": 5.0,
              "WaitTimeMax": 5.0
            },
            "MoveAIParameter": {
              "MoveSpeed": 100.0,
              "ArriveWaitRate": 0.25
            },
            "FacialPresetType": "ECharacterEditFacialPresetType::Default",
            "EmotionType": "ECharacterEditEmotionType::Default"
          }
        },
        "ENpcAIType::RestSad": {
          "AIType": "ENpcAIType::RestSad",
          "MiniParameter": {
            "WaitAIParameters": [
              {
                "bLoopMotion": false,
                "bOneShotType": false,
                "StartMotionName": "NpcSuwaruStart",
                "LoopMotionName": "NpcSuwaruLoop",
                "EndMotionName": "NpcSuwaruEnd",
                "bLoopEndNotify": false,
                "bUseLookAt": true,
                "bUseTurn": false,
                "bEndless": true,
                "WaitTimeMin": 5.0,
                "WaitTimeMax": 5.0
              }
            ],
            "DemoWaitAIParameter": {
              "bLoopMotion": false,
              "bOneShotType": false,
              "StartMotionName": "NpcSuwaruStart",
              "LoopMotionName": "NpcSuwaruLoop",
              "EndMotionName": "NpcSuwaruEnd",
              "bLoopEndNotify": false,
              "bUseLookAt": true,
              "bUseTurn": false,
              "bEndless": false,
              "WaitTimeMin": 5.0,
              "WaitTimeMax": 5.0
            },
            "MoveAIParameter": {
              "MoveSpeed": 100.0,
              "ArriveWaitRate": 0.25
            },
            "FacialPresetType": "ECharacterEditFacialPresetType::Sad",
            "EmotionType": "ECharacterEditEmotionType::Sad"
          }
        },
        "ENpcAIType::RestAngry": {
          "AIType": "ENpcAIType::RestAngry",
          "MiniParameter": {
            "WaitAIParameters": [
              {
                "bLoopMotion": false,
                "bOneShotType": false,
                "StartMotionName": "NpcSuwaruStart",
                "LoopMotionName": "NpcSuwaruLoop",
                "EndMotionName": "NpcSuwaruEnd",
                "bLoopEndNotify": false,
                "bUseLookAt": true,
                "bUseTurn": false,
                "bEndless": true,
                "WaitTimeMin": 5.0,
                "WaitTimeMax": 5.0
              }
            ],
            "DemoWaitAIParameter": {
              "bLoopMotion": false,
              "bOneShotType": false,
              "StartMotionName": "NpcSuwaruStart",
              "LoopMotionName": "NpcSuwaruLoop",
              "EndMotionName": "NpcSuwaruEnd",
              "bLoopEndNotify": false,
              "bUseLookAt": true,
              "bUseTurn": false,
              "bEndless": false,
              "WaitTimeMin": 5.0,
              "WaitTimeMax": 5.0
            },
            "MoveAIParameter": {
              "MoveSpeed": 100.0,
              "ArriveWaitRate": 0.25
            },
            "FacialPresetType": "ECharacterEditFacialPresetType::Angry",
            "EmotionType": "ECharacterEditEmotionType::Angry"
          }
        },
        "ENpcAIType::RestJoy": {
          "AIType": "ENpcAIType::RestJoy",
          "MiniParameter": {
            "WaitAIParameters": [
              {
                "bLoopMotion": false,
                "bOneShotType": false,
                "StartMotionName": "NpcSuwaruStart",
                "LoopMotionName": "NpcSuwaruLoop",
                "EndMotionName": "NpcSuwaruEnd",
                "bLoopEndNotify": false,
                "bUseLookAt": true,
                "bUseTurn": false,
                "bEndless": true,
                "WaitTimeMin": 5.0,
                "WaitTimeMax": 5.0
              }
            ],
            "DemoWaitAIParameter": {
              "bLoopMotion": false,
              "bOneShotType": false,
              "StartMotionName": "NpcSuwaruStart",
              "LoopMotionName": "NpcSuwaruLoop",
              "EndMotionName": "NpcSuwaruEnd",
              "bLoopEndNotify": false,
              "bUseLookAt": true,
              "bUseTurn": false,
              "bEndless": false,
              "WaitTimeMin": 5.0,
              "WaitTimeMax": 5.0
            },
            "MoveAIParameter": {
              "MoveSpeed": 100.0,
              "ArriveWaitRate": 0.25
            },
            "FacialPresetType": "ECharacterEditFacialPresetType::Smile",
            "EmotionType": "ECharacterEditEmotionType::Smile"
          }
        },
        "ENpcAIType::RestThink": {
          "AIType": "ENpcAIType::RestThink",
          "MiniParameter": {
            "WaitAIParameters": [
              {
                "bLoopMotion": false,
                "bOneShotType": false,
                "StartMotionName": "NpcSuwaruStart",
                "LoopMotionName": "NpcSuwaruLoop",
                "EndMotionName": "NpcSuwaruEnd",
                "bLoopEndNotify": false,
                "bUseLookAt": false,
                "bUseTurn": false,
                "bEndless": false,
                "WaitTimeMin": 5.0,
                "WaitTimeMax": 5.0
              },
              {
                "bLoopMotion": true,
                "bOneShotType": false,
                "StartMotionName": "None",
                "LoopMotionName": "NpcWaitThink",
                "EndMotionName": "None",
                "bLoopEndNotify": false,
                "bUseLookAt": false,
                "bUseTurn": true,
                "bEndless": false,
                "WaitTimeMin": 5.0,
                "WaitTimeMax": 8.0
              }
            ],
            "DemoWaitAIParameter": {
              "bLoopMotion": false,
              "bOneShotType": false,
              "StartMotionName": "NpcSuwaruStart",
              "LoopMotionName": "NpcSuwaruLoop",
              "EndMotionName": "NpcSuwaruEnd",
              "bLoopEndNotify": false,
              "bUseLookAt": true,
              "bUseTurn": false,
              "bEndless": false,
              "WaitTimeMin": 5.0,
              "WaitTimeMax": 5.0
            },
            "MoveAIParameter": {
              "MoveSpeed": 100.0,
              "ArriveWaitRate": 0.25
            },
            "FacialPresetType": "ECharacterEditFacialPresetType::CloseEye",
            "EmotionType": "ECharacterEditEmotionType::Default"
          }
        },
        "ENpcAIType::Walk": {
          "AIType": "ENpcAIType::Walk",
          "MiniParameter": {
            "WaitAIParameters": [
              {
                "bLoopMotion": true,
                "bOneShotType": false,
                "StartMotionName": "None",
                "LoopMotionName": "Move",
                "EndMotionName": "None",
                "bLoopEndNotify": false,
                "bUseLookAt": true,
                "bUseTurn": false,
                "bEndless": false,
                "WaitTimeMin": 1.5,
                "WaitTimeMax": 1.5
              },
              {
                "bLoopMotion": false,
                "bOneShotType": true,
                "StartMotionName": "None",
                "LoopMotionName": "NpcWaitSagasu",
                "EndMotionName": "None",
                "bLoopEndNotify": false,
                "bUseLookAt": false,
                "bUseTurn": true,
                "bEndless": false,
                "WaitTimeMin": 2.0,
                "WaitTimeMax": 2.0
              }
            ],
            "DemoWaitAIParameter": {
              "bLoopMotion": true,
              "bOneShotType": false,
              "StartMotionName": "None",
              "LoopMotionName": "Move",
              "EndMotionName": "None",
              "bLoopEndNotify": false,
              "bUseLookAt": true,
              "bUseTurn": false,
              "bEndless": false,
              "WaitTimeMin": 0.5,
              "WaitTimeMax": 1.5
            },
            "MoveAIParameter": {
              "MoveSpeed": 40.0,
              "ArriveWaitRate": 0.6000000238418579
            },
            "FacialPresetType": "ECharacterEditFacialPresetType::Default",
            "EmotionType": "ECharacterEditEmotionType::Default"
          }
        },
        "ENpcAIType::WalkSad": {
          "AIType": "ENpcAIType::WalkSad",
          "MiniParameter": {
            "WaitAIParameters": [
              {
                "bLoopMotion": true,
                "bOneShotType": false,
                "StartMotionName": "None",
                "LoopMotionName": "Move",
                "EndMotionName": "None",
                "bLoopEndNotify": false,
                "bUseLookAt": false,
                "bUseTurn": false,
                "bEndless": false,
                "WaitTimeMin": 1.5,
                "WaitTimeMax": 1.5
              },
              {
                "bLoopMotion": true,
                "bOneShotType": false,
                "StartMotionName": "None",
                "LoopMotionName": "NpcWaitSad",
                "EndMotionName": "None",
                "bLoopEndNotify": false,
                "bUseLookAt": false,
                "bUseTurn": true,
                "bEndless": false,
                "WaitTimeMin": 3.0,
                "WaitTimeMax": 3.0
              }
            ],
            "DemoWaitAIParameter": {
              "bLoopMotion": true,
              "bOneShotType": false,
              "StartMotionName": "None",
              "LoopMotionName": "WaitSad",
              "EndMotionName": "None",
              "bLoopEndNotify": false,
              "bUseLookAt": true,
              "bUseTurn": false,
              "bEndless": false,
              "WaitTimeMin": 0.5,
              "WaitTimeMax": 1.5
            },
            "MoveAIParameter": {
              "MoveSpeed": 100.0,
              "ArriveWaitRate": 0.6000000238418579
            },
            "FacialPresetType": "ECharacterEditFacialPresetType::Sad",
            "EmotionType": "ECharacterEditEmotionType::Sad"
          }
        },
        "ENpcAIType::WalkAngry": {
          "AIType": "ENpcAIType::WalkAngry",
          "MiniParameter": {
            "WaitAIParameters": [
              {
                "bLoopMotion": true,
                "bOneShotType": false,
                "StartMotionName": "None",
                "LoopMotionName": "Move",
                "EndMotionName": "None",
                "bLoopEndNotify": false,
                "bUseLookAt": false,
                "bUseTurn": false,
                "bEndless": false,
                "WaitTimeMin": 0.5,
                "WaitTimeMax": 1.5
              },
              {
                "bLoopMotion": true,
                "bOneShotType": false,
                "StartMotionName": "None",
                "LoopMotionName": "NpcWaitRanger",
                "EndMotionName": "None",
                "bLoopEndNotify": false,
                "bUseLookAt": false,
                "bUseTurn": true,
                "bEndless": false,
                "WaitTimeMin": 5.0,
                "WaitTimeMax": 5.0
              }
            ],
            "DemoWaitAIParameter": {
              "bLoopMotion": true,
              "bOneShotType": false,
              "StartMotionName": "None",
              "LoopMotionName": "WaitAngry",
              "EndMotionName": "None",
              "bLoopEndNotify": false,
              "bUseLookAt": true,
              "bUseTurn": true,
              "bEndless": false,
              "WaitTimeMin": 0.5,
              "WaitTimeMax": 1.5
            },
            "MoveAIParameter": {
              "MoveSpeed": 100.0,
              "ArriveWaitRate": 0.5
            },
            "FacialPresetType": "ECharacterEditFacialPresetType::Angry",
            "EmotionType": "ECharacterEditEmotionType::Angry"
          }
        },
        "ENpcAIType::WalkJoy": {
          "AIType": "ENpcAIType::WalkJoy",
          "MiniParameter": {
            "WaitAIParameters": [
              {
                "bLoopMotion": true,
                "bOneShotType": false,
                "StartMotionName": "None",
                "LoopMotionName": "Move",
                "EndMotionName": "None",
                "bLoopEndNotify": false,
                "bUseLookAt": false,
                "bUseTurn": false,
                "bEndless": false,
                "WaitTimeMin": 0.5,
                "WaitTimeMax": 1.5
              },
              {
                "bLoopMotion": true,
                "bOneShotType": false,
                "StartMotionName": "None",
                "LoopMotionName": "NpcWaitJoy",
                "EndMotionName": "None",
                "bLoopEndNotify": false,
                "bUseLookAt": false,
                "bUseTurn": false,
                "bEndless": false,
                "WaitTimeMin": 5.0,
                "WaitTimeMax": 5.0
              }
            ],
            "DemoWaitAIParameter": {
              "bLoopMotion": true,
              "bOneShotType": false,
              "StartMotionName": "None",
              "LoopMotionName": "WaitJoy",
              "EndMotionName": "None",
              "bLoopEndNotify": false,
              "bUseLookAt": true,
              "bUseTurn": false,
              "bEndless": false,
              "WaitTimeMin": 0.5,
              "WaitTimeMax": 1.5
            },
            "MoveAIParameter": {
              "MoveSpeed": 50.0,
              "ArriveWaitRate": 0.5
            },
            "FacialPresetType": "ECharacterEditFacialPresetType::Smile",
            "EmotionType": "ECharacterEditEmotionType::Smile"
          }
        },
        "ENpcAIType::WalkThink": {
          "AIType": "ENpcAIType::WalkThink",
          "MiniParameter": {
            "WaitAIParameters": [
              {
                "bLoopMotion": true,
                "bOneShotType": false,
                "StartMotionName": "None",
                "LoopMotionName": "NpcWaitThink",
                "EndMotionName": "None",
                "bLoopEndNotify": false,
                "bUseLookAt": false,
                "bUseTurn": true,
                "bEndless": false,
                "WaitTimeMin": 3.0,
                "WaitTimeMax": 3.0
              }
            ],
            "DemoWaitAIParameter": {
              "bLoopMotion": true,
              "bOneShotType": false,
              "StartMotionName": "None",
              "LoopMotionName": "WaitThink",
              "EndMotionName": "None",
              "bLoopEndNotify": false,
              "bUseLookAt": true,
              "bUseTurn": false,
              "bEndless": false,
              "WaitTimeMin": 0.5,
              "WaitTimeMax": 1.5
            },
            "MoveAIParameter": {
              "MoveSpeed": 20.0,
              "ArriveWaitRate": 0.699999988079071
            },
            "FacialPresetType": "ECharacterEditFacialPresetType::Default",
            "EmotionType": "ECharacterEditEmotionType::Default"
          }
        },
        "ENpcAIType::Run": {
          "AIType": "ENpcAIType::Run",
          "MiniParameter": {
            "WaitAIParameters": [
              {
                "bLoopMotion": true,
                "bOneShotType": false,
                "StartMotionName": "None",
                "LoopMotionName": "Move",
                "EndMotionName": "None",
                "bLoopEndNotify": false,
                "bUseLookAt": true,
                "bUseTurn": false,
                "bEndless": false,
                "WaitTimeMin": 0.5,
                "WaitTimeMax": 1.5
              }
            ],
            "DemoWaitAIParameter": {
              "bLoopMotion": true,
              "bOneShotType": false,
              "StartMotionName": "None",
              "LoopMotionName": "Move",
              "EndMotionName": "None",
              "bLoopEndNotify": false,
              "bUseLookAt": true,
              "bUseTurn": false,
              "bEndless": false,
              "WaitTimeMin": 0.5,
              "WaitTimeMax": 1.5
            },
            "MoveAIParameter": {
              "MoveSpeed": 100.0,
              "ArriveWaitRate": 0.25
            },
            "FacialPresetType": "ECharacterEditFacialPresetType::Default",
            "EmotionType": "ECharacterEditEmotionType::Default"
          }
        },
        "ENpcAIType::RunSad": {
          "AIType": "ENpcAIType::RunSad",
          "MiniParameter": {
            "WaitAIParameters": [
              {
                "bLoopMotion": true,
                "bOneShotType": false,
                "StartMotionName": "None",
                "LoopMotionName": "Move",
                "EndMotionName": "None",
                "bLoopEndNotify": false,
                "bUseLookAt": true,
                "bUseTurn": false,
                "bEndless": false,
                "WaitTimeMin": 0.5,
                "WaitTimeMax": 1.5
              }
            ],
            "DemoWaitAIParameter": {
              "bLoopMotion": true,
              "bOneShotType": false,
              "StartMotionName": "None",
              "LoopMotionName": "WaitSad",
              "EndMotionName": "None",
              "bLoopEndNotify": false,
              "bUseLookAt": true,
              "bUseTurn": false,
              "bEndless": false,
              "WaitTimeMin": 0.5,
              "WaitTimeMax": 1.5
            },
            "MoveAIParameter": {
              "MoveSpeed": 100.0,
              "ArriveWaitRate": 0.25
            },
            "FacialPresetType": "ECharacterEditFacialPresetType::Sad",
            "EmotionType": "ECharacterEditEmotionType::Sad"
          }
        },
        "ENpcAIType::RunAngry": {
          "AIType": "ENpcAIType::RunAngry",
          "MiniParameter": {
            "WaitAIParameters": [
              {
                "bLoopMotion": true,
                "bOneShotType": false,
                "StartMotionName": "None",
                "LoopMotionName": "Move",
                "EndMotionName": "None",
                "bLoopEndNotify": false,
                "bUseLookAt": true,
                "bUseTurn": false,
                "bEndless": false,
                "WaitTimeMin": 0.5,
                "WaitTimeMax": 1.5
              }
            ],
            "DemoWaitAIParameter": {
              "bLoopMotion": true,
              "bOneShotType": false,
              "StartMotionName": "None",
              "LoopMotionName": "WaitAngry",
              "EndMotionName": "None",
              "bLoopEndNotify": false,
              "bUseLookAt": true,
              "bUseTurn": false,
              "bEndless": false,
              "WaitTimeMin": 0.5,
              "WaitTimeMax": 1.5
            },
            "MoveAIParameter": {
              "MoveSpeed": 100.0,
              "ArriveWaitRate": 0.25
            },
            "FacialPresetType": "ECharacterEditFacialPresetType::Angry",
            "EmotionType": "ECharacterEditEmotionType::Angry"
          }
        },
        "ENpcAIType::RunJoy": {
          "AIType": "ENpcAIType::RunJoy",
          "MiniParameter": {
            "WaitAIParameters": [
              {
                "bLoopMotion": true,
                "bOneShotType": false,
                "StartMotionName": "None",
                "LoopMotionName": "Move",
                "EndMotionName": "None",
                "bLoopEndNotify": false,
                "bUseLookAt": true,
                "bUseTurn": false,
                "bEndless": false,
                "WaitTimeMin": 0.5,
                "WaitTimeMax": 1.5
              }
            ],
            "DemoWaitAIParameter": {
              "bLoopMotion": true,
              "bOneShotType": false,
              "StartMotionName": "None",
              "LoopMotionName": "WaitJoy",
              "EndMotionName": "None",
              "bLoopEndNotify": false,
              "bUseLookAt": true,
              "bUseTurn": false,
              "bEndless": false,
              "WaitTimeMin": 0.5,
              "WaitTimeMax": 1.5
            },
            "MoveAIParameter": {
              "MoveSpeed": 100.0,
              "ArriveWaitRate": 0.25
            },
            "FacialPresetType": "ECharacterEditFacialPresetType::Smile",
            "EmotionType": "ECharacterEditEmotionType::Smile"
          }
        },
        "ENpcAIType::RunThink": {
          "AIType": "ENpcAIType::RunThink",
          "MiniParameter": {
            "WaitAIParameters": [
              {
                "bLoopMotion": true,
                "bOneShotType": false,
                "StartMotionName": "None",
                "LoopMotionName": "Move",
                "EndMotionName": "None",
                "bLoopEndNotify": false,
                "bUseLookAt": false,
                "bUseTurn": false,
                "bEndless": false,
                "WaitTimeMin": 0.5,
                "WaitTimeMax": 1.5
              }
            ],
            "DemoWaitAIParameter": {
              "bLoopMotion": true,
              "bOneShotType": false,
              "StartMotionName": "None",
              "LoopMotionName": "WaitThink",
              "EndMotionName": "None",
              "bLoopEndNotify": false,
              "bUseLookAt": true,
              "bUseTurn": false,
              "bEndless": false,
              "WaitTimeMin": 0.5,
              "WaitTimeMax": 1.5
            },
            "MoveAIParameter": {
              "MoveSpeed": 100.0,
              "ArriveWaitRate": 0.25
            },
            "FacialPresetType": "ECharacterEditFacialPresetType::CloseEye",
            "EmotionType": "ECharacterEditEmotionType::Default"
          }
        },
        "ENpcAIType::Talk": {
          "AIType": "ENpcAIType::Talk",
          "MiniParameter": {
            "WaitAIParameters": [
              {
                "bLoopMotion": true,
                "bOneShotType": false,
                "StartMotionName": "None",
                "LoopMotionName": "Move",
                "EndMotionName": "None",
                "bLoopEndNotify": false,
                "bUseLookAt": false,
                "bUseTurn": false,
                "bEndless": false,
                "WaitTimeMin": 3.0,
                "WaitTimeMax": 5.0
              },
              {
                "bLoopMotion": true,
                "bOneShotType": false,
                "StartMotionName": "None",
                "LoopMotionName": "NpcTalkLoop",
                "EndMotionName": "None",
                "bLoopEndNotify": false,
                "bUseLookAt": false,
                "bUseTurn": false,
                "bEndless": false,
                "WaitTimeMin": 3.0,
                "WaitTimeMax": 5.0
              },
              {
                "bLoopMotion": true,
                "bOneShotType": false,
                "StartMotionName": "None",
                "LoopMotionName": "NpcTalkOnehandLLoop",
                "EndMotionName": "None",
                "bLoopEndNotify": false,
                "bUseLookAt": false,
                "bUseTurn": false,
                "bEndless": false,
                "WaitTimeMin": 3.0,
                "WaitTimeMax": 5.0
              },
              {
                "bLoopMotion": true,
                "bOneShotType": false,
                "StartMotionName": "None",
                "LoopMotionName": "NpcUnazuki",
                "EndMotionName": "None",
                "bLoopEndNotify": false,
                "bUseLookAt": false,
                "bUseTurn": false,
                "bEndless": false,
                "WaitTimeMin": 1.2000000476837158,
                "WaitTimeMax": 1.2000000476837158
              },
              {
                "bLoopMotion": true,
                "bOneShotType": false,
                "StartMotionName": "None",
                "LoopMotionName": "NpcThinkLoop",
                "EndMotionName": "None",
                "bLoopEndNotify": false,
                "bUseLookAt": false,
                "bUseTurn": false,
                "bEndless": false,
                "WaitTimeMin": 1.0,
                "WaitTimeMax": 2.0
              }
            ],
            "DemoWaitAIParameter": {
              "bLoopMotion": true,
              "bOneShotType": false,
              "StartMotionName": "None",
              "LoopMotionName": "Wait",
              "EndMotionName": "None",
              "bLoopEndNotify": false,
              "bUseLookAt": true,
              "bUseTurn": true,
              "bEndless": false,
              "WaitTimeMin": 2.5,
              "WaitTimeMax": 5.0
            },
            "MoveAIParameter": {
              "MoveSpeed": 100.0,
              "ArriveWaitRate": 0.25
            },
            "FacialPresetType": "ECharacterEditFacialPresetType::Default",
            "EmotionType": "ECharacterEditEmotionType::Default"
          }
        },
        "ENpcAIType::TalkSad": {
          "AIType": "ENpcAIType::TalkSad",
          "MiniParameter": {
            "WaitAIParameters": [
              {
                "bLoopMotion": true,
                "bOneShotType": false,
                "StartMotionName": "None",
                "LoopMotionName": "NpcTalkSad",
                "EndMotionName": "None",
                "bLoopEndNotify": false,
                "bUseLookAt": false,
                "bUseTurn": false,
                "bEndless": false,
                "WaitTimeMin": 5.0,
                "WaitTimeMax": 5.0
              },
              {
                "bLoopMotion": true,
                "bOneShotType": false,
                "StartMotionName": "None",
                "LoopMotionName": "NpcWaitSad",
                "EndMotionName": "None",
                "bLoopEndNotify": false,
                "bUseLookAt": false,
                "bUseTurn": true,
                "bEndless": false,
                "WaitTimeMin": 5.0,
                "WaitTimeMax": 5.0
              }
            ],
            "DemoWaitAIParameter": {
              "bLoopMotion": true,
              "bOneShotType": false,
              "StartMotionName": "None",
              "LoopMotionName": "Wait",
              "EndMotionName": "None",
              "bLoopEndNotify": false,
              "bUseLookAt": true,
              "bUseTurn": true,
              "bEndless": false,
              "WaitTimeMin": 2.5,
              "WaitTimeMax": 5.0
            },
            "MoveAIParameter": {
              "MoveSpeed": 100.0,
              "ArriveWaitRate": 0.25
            },
            "FacialPresetType": "ECharacterEditFacialPresetType::Sad",
            "EmotionType": "ECharacterEditEmotionType::Sad"
          }
        },
        "ENpcAIType::TalkAngry": {
          "AIType": "ENpcAIType::TalkAngry",
          "MiniParameter": {
            "WaitAIParameters": [
              {
                "bLoopMotion": true,
                "bOneShotType": false,
                "StartMotionName": "None",
                "LoopMotionName": "NpcTalkAngry",
                "EndMotionName": "None",
                "bLoopEndNotify": false,
                "bUseLookAt": false,
                "bUseTurn": true,
                "bEndless": false,
                "WaitTimeMin": 3.0,
                "WaitTimeMax": 3.0
              },
              {
                "bLoopMotion": true,
                "bOneShotType": false,
                "StartMotionName": "None",
                "LoopMotionName": "NpcWaitAngry",
                "EndMotionName": "None",
                "bLoopEndNotify": false,
                "bUseLookAt": false,
                "bUseTurn": true,
                "bEndless": false,
                "WaitTimeMin": 5.0,
                "WaitTimeMax": 5.0
              }
            ],
            "DemoWaitAIParameter": {
              "bLoopMotion": true,
              "bOneShotType": false,
              "StartMotionName": "None",
              "LoopMotionName": "WaitAngry",
              "EndMotionName": "None",
              "bLoopEndNotify": false,
              "bUseLookAt": true,
              "bUseTurn": true,
              "bEndless": false,
              "WaitTimeMin": 2.5,
              "WaitTimeMax": 5.0
            },
            "MoveAIParameter": {
              "MoveSpeed": 100.0,
              "ArriveWaitRate": 0.25
            },
            "FacialPresetType": "ECharacterEditFacialPresetType::Angry",
            "EmotionType": "ECharacterEditEmotionType::Angry"
          }
        },
        "ENpcAIType::TalkJoy": {
          "AIType": "ENpcAIType::TalkJoy",
          "MiniParameter": {
            "WaitAIParameters": [
              {
                "bLoopMotion": true,
                "bOneShotType": false,
                "StartMotionName": "None",
                "LoopMotionName": "NpcTalkJoy",
                "EndMotionName": "None",
                "bLoopEndNotify": false,
                "bUseLookAt": false,
                "bUseTurn": true,
                "bEndless": false,
                "WaitTimeMin": 5.0,
                "WaitTimeMax": 5.0
              },
              {
                "bLoopMotion": true,
                "bOneShotType": false,
                "StartMotionName": "None",
                "LoopMotionName": "NpcWaitJoy",
                "EndMotionName": "None",
                "bLoopEndNotify": false,
                "bUseLookAt": false,
                "bUseTurn": true,
                "bEndless": false,
                "WaitTimeMin": 3.0,
                "WaitTimeMax": 3.0
              }
            ],
            "DemoWaitAIParameter": {
              "bLoopMotion": true,
              "bOneShotType": false,
              "StartMotionName": "None",
              "LoopMotionName": "WaitJoy",
              "EndMotionName": "None",
              "bLoopEndNotify": false,
              "bUseLookAt": true,
              "bUseTurn": true,
              "bEndless": false,
              "WaitTimeMin": 2.5,
              "WaitTimeMax": 5.0
            },
            "MoveAIParameter": {
              "MoveSpeed": 100.0,
              "ArriveWaitRate": 0.25
            },
            "FacialPresetType": "ECharacterEditFacialPresetType::Smile",
            "EmotionType": "ECharacterEditEmotionType::Smile"
          }
        },
        "ENpcAIType::TalkThink": {
          "AIType": "ENpcAIType::TalkThink",
          "MiniParameter": {
            "WaitAIParameters": [
              {
                "bLoopMotion": true,
                "bOneShotType": false,
                "StartMotionName": "None",
                "LoopMotionName": "NpcTalkThink",
                "EndMotionName": "None",
                "bLoopEndNotify": false,
                "bUseLookAt": false,
                "bUseTurn": false,
                "bEndless": false,
                "WaitTimeMin": 5.0,
                "WaitTimeMax": 5.0
              },
              {
                "bLoopMotion": true,
                "bOneShotType": false,
                "StartMotionName": "None",
                "LoopMotionName": "NpcWaitThink",
                "EndMotionName": "None",
                "bLoopEndNotify": false,
                "bUseLookAt": false,
                "bUseTurn": true,
                "bEndless": false,
                "WaitTimeMin": 5.0,
                "WaitTimeMax": 5.0
              }
            ],
            "DemoWaitAIParameter": {
              "bLoopMotion": true,
              "bOneShotType": false,
              "StartMotionName": "None",
              "LoopMotionName": "WaitThink",
              "EndMotionName": "None",
              "bLoopEndNotify": false,
              "bUseLookAt": true,
              "bUseTurn": true,
              "bEndless": false,
              "WaitTimeMin": 2.5,
              "WaitTimeMax": 5.0
            },
            "MoveAIParameter": {
              "MoveSpeed": 100.0,
              "ArriveWaitRate": 0.25
            },
            "FacialPresetType": "ECharacterEditFacialPresetType::Default",
            "EmotionType": "ECharacterEditEmotionType::Default"
          }
        },
        "ENpcAIType::TalkSurprise": {
          "AIType": "ENpcAIType::TalkSurprise",
          "MiniParameter": {
            "WaitAIParameters": [
              {
                "bLoopMotion": true,
                "bOneShotType": false,
                "StartMotionName": "None",
                "LoopMotionName": "NpcTalkSurprise",
                "EndMotionName": "None",
                "bLoopEndNotify": false,
                "bUseLookAt": true,
                "bUseTurn": true,
                "bEndless": false,
                "WaitTimeMin": 5.0,
                "WaitTimeMax": 5.0
              },
              {
                "bLoopMotion": true,
                "bOneShotType": false,
                "StartMotionName": "None",
                "LoopMotionName": "Move",
                "EndMotionName": "None",
                "bLoopEndNotify": false,
                "bUseLookAt": false,
                "bUseTurn": true,
                "bEndless": false,
                "WaitTimeMin": 5.0,
                "WaitTimeMax": 7.5
              }
            ],
            "DemoWaitAIParameter": {
              "bLoopMotion": true,
              "bOneShotType": false,
              "StartMotionName": "None",
              "LoopMotionName": "WaitSurprise",
              "EndMotionName": "None",
              "bLoopEndNotify": false,
              "bUseLookAt": true,
              "bUseTurn": true,
              "bEndless": false,
              "WaitTimeMin": 2.5,
              "WaitTimeMax": 5.0
            },
            "MoveAIParameter": {
              "MoveSpeed": 100.0,
              "ArriveWaitRate": 0.25
            },
            "FacialPresetType": "ECharacterEditFacialPresetType::Surprise",
            "EmotionType": "ECharacterEditEmotionType::Default"
          }
        },
        "ENpcAIType::TalkRandom": {
          "AIType": "ENpcAIType::TalkRandom",
          "MiniParameter": {
            "WaitAIParameters": [
              {
                "bLoopMotion": true,
                "bOneShotType": false,
                "StartMotionName": "None",
                "LoopMotionName": "NpcTalk",
                "EndMotionName": "None",
                "bLoopEndNotify": false,
                "bUseLookAt": true,
                "bUseTurn": true,
                "bEndless": false,
                "WaitTimeMin": 2.5,
                "WaitTimeMax": 5.0
              }
            ],
            "DemoWaitAIParameter": {
              "bLoopMotion": true,
              "bOneShotType": false,
              "StartMotionName": "None",
              "LoopMotionName": "NpcTalk",
              "EndMotionName": "None",
              "bLoopEndNotify": false,
              "bUseLookAt": true,
              "bUseTurn": true,
              "bEndless": false,
              "WaitTimeMin": 2.5,
              "WaitTimeMax": 5.0
            },
            "MoveAIParameter": {
              "MoveSpeed": 100.0,
              "ArriveWaitRate": 0.25
            },
            "FacialPresetType": "ECharacterEditFacialPresetType::Default",
            "EmotionType": "ECharacterEditEmotionType::Default"
          }
        },
        "ENpcAIType::Lie": {
          "AIType": "ENpcAIType::Lie",
          "MiniParameter": {
            "WaitAIParameters": [
              {
                "bLoopMotion": true,
                "bOneShotType": false,
                "StartMotionName": "None",
                "LoopMotionName": "NpcLie",
                "EndMotionName": "None",
                "bLoopEndNotify": false,
                "bUseLookAt": false,
                "bUseTurn": false,
                "bEndless": false,
                "WaitTimeMin": 5.0,
                "WaitTimeMax": 5.0
              }
            ],
            "DemoWaitAIParameter": {
              "bLoopMotion": true,
              "bOneShotType": false,
              "StartMotionName": "None",
              "LoopMotionName": "NpcSleep",
              "EndMotionName": "None",
              "bLoopEndNotify": false,
              "bUseLookAt": false,
              "bUseTurn": false,
              "bEndless": false,
              "WaitTimeMin": 5.0,
              "WaitTimeMax": 5.0
            },
            "MoveAIParameter": {
              "MoveSpeed": 100.0,
              "ArriveWaitRate": 0.25
            },
            "FacialPresetType": "ECharacterEditFacialPresetType::HalfEye",
            "EmotionType": "ECharacterEditEmotionType::Default"
          }
        },
        "ENpcAIType::LieSleepy": {
          "AIType": "ENpcAIType::LieSleepy",
          "MiniParameter": {
            "WaitAIParameters": [
              {
                "bLoopMotion": true,
                "bOneShotType": false,
                "StartMotionName": "None",
                "LoopMotionName": "NpcSleep",
                "EndMotionName": "None",
                "bLoopEndNotify": false,
                "bUseLookAt": false,
                "bUseTurn": false,
                "bEndless": false,
                "WaitTimeMin": 5.0,
                "WaitTimeMax": 5.0
              }
            ],
            "DemoWaitAIParameter": {
              "bLoopMotion": true,
              "bOneShotType": false,
              "StartMotionName": "None",
              "LoopMotionName": "NpcSleep",
              "EndMotionName": "None",
              "bLoopEndNotify": false,
              "bUseLookAt": false,
              "bUseTurn": false,
              "bEndless": false,
              "WaitTimeMin": 5.0,
              "WaitTimeMax": 5.0
            },
            "MoveAIParameter": {
              "MoveSpeed": 100.0,
              "ArriveWaitRate": 0.25
            },
            "FacialPresetType": "ECharacterEditFacialPresetType::CloseEye",
            "EmotionType": "ECharacterEditEmotionType::Default"
          }
        },
        "ENpcAIType::Sleep": {
          "AIType": "ENpcAIType::Sleep",
          "MiniParameter": {
            "WaitAIParameters": [
              {
                "bLoopMotion": true,
                "bOneShotType": false,
                "StartMotionName": "None",
                "LoopMotionName": "NpcSurvivorDie",
                "EndMotionName": "None",
                "bLoopEndNotify": false,
                "bUseLookAt": false,
                "bUseTurn": false,
                "bEndless": false,
                "WaitTimeMin": 5.0,
                "WaitTimeMax": 5.0
              }
            ],
            "DemoWaitAIParameter": {
              "bLoopMotion": true,
              "bOneShotType": false,
              "StartMotionName": "None",
              "LoopMotionName": "NpcSurvivorDie",
              "EndMotionName": "None",
              "bLoopEndNotify": false,
              "bUseLookAt": false,
              "bUseTurn": false,
              "bEndless": false,
              "WaitTimeMin": 5.0,
              "WaitTimeMax": 5.0
            },
            "MoveAIParameter": {
              "MoveSpeed": 100.0,
              "ArriveWaitRate": 0.25
            },
            "FacialPresetType": "ECharacterEditFacialPresetType::CloseEye",
            "EmotionType": "ECharacterEditEmotionType::Default"
          }
        },
        "ENpcAIType::AliveSurvivor": {
          "AIType": "ENpcAIType::AliveSurvivor",
          "MiniParameter": {
            "WaitAIParameters": [
              {
                "bLoopMotion": true,
                "bOneShotType": false,
                "StartMotionName": "None",
                "LoopMotionName": "NpcSleep",
                "EndMotionName": "None",
                "bLoopEndNotify": false,
                "bUseLookAt": false,
                "bUseTurn": false,
                "bEndless": false,
                "WaitTimeMin": 5.0,
                "WaitTimeMax": 5.0
              }
            ],
            "DemoWaitAIParameter": {
              "bLoopMotion": true,
              "bOneShotType": false,
              "StartMotionName": "None",
              "LoopMotionName": "NpcSleep",
              "EndMotionName": "None",
              "bLoopEndNotify": false,
              "bUseLookAt": false,
              "bUseTurn": false,
              "bEndless": false,
              "WaitTimeMin": 5.0,
              "WaitTimeMax": 5.0
            },
            "MoveAIParameter": {
              "MoveSpeed": 100.0,
              "ArriveWaitRate": 0.25
            },
            "FacialPresetType": "ECharacterEditFacialPresetType::Default",
            "EmotionType": "ECharacterEditEmotionType::Default"
          }
        },
        "ENpcAIType::WaitOperator": {
          "AIType": "ENpcAIType::WaitOperator",
          "MiniParameter": {
            "WaitAIParameters": [
              {
                "bLoopMotion": true,
                "bOneShotType": false,
                "StartMotionName": "None",
                "LoopMotionName": "NpcWaitOperator",
                "EndMotionName": "None",
                "bLoopEndNotify": false,
                "bUseLookAt": true,
                "bUseTurn": false,
                "bEndless": false,
                "WaitTimeMin": 5.0,
                "WaitTimeMax": 5.0
              }
            ],
            "DemoWaitAIParameter": {
              "bLoopMotion": true,
              "bOneShotType": false,
              "StartMotionName": "None",
              "LoopMotionName": "NpcWaitOperator",
              "EndMotionName": "None",
              "bLoopEndNotify": false,
              "bUseLookAt": true,
              "bUseTurn": false,
              "bEndless": false,
              "WaitTimeMin": 5.0,
              "WaitTimeMax": 5.0
            },
            "MoveAIParameter": {
              "MoveSpeed": 100.0,
              "ArriveWaitRate": 0.25
            },
            "FacialPresetType": "ECharacterEditFacialPresetType::Default",
            "EmotionType": "ECharacterEditEmotionType::Default"
          }
        },
        "ENpcAIType::WaitCaptain": {
          "AIType": "ENpcAIType::WaitCaptain",
          "MiniParameter": {
            "WaitAIParameters": [
              {
                "bLoopMotion": true,
                "bOneShotType": false,
                "StartMotionName": "None",
                "LoopMotionName": "NpcWaitCaptain",
                "EndMotionName": "None",
                "bLoopEndNotify": false,
                "bUseLookAt": true,
                "bUseTurn": false,
                "bEndless": false,
                "WaitTimeMin": 5.0,
                "WaitTimeMax": 5.0
              }
            ],
            "DemoWaitAIParameter": {
              "bLoopMotion": true,
              "bOneShotType": false,
              "StartMotionName": "None",
              "LoopMotionName": "NpcWaitCaptain",
              "EndMotionName": "None",
              "bLoopEndNotify": false,
              "bUseLookAt": true,
              "bUseTurn": false,
              "bEndless": false,
              "WaitTimeMin": 5.0,
              "WaitTimeMax": 5.0
            },
            "MoveAIParameter": {
              "MoveSpeed": 100.0,
              "ArriveWaitRate": 0.25
            },
            "FacialPresetType": "ECharacterEditFacialPresetType::Default",
            "EmotionType": "ECharacterEditEmotionType::Default"
          }
        },
        "ENpcAIType::WaitInventor": {
          "AIType": "ENpcAIType::WaitInventor",
          "MiniParameter": {
            "WaitAIParameters": [
              {
                "bLoopMotion": true,
                "bOneShotType": false,
                "StartMotionName": "None",
                "LoopMotionName": "NpcWaitInventor",
                "EndMotionName": "None",
                "bLoopEndNotify": false,
                "bUseLookAt": true,
                "bUseTurn": false,
                "bEndless": false,
                "WaitTimeMin": 5.0,
                "WaitTimeMax": 5.0
              }
            ],
            "DemoWaitAIParameter": {
              "bLoopMotion": true,
              "bOneShotType": false,
              "StartMotionName": "None",
              "LoopMotionName": "NpcWaitInventor",
              "EndMotionName": "None",
              "bLoopEndNotify": false,
              "bUseLookAt": true,
              "bUseTurn": false,
              "bEndless": false,
              "WaitTimeMin": 5.0,
              "WaitTimeMax": 5.0
            },
            "MoveAIParameter": {
              "MoveSpeed": 100.0,
              "ArriveWaitRate": 0.25
            },
            "FacialPresetType": "ECharacterEditFacialPresetType::Smile",
            "EmotionType": "ECharacterEditEmotionType::Smile"
          }
        },
        "ENpcAIType::WaitDoctor": {
          "AIType": "ENpcAIType::WaitDoctor",
          "MiniParameter": {
            "WaitAIParameters": [
              {
                "bLoopMotion": true,
                "bOneShotType": false,
                "StartMotionName": "None",
                "LoopMotionName": "NpcWaitDoctor",
                "EndMotionName": "None",
                "bLoopEndNotify": false,
                "bUseLookAt": true,
                "bUseTurn": false,
                "bEndless": false,
                "WaitTimeMin": 5.0,
                "WaitTimeMax": 5.0
              }
            ],
            "DemoWaitAIParameter": {
              "bLoopMotion": true,
              "bOneShotType": false,
              "StartMotionName": "None",
              "LoopMotionName": "NpcWaitDoctor",
              "EndMotionName": "None",
              "bLoopEndNotify": false,
              "bUseLookAt": true,
              "bUseTurn": false,
              "bEndless": false,
              "WaitTimeMin": 5.0,
              "WaitTimeMax": 5.0
            },
            "MoveAIParameter": {
              "MoveSpeed": 100.0,
              "ArriveWaitRate": 0.25
            },
            "FacialPresetType": "ECharacterEditFacialPresetType::Default",
            "EmotionType": "ECharacterEditEmotionType::Default"
          }
        },
        "ENpcAIType::WaitRanger": {
          "AIType": "ENpcAIType::WaitRanger",
          "MiniParameter": {
            "WaitAIParameters": [
              {
                "bLoopMotion": true,
                "bOneShotType": false,
                "StartMotionName": "None",
                "LoopMotionName": "NpcWaitRanger",
                "EndMotionName": "None",
                "bLoopEndNotify": false,
                "bUseLookAt": true,
                "bUseTurn": false,
                "bEndless": false,
                "WaitTimeMin": 5.0,
                "WaitTimeMax": 5.0
              }
            ],
            "DemoWaitAIParameter": {
              "bLoopMotion": true,
              "bOneShotType": false,
              "StartMotionName": "None",
              "LoopMotionName": "NpcWaitRanger",
              "EndMotionName": "None",
              "bLoopEndNotify": false,
              "bUseLookAt": true,
              "bUseTurn": false,
              "bEndless": false,
              "WaitTimeMin": 5.0,
              "WaitTimeMax": 5.0
            },
            "MoveAIParameter": {
              "MoveSpeed": 100.0,
              "ArriveWaitRate": 0.25
            },
            "FacialPresetType": "ECharacterEditFacialPresetType::Angry",
            "EmotionType": "ECharacterEditEmotionType::Angry"
          }
        },
        "ENpcAIType::WaitPilot": {
          "AIType": "ENpcAIType::WaitPilot",
          "MiniParameter": {
            "WaitAIParameters": [
              {
                "bLoopMotion": true,
                "bOneShotType": false,
                "StartMotionName": "None",
                "LoopMotionName": "Move",
                "EndMotionName": "None",
                "bLoopEndNotify": false,
                "bUseLookAt": true,
                "bUseTurn": false,
                "bEndless": false,
                "WaitTimeMin": 5.0,
                "WaitTimeMax": 5.0
              }
            ],
            "DemoWaitAIParameter": {
              "bLoopMotion": true,
              "bOneShotType": false,
              "StartMotionName": "None",
              "LoopMotionName": "Move",
              "EndMotionName": "None",
              "bLoopEndNotify": false,
              "bUseLookAt": true,
              "bUseTurn": false,
              "bEndless": false,
              "WaitTimeMin": 5.0,
              "WaitTimeMax": 5.0
            },
            "MoveAIParameter": {
              "MoveSpeed": 100.0,
              "ArriveWaitRate": 0.25
            },
            "FacialPresetType": "ECharacterEditFacialPresetType::Default",
            "EmotionType": "ECharacterEditEmotionType::Default"
          }
        },
        "ENpcAIType::WaitOlimar": {
          "AIType": "ENpcAIType::WaitOlimar",
          "MiniParameter": {
            "WaitAIParameters": [
              {
                "bLoopMotion": true,
                "bOneShotType": false,
                "StartMotionName": "None",
                "LoopMotionName": "Move",
                "EndMotionName": "None",
                "bLoopEndNotify": false,
                "bUseLookAt": true,
                "bUseTurn": false,
                "bEndless": false,
                "WaitTimeMin": 5.0,
                "WaitTimeMax": 5.0
              }
            ],
            "DemoWaitAIParameter": {
              "bLoopMotion": true,
              "bOneShotType": false,
              "StartMotionName": "None",
              "LoopMotionName": "Move",
              "EndMotionName": "None",
              "bLoopEndNotify": false,
              "bUseLookAt": true,
              "bUseTurn": false,
              "bEndless": false,
              "WaitTimeMin": 5.0,
              "WaitTimeMax": 5.0
            },
            "MoveAIParameter": {
              "MoveSpeed": 100.0,
              "ArriveWaitRate": 0.25
            },
            "FacialPresetType": "ECharacterEditFacialPresetType::Default",
            "EmotionType": "ECharacterEditEmotionType::Default"
          }
        },
        "ENpcAIType::WaitOlimarLucky": {
          "AIType": "ENpcAIType::WaitOlimarLucky",
          "MiniParameter": {
            "WaitAIParameters": [
              {
                "bLoopMotion": true,
                "bOneShotType": false,
                "StartMotionName": "None",
                "LoopMotionName": "Move",
                "EndMotionName": "None",
                "bLoopEndNotify": false,
                "bUseLookAt": false,
                "bUseTurn": false,
                "bEndless": false,
                "WaitTimeMin": 2.0,
                "WaitTimeMax": 4.0
              }
            ],
            "DemoWaitAIParameter": {
              "bLoopMotion": true,
              "bOneShotType": false,
              "StartMotionName": "None",
              "LoopMotionName": "Move",
              "EndMotionName": "None",
              "bLoopEndNotify": false,
              "bUseLookAt": true,
              "bUseTurn": false,
              "bEndless": false,
              "WaitTimeMin": 5.0,
              "WaitTimeMax": 5.0
            },
            "MoveAIParameter": {
              "MoveSpeed": 100.0,
              "ArriveWaitRate": 0.25
            },
            "FacialPresetType": "ECharacterEditFacialPresetType::Default",
            "EmotionType": "ECharacterEditEmotionType::Default"
          }
        },
        "ENpcAIType::WaitLouie": {
          "AIType": "ENpcAIType::WaitLouie",
          "MiniParameter": {
            "WaitAIParameters": [
              {
                "bLoopMotion": true,
                "bOneShotType": false,
                "StartMotionName": "None",
                "LoopMotionName": "NpcWaitLouie",
                "EndMotionName": "None",
                "bLoopEndNotify": false,
                "bUseLookAt": false,
                "bUseTurn": false,
                "bEndless": false,
                "WaitTimeMin": 5.0,
                "WaitTimeMax": 10.0
              },
              {
                "bLoopMotion": false,
                "bOneShotType": true,
                "StartMotionName": "None",
                "LoopMotionName": "NpcWaitLouie02",
                "EndMotionName": "None",
                "bLoopEndNotify": false,
                "bUseLookAt": false,
                "bUseTurn": false,
                "bEndless": false,
                "WaitTimeMin": 5.0,
                "WaitTimeMax": 5.0
              }
            ],
            "DemoWaitAIParameter": {
              "bLoopMotion": true,
              "bOneShotType": false,
              "StartMotionName": "None",
              "LoopMotionName": "NpcWaitLouie",
              "EndMotionName": "None",
              "bLoopEndNotify": false,
              "bUseLookAt": true,
              "bUseTurn": false,
              "bEndless": false,
              "WaitTimeMin": 5.0,
              "WaitTimeMax": 5.0
            },
            "MoveAIParameter": {
              "MoveSpeed": 100.0,
              "ArriveWaitRate": 0.25
            },
            "FacialPresetType": "ECharacterEditFacialPresetType::Default",
            "EmotionType": "ECharacterEditEmotionType::Default"
          }
        },
        "ENpcAIType::WaitLouieRope": {
          "AIType": "ENpcAIType::WaitLouieRope",
          "MiniParameter": {
            "WaitAIParameters": [
              {
                "bLoopMotion": true,
                "bOneShotType": false,
                "StartMotionName": "None",
                "LoopMotionName": "Move",
                "EndMotionName": "None",
                "bLoopEndNotify": false,
                "bUseLookAt": false,
                "bUseTurn": false,
                "bEndless": false,
                "WaitTimeMin": 5.0,
                "WaitTimeMax": 5.0
              }
            ],
            "DemoWaitAIParameter": {
              "bLoopMotion": true,
              "bOneShotType": false,
              "StartMotionName": "None",
              "LoopMotionName": "Move",
              "EndMotionName": "None",
              "bLoopEndNotify": false,
              "bUseLookAt": true,
              "bUseTurn": false,
              "bEndless": false,
              "WaitTimeMin": 5.0,
              "WaitTimeMax": 5.0
            },
            "MoveAIParameter": {
              "MoveSpeed": 100.0,
              "ArriveWaitRate": 0.25
            },
            "FacialPresetType": "ECharacterEditFacialPresetType::Default",
            "EmotionType": "ECharacterEditEmotionType::Default"
          }
        },
        "ENpcAIType::Zukan": {
          "AIType": "ENpcAIType::Zukan",
          "MiniParameter": {
            "WaitAIParameters": [
              {
                "bLoopMotion": true,
                "bOneShotType": false,
                "StartMotionName": "None",
                "LoopMotionName": "Move",
                "EndMotionName": "None",
                "bLoopEndNotify": false,
                "bUseLookAt": true,
                "bUseTurn": false,
                "bEndless": false,
                "WaitTimeMin": 5.0,
                "WaitTimeMax": 5.0
              }
            ],
            "DemoWaitAIParameter": {
              "bLoopMotion": true,
              "bOneShotType": false,
              "StartMotionName": "None",
              "LoopMotionName": "NpcWaitPictureBook",
              "EndMotionName": "None",
              "bLoopEndNotify": false,
              "bUseLookAt": true,
              "bUseTurn": false,
              "bEndless": false,
              "WaitTimeMin": 5.0,
              "WaitTimeMax": 5.0
            },
            "MoveAIParameter": {
              "MoveSpeed": 100.0,
              "ArriveWaitRate": 0.25
            },
            "FacialPresetType": "ECharacterEditFacialPresetType::Default",
            "EmotionType": "ECharacterEditEmotionType::Default"
          }
        },
        "ENpcAIType::Stylist": {
          "AIType": "ENpcAIType::Stylist",
          "MiniParameter": {
            "WaitAIParameters": [
              {
                "bLoopMotion": true,
                "bOneShotType": false,
                "StartMotionName": "None",
                "LoopMotionName": "Move",
                "EndMotionName": "None",
                "bLoopEndNotify": false,
                "bUseLookAt": true,
                "bUseTurn": false,
                "bEndless": false,
                "WaitTimeMin": 5.0,
                "WaitTimeMax": 5.0
              }
            ],
            "DemoWaitAIParameter": {
              "bLoopMotion": true,
              "bOneShotType": false,
              "StartMotionName": "None",
              "LoopMotionName": "NpcWaitStylist",
              "EndMotionName": "None",
              "bLoopEndNotify": false,
              "bUseLookAt": true,
              "bUseTurn": false,
              "bEndless": false,
              "WaitTimeMin": 5.0,
              "WaitTimeMax": 5.0
            },
            "MoveAIParameter": {
              "MoveSpeed": 100.0,
              "ArriveWaitRate": 0.25
            },
            "FacialPresetType": "ECharacterEditFacialPresetType::Default",
            "EmotionType": "ECharacterEditEmotionType::Default"
          }
        },
        "ENpcAIType::Stretch": {
          "AIType": "ENpcAIType::Stretch",
          "MiniParameter": {
            "WaitAIParameters": [
              {
                "bLoopMotion": false,
                "bOneShotType": true,
                "StartMotionName": "None",
                "LoopMotionName": "NpcWaitGattu",
                "EndMotionName": "None",
                "bLoopEndNotify": false,
                "bUseLookAt": false,
                "bUseTurn": false,
                "bEndless": false,
                "WaitTimeMin": 5.0,
                "WaitTimeMax": 5.0
              },
              {
                "bLoopMotion": true,
                "bOneShotType": false,
                "StartMotionName": "None",
                "LoopMotionName": "Move",
                "EndMotionName": "None",
                "bLoopEndNotify": false,
                "bUseLookAt": false,
                "bUseTurn": false,
                "bEndless": false,
                "WaitTimeMin": 4.0,
                "WaitTimeMax": 8.0
              }
            ],
            "DemoWaitAIParameter": {
              "bLoopMotion": false,
              "bOneShotType": true,
              "StartMotionName": "None",
              "LoopMotionName": "Move",
              "EndMotionName": "None",
              "bLoopEndNotify": false,
              "bUseLookAt": false,
              "bUseTurn": false,
              "bEndless": false,
              "WaitTimeMin": 5.0,
              "WaitTimeMax": 5.0
            },
            "MoveAIParameter": {
              "MoveSpeed": 100.0,
              "ArriveWaitRate": 0.25
            },
            "FacialPresetType": "ECharacterEditFacialPresetType::Default",
            "EmotionType": "ECharacterEditEmotionType::Default"
          }
        },
        "ENpcAIType::Punch": {
          "AIType": "ENpcAIType::Punch",
          "MiniParameter": {
            "WaitAIParameters": [
              {
                "bLoopMotion": true,
                "bOneShotType": false,
                "StartMotionName": "None",
                "LoopMotionName": "NpcWaitPunch",
                "EndMotionName": "None",
                "bLoopEndNotify": false,
                "bUseLookAt": false,
                "bUseTurn": false,
                "bEndless": false,
                "WaitTimeMin": 5.0,
                "WaitTimeMax": 5.0
              },
              {
                "bLoopMotion": true,
                "bOneShotType": false,
                "StartMotionName": "None",
                "LoopMotionName": "Move",
                "EndMotionName": "None",
                "bLoopEndNotify": false,
                "bUseLookAt": false,
                "bUseTurn": false,
                "bEndless": false,
                "WaitTimeMin": 5.0,
                "WaitTimeMax": 10.0
              }
            ],
            "DemoWaitAIParameter": {
              "bLoopMotion": true,
              "bOneShotType": false,
              "StartMotionName": "None",
              "LoopMotionName": "Move",
              "EndMotionName": "None",
              "bLoopEndNotify": false,
              "bUseLookAt": false,
              "bUseTurn": false,
              "bEndless": false,
              "WaitTimeMin": 5.0,
              "WaitTimeMax": 5.0
            },
            "MoveAIParameter": {
              "MoveSpeed": 100.0,
              "ArriveWaitRate": 0.25
            },
            "FacialPresetType": "ECharacterEditFacialPresetType::Angry",
            "EmotionType": "ECharacterEditEmotionType::Angry"
          }
        },
        "ENpcAIType::Jump": {
          "AIType": "ENpcAIType::Jump",
          "MiniParameter": {
            "WaitAIParameters": [
              {
                "bLoopMotion": true,
                "bOneShotType": false,
                "StartMotionName": "None",
                "LoopMotionName": "NpcJump",
                "EndMotionName": "None",
                "bLoopEndNotify": true,
                "bUseLookAt": false,
                "bUseTurn": false,
                "bEndless": false,
                "WaitTimeMin": 1.0,
                "WaitTimeMax": 1.0
              },
              {
                "bLoopMotion": true,
                "bOneShotType": false,
                "StartMotionName": "None",
                "LoopMotionName": "Move",
                "EndMotionName": "None",
                "bLoopEndNotify": false,
                "bUseLookAt": false,
                "bUseTurn": false,
                "bEndless": false,
                "WaitTimeMin": 8.0,
                "WaitTimeMax": 12.0
              }
            ],
            "DemoWaitAIParameter": {
              "bLoopMotion": true,
              "bOneShotType": false,
              "StartMotionName": "None",
              "LoopMotionName": "Move",
              "EndMotionName": "None",
              "bLoopEndNotify": true,
              "bUseLookAt": true,
              "bUseTurn": false,
              "bEndless": false,
              "WaitTimeMin": 5.0,
              "WaitTimeMax": 5.0
            },
            "MoveAIParameter": {
              "MoveSpeed": 100.0,
              "ArriveWaitRate": 0.25
            },
            "FacialPresetType": "ECharacterEditFacialPresetType::Default",
            "EmotionType": "ECharacterEditEmotionType::Default"
          }
        },
        "ENpcAIType::Fue": {
          "AIType": "ENpcAIType::Fue",
          "MiniParameter": {
            "WaitAIParameters": [
              {
                "bLoopMotion": true,
                "bOneShotType": false,
                "StartMotionName": "None",
                "LoopMotionName": "NpcWaitFue",
                "EndMotionName": "None",
                "bLoopEndNotify": false,
                "bUseLookAt": false,
                "bUseTurn": false,
                "bEndless": false,
                "WaitTimeMin": 6.0,
                "WaitTimeMax": 6.0
              },
              {
                "bLoopMotion": true,
                "bOneShotType": false,
                "StartMotionName": "None",
                "LoopMotionName": "Move",
                "EndMotionName": "None",
                "bLoopEndNotify": false,
                "bUseLookAt": false,
                "bUseTurn": false,
                "bEndless": false,
                "WaitTimeMin": 7.5,
                "WaitTimeMax": 10.0
              }
            ],
            "DemoWaitAIParameter": {
              "bLoopMotion": true,
              "bOneShotType": false,
              "StartMotionName": "None",
              "LoopMotionName": "Move",
              "EndMotionName": "None",
              "bLoopEndNotify": false,
              "bUseLookAt": true,
              "bUseTurn": false,
              "bEndless": false,
              "WaitTimeMin": 5.0,
              "WaitTimeMax": 5.0
            },
            "MoveAIParameter": {
              "MoveSpeed": 100.0,
              "ArriveWaitRate": 0.25
            },
            "FacialPresetType": "ECharacterEditFacialPresetType::Default",
            "EmotionType": "ECharacterEditEmotionType::Default"
          }
        },
        "ENpcAIType::LookAround": {
          "AIType": "ENpcAIType::LookAround",
          "MiniParameter": {
            "WaitAIParameters": [
              {
                "bLoopMotion": false,
                "bOneShotType": true,
                "StartMotionName": "None",
                "LoopMotionName": "NpcWaitSagasu",
                "EndMotionName": "None",
                "bLoopEndNotify": false,
                "bUseLookAt": false,
                "bUseTurn": false,
                "bEndless": false,
                "WaitTimeMin": 2.0,
                "WaitTimeMax": 2.0
              },
              {
                "bLoopMotion": true,
                "bOneShotType": false,
                "StartMotionName": "None",
                "LoopMotionName": "Move",
                "EndMotionName": "None",
                "bLoopEndNotify": false,
                "bUseLookAt": false,
                "bUseTurn": false,
                "bEndless": false,
                "WaitTimeMin": 5.0,
                "WaitTimeMax": 7.0
              }
            ],
            "DemoWaitAIParameter": {
              "bLoopMotion": true,
              "bOneShotType": false,
              "StartMotionName": "None",
              "LoopMotionName": "Move",
              "EndMotionName": "None",
              "bLoopEndNotify": false,
              "bUseLookAt": false,
              "bUseTurn": false,
              "bEndless": false,
              "WaitTimeMin": 5.0,
              "WaitTimeMax": 5.0
            },
            "MoveAIParameter": {
              "MoveSpeed": 100.0,
              "ArriveWaitRate": 0.25
            },
            "FacialPresetType": "ECharacterEditFacialPresetType::Default",
            "EmotionType": "ECharacterEditEmotionType::Default"
          }
        },
        "ENpcAIType::Pointing": {
          "AIType": "ENpcAIType::Pointing",
          "MiniParameter": {
            "WaitAIParameters": [
              {
                "bLoopMotion": true,
                "bOneShotType": false,
                "StartMotionName": "None",
                "LoopMotionName": "NpcWaitPoint",
                "EndMotionName": "None",
                "bLoopEndNotify": false,
                "bUseLookAt": false,
                "bUseTurn": false,
                "bEndless": false,
                "WaitTimeMin": 2.0,
                "WaitTimeMax": 2.0
              },
              {
                "bLoopMotion": true,
                "bOneShotType": false,
                "StartMotionName": "None",
                "LoopMotionName": "Move",
                "EndMotionName": "None",
                "bLoopEndNotify": false,
                "bUseLookAt": false,
                "bUseTurn": false,
                "bEndless": false,
                "WaitTimeMin": 5.0,
                "WaitTimeMax": 7.5
              }
            ],
            "DemoWaitAIParameter": {
              "bLoopMotion": true,
              "bOneShotType": false,
              "StartMotionName": "None",
              "LoopMotionName": "Move",
              "EndMotionName": "None",
              "bLoopEndNotify": false,
              "bUseLookAt": false,
              "bUseTurn": false,
              "bEndless": false,
              "WaitTimeMin": 5.0,
              "WaitTimeMax": 5.0
            },
            "MoveAIParameter": {
              "MoveSpeed": 100.0,
              "ArriveWaitRate": 0.25
            },
            "FacialPresetType": "ECharacterEditFacialPresetType::Default",
            "EmotionType": "ECharacterEditEmotionType::Default"
          }
        },
        "ENpcAIType::WaveHands": {
          "AIType": "ENpcAIType::WaveHands",
          "MiniParameter": {
            "WaitAIParameters": [
              {
                "bLoopMotion": false,
                "bOneShotType": true,
                "StartMotionName": "None",
                "LoopMotionName": "NpcWaitWaveHand",
                "EndMotionName": "None",
                "bLoopEndNotify": false,
                "bUseLookAt": true,
                "bUseTurn": false,
                "bEndless": false,
                "WaitTimeMin": 5.0,
                "WaitTimeMax": 5.0
              }
            ],
            "DemoWaitAIParameter": {
              "bLoopMotion": false,
              "bOneShotType": true,
              "StartMotionName": "None",
              "LoopMotionName": "Move",
              "EndMotionName": "None",
              "bLoopEndNotify": false,
              "bUseLookAt": true,
              "bUseTurn": false,
              "bEndless": false,
              "WaitTimeMin": 5.0,
              "WaitTimeMax": 5.0
            },
            "MoveAIParameter": {
              "MoveSpeed": 100.0,
              "ArriveWaitRate": 0.25
            },
            "FacialPresetType": "ECharacterEditFacialPresetType::Smile",
            "EmotionType": "ECharacterEditEmotionType::Smile"
          }
        },
        "ENpcAIType::Follow": {
          "AIType": "ENpcAIType::Follow",
          "MiniParameter": {
            "WaitAIParameters": [
              {
                "bLoopMotion": true,
                "bOneShotType": false,
                "StartMotionName": "None",
                "LoopMotionName": "Move",
                "EndMotionName": "None",
                "bLoopEndNotify": false,
                "bUseLookAt": true,
                "bUseTurn": false,
                "bEndless": true,
                "WaitTimeMin": 5.0,
                "WaitTimeMax": 5.0
              }
            ],
            "DemoWaitAIParameter": {
              "bLoopMotion": true,
              "bOneShotType": false,
              "StartMotionName": "None",
              "LoopMotionName": "Move",
              "EndMotionName": "None",
              "bLoopEndNotify": false,
              "bUseLookAt": true,
              "bUseTurn": false,
              "bEndless": false,
              "WaitTimeMin": 5.0,
              "WaitTimeMax": 5.0
            },
            "MoveAIParameter": {
              "MoveSpeed": 100.0,
              "ArriveWaitRate": 0.25
            },
            "FacialPresetType": "ECharacterEditFacialPresetType::Default",
            "EmotionType": "ECharacterEditEmotionType::Default"
          }
        },
        "ENpcAIType::Tutorial00": {
          "AIType": "ENpcAIType::Tutorial00",
          "MiniParameter": {
            "WaitAIParameters": [
              {
                "bLoopMotion": true,
                "bOneShotType": false,
                "StartMotionName": "None",
                "LoopMotionName": "Move",
                "EndMotionName": "None",
                "bLoopEndNotify": false,
                "bUseLookAt": true,
                "bUseTurn": false,
                "bEndless": false,
                "WaitTimeMin": 5.0,
                "WaitTimeMax": 5.0
              }
            ],
            "DemoWaitAIParameter": {
              "bLoopMotion": true,
              "bOneShotType": false,
              "StartMotionName": "None",
              "LoopMotionName": "Move",
              "EndMotionName": "None",
              "bLoopEndNotify": false,
              "bUseLookAt": true,
              "bUseTurn": false,
              "bEndless": false,
              "WaitTimeMin": 5.0,
              "WaitTimeMax": 5.0
            },
            "MoveAIParameter": {
              "MoveSpeed": 100.0,
              "ArriveWaitRate": 0.25
            },
            "FacialPresetType": "ECharacterEditFacialPresetType::Default",
            "EmotionType": "ECharacterEditEmotionType::Default"
          }
        },
        "ENpcAIType::Tutorial01": {
          "AIType": "ENpcAIType::Tutorial01",
          "MiniParameter": {
            "WaitAIParameters": [
              {
                "bLoopMotion": true,
                "bOneShotType": false,
                "StartMotionName": "None",
                "LoopMotionName": "NpcSleep",
                "EndMotionName": "None",
                "bLoopEndNotify": false,
                "bUseLookAt": false,
                "bUseTurn": false,
                "bEndless": false,
                "WaitTimeMin": 5.0,
                "WaitTimeMax": 5.0
              }
            ],
            "DemoWaitAIParameter": {
              "bLoopMotion": true,
              "bOneShotType": false,
              "StartMotionName": "None",
              "LoopMotionName": "NpcSleep",
              "EndMotionName": "None",
              "bLoopEndNotify": false,
              "bUseLookAt": false,
              "bUseTurn": false,
              "bEndless": false,
              "WaitTimeMin": 5.0,
              "WaitTimeMax": 5.0
            },
            "MoveAIParameter": {
              "MoveSpeed": 100.0,
              "ArriveWaitRate": 0.25
            },
            "FacialPresetType": "ECharacterEditFacialPresetType::CloseEye",
            "EmotionType": "ECharacterEditEmotionType::Default"
          }
        },
        "ENpcAIType::SleepLeaf": {
          "AIType": "ENpcAIType::SleepLeaf",
          "MiniParameter": {
            "WaitAIParameters": [
              {
                "bLoopMotion": true,
                "bOneShotType": false,
                "StartMotionName": "None",
                "LoopMotionName": "NpcSleep",
                "EndMotionName": "None",
                "bLoopEndNotify": false,
                "bUseLookAt": false,
                "bUseTurn": false,
                "bEndless": false,
                "WaitTimeMin": 5.0,
                "WaitTimeMax": 5.0
              }
            ],
            "DemoWaitAIParameter": {
              "bLoopMotion": true,
              "bOneShotType": false,
              "StartMotionName": "None",
              "LoopMotionName": "NpcSleep",
              "EndMotionName": "None",
              "bLoopEndNotify": false,
              "bUseLookAt": false,
              "bUseTurn": false,
              "bEndless": false,
              "WaitTimeMin": 5.0,
              "WaitTimeMax": 5.0
            },
            "MoveAIParameter": {
              "MoveSpeed": 100.0,
              "ArriveWaitRate": 0.25
            },
            "FacialPresetType": "ECharacterEditFacialPresetType::CloseEye",
            "EmotionType": "ECharacterEditEmotionType::Default"
          }
        },
        "ENpcAIType::WakeLeaf": {
          "AIType": "ENpcAIType::WakeLeaf",
          "MiniParameter": {
            "WaitAIParameters": [
              {
                "bLoopMotion": true,
                "bOneShotType": false,
                "StartMotionName": "None",
                "LoopMotionName": "Move",
                "EndMotionName": "None",
                "bLoopEndNotify": false,
                "bUseLookAt": true,
                "bUseTurn": true,
                "bEndless": false,
                "WaitTimeMin": 0.5,
                "WaitTimeMax": 1.5
              }
            ],
            "DemoWaitAIParameter": {
              "bLoopMotion": true,
              "bOneShotType": false,
              "StartMotionName": "None",
              "LoopMotionName": "Move",
              "EndMotionName": "None",
              "bLoopEndNotify": false,
              "bUseLookAt": true,
              "bUseTurn": true,
              "bEndless": false,
              "WaitTimeMin": 0.5,
              "WaitTimeMax": 1.5
            },
            "MoveAIParameter": {
              "MoveSpeed": 100.0,
              "ArriveWaitRate": 0.25
            },
            "FacialPresetType": "ECharacterEditFacialPresetType::Default",
            "EmotionType": "ECharacterEditEmotionType::Default"
          }
        },
        "NewRow": {
          "AIType": "ENpcAIType::WatchStop",
          "MiniParameter": {
            "WaitAIParameters": [
              {
                "bLoopMotion": true,
                "bOneShotType": false,
                "StartMotionName": "None",
                "LoopMotionName": "NpcWaitWatch",
                "EndMotionName": "None",
                "bLoopEndNotify": false,
                "bUseLookAt": false,
                "bUseTurn": false,
                "bEndless": false,
                "WaitTimeMin": 2.5,
                "WaitTimeMax": 5.0
              }
            ],
            "DemoWaitAIParameter": {
              "bLoopMotion": true,
              "bOneShotType": false,
              "StartMotionName": "None",
              "LoopMotionName": "Move",
              "EndMotionName": "None",
              "bLoopEndNotify": false,
              "bUseLookAt": true,
              "bUseTurn": false,
              "bEndless": false,
              "WaitTimeMin": 0.5,
              "WaitTimeMax": 1.5
            },
            "MoveAIParameter": {
              "MoveSpeed": 100.0,
              "ArriveWaitRate": 0.25
            },
            "FacialPresetType": "ECharacterEditFacialPresetType::Default",
            "EmotionType": "ECharacterEditEmotionType::Default"
          }
        },
        "NewRow!!1": {
          "AIType": "ENpcAIType::WatchMove",
          "MiniParameter": {
            "WaitAIParameters": [
              {
                "bLoopMotion": true,
                "bOneShotType": false,
                "StartMotionName": "None",
                "LoopMotionName": "NpcWaitWatch",
                "EndMotionName": "None",
                "bLoopEndNotify": false,
                "bUseLookAt": false,
                "bUseTurn": false,
                "bEndless": false,
                "WaitTimeMin": 4.329999923706055,
                "WaitTimeMax": 4.329999923706055
              }
            ],
            "DemoWaitAIParameter": {
              "bLoopMotion": true,
              "bOneShotType": false,
              "StartMotionName": "None",
              "LoopMotionName": "NpcWaitWatch",
              "EndMotionName": "None",
              "bLoopEndNotify": false,
              "bUseLookAt": true,
              "bUseTurn": false,
              "bEndless": false,
              "WaitTimeMin": 0.5,
              "WaitTimeMax": 1.5
            },
            "MoveAIParameter": {
              "MoveSpeed": 20.0,
              "ArriveWaitRate": 0.75
            },
            "FacialPresetType": "ECharacterEditFacialPresetType::Default",
            "EmotionType": "ECharacterEditEmotionType::Default"
          }
        },
        "NewRow!!2": {
          "AIType": "ENpcAIType::Search",
          "MiniParameter": {
            "WaitAIParameters": [
              {
                "bLoopMotion": true,
                "bOneShotType": false,
                "StartMotionName": "None",
                "LoopMotionName": "NpcWaitSearch",
                "EndMotionName": "None",
                "bLoopEndNotify": false,
                "bUseLookAt": false,
                "bUseTurn": true,
                "bEndless": false,
                "WaitTimeMin": 8.0,
                "WaitTimeMax": 12.0
              },
              {
                "bLoopMotion": true,
                "bOneShotType": false,
                "StartMotionName": "None",
                "LoopMotionName": "Move",
                "EndMotionName": "None",
                "bLoopEndNotify": false,
                "bUseLookAt": false,
                "bUseTurn": false,
                "bEndless": false,
                "WaitTimeMin": 0.4000000059604645,
                "WaitTimeMax": 0.800000011920929
              }
            ],
            "DemoWaitAIParameter": {
              "bLoopMotion": true,
              "bOneShotType": false,
              "StartMotionName": "None",
              "LoopMotionName": "NpcWaitSearch",
              "EndMotionName": "None",
              "bLoopEndNotify": false,
              "bUseLookAt": true,
              "bUseTurn": true,
              "bEndless": false,
              "WaitTimeMin": 0.5,
              "WaitTimeMax": 1.5
            },
            "MoveAIParameter": {
              "MoveSpeed": 20.0,
              "ArriveWaitRate": 1.0
            },
            "FacialPresetType": "ECharacterEditFacialPresetType::Default",
            "EmotionType": "ECharacterEditEmotionType::Default"
          }
        },
        "NewRow!!3": {
          "AIType": "ENpcAIType::LuckyWait",
          "MiniParameter": {
            "WaitAIParameters": [
              {
                "bLoopMotion": true,
                "bOneShotType": false,
                "StartMotionName": "None",
                "LoopMotionName": "Move",
                "EndMotionName": "None",
                "bLoopEndNotify": false,
                "bUseLookAt": false,
                "bUseTurn": false,
                "bEndless": false,
                "WaitTimeMin": 5.0,
                "WaitTimeMax": 5.0
              }
            ],
            "DemoWaitAIParameter": {
              "bLoopMotion": true,
              "bOneShotType": false,
              "StartMotionName": "None",
              "LoopMotionName": "Move",
              "EndMotionName": "None",
              "bLoopEndNotify": false,
              "bUseLookAt": false,
              "bUseTurn": false,
              "bEndless": false,
              "WaitTimeMin": 5.0,
              "WaitTimeMax": 5.0
            },
            "MoveAIParameter": {
              "MoveSpeed": 100.0,
              "ArriveWaitRate": 0.25
            },
            "FacialPresetType": "ECharacterEditFacialPresetType::Default",
            "EmotionType": "ECharacterEditEmotionType::Default"
          }
        },
        "NewRow!!4": {
          "AIType": "ENpcAIType::WaitAngry2",
          "MiniParameter": {
            "WaitAIParameters": [
              {
                "bLoopMotion": true,
                "bOneShotType": false,
                "StartMotionName": "None",
                "LoopMotionName": "NpcWaitAngry2",
                "EndMotionName": "None",
                "bLoopEndNotify": false,
                "bUseLookAt": false,
                "bUseTurn": false,
                "bEndless": false,
                "WaitTimeMin": 5.0,
                "WaitTimeMax": 5.0
              }
            ],
            "DemoWaitAIParameter": {
              "bLoopMotion": true,
              "bOneShotType": false,
              "StartMotionName": "None",
              "LoopMotionName": "NpcWaitAngry2",
              "EndMotionName": "None",
              "bLoopEndNotify": false,
              "bUseLookAt": true,
              "bUseTurn": false,
              "bEndless": false,
              "WaitTimeMin": 5.0,
              "WaitTimeMax": 5.0
            },
            "MoveAIParameter": {
              "MoveSpeed": 100.0,
              "ArriveWaitRate": 0.25
            },
            "FacialPresetType": "ECharacterEditFacialPresetType::Angry",
            "EmotionType": "ECharacterEditEmotionType::Angry"
          }
        }
      }
    }
  ],
  "Extra": {
    "BlobOfData": "00000000020000000000000000000000000000000100000000000000",
    "ExInitialHeader": {
      "FMappedNameName": 0,
      "FMappedNameSource": 0,
      "PackageFlags": 2147483648,
      "CookedHeaderSize": 4720,
      "NameMapOffset": 64,
      "NameMapSize": 3115,
      "NameMapHashesOffset": 3184,
      "NameMapHashesSize": 1320,
      "ImportMapOffset": 4504,
      "ExportMapOffset": 4544,
      "ExportBundlesOffset": 4616,
      "GraphDataOffset": 4640,
      "GraphDataSize": 4
    },
    "ExNameMap": [
      "/Game/Carrot4/Core/GActor/DT_NPCAIParameter",
      "/Script/Carrot4",
      "/Script/CoreUObject",
      "/Script/Engine",
      "AIType",
      "ArrayProperty",
      "ArriveWaitRate",
      "bEndless",
      "bLoopEndNotify",
      "bLoopMotion",
      "bOneShotType",
      "BoolProperty",
      "bUseLookAt",
      "bUseTurn",
      "Class",
      "DataTable",
      "Default__DataTable",
      "DemoWaitAIParameter",
      "DT_NPCAIParameter",
      "ECharacterEditEmotionType",
      "ECharacterEditEmotionType::Angry",
      "ECharacterEditEmotionType::Default",
      "ECharacterEditEmotionType::Sad",
      "ECharacterEditEmotionType::Smile",
      "ECharacterEditFacialPresetType",
      "ECharacterEditFacialPresetType::Angry",
      "ECharacterEditFacialPresetType::CloseEye",
      "ECharacterEditFacialPresetType::Default",
      "ECharacterEditFacialPresetType::HalfEye",
      "ECharacterEditFacialPresetType::Sad",
      "ECharacterEditFacialPresetType::Smile",
      "ECharacterEditFacialPresetType::Surprise",
      "EmotionType",
      "EndMotionName",
      "ENpcAIType",
      "ENpcAIType::AliveSurvivor",
      "ENpcAIType::Follow",
      "ENpcAIType::Fue",
      "ENpcAIType::Jump",
      "ENpcAIType::Lie",
      "ENpcAIType::LieSleepy",
      "ENpcAIType::LookAround",
      "ENpcAIType::LuckyWait",
      "ENpcAIType::Pointing",
      "ENpcAIType::Punch",
      "ENpcAIType::Rest",
      "ENpcAIType::RestAngry",
      "ENpcAIType::RestJoy",
      "ENpcAIType::RestSad",
      "ENpcAIType::RestThink",
      "ENpcAIType::Run",
      "ENpcAIType::RunAngry",
      "ENpcAIType::RunJoy",
      "ENpcAIType::RunSad",
      "ENpcAIType::RunThink",
      "ENpcAIType::Search",
      "ENpcAIType::Sleep",
      "ENpcAIType::SleepLeaf",
      "ENpcAIType::Stretch",
      "ENpcAIType::Stylist",
      "ENpcAIType::Talk",
      "ENpcAIType::TalkAngry",
      "ENpcAIType::TalkJoy",
      "ENpcAIType::TalkRandom",
      "ENpcAIType::TalkSad",
      "ENpcAIType::TalkSurprise",
      "ENpcAIType::TalkThink",
      "ENpcAIType::Tutorial00",
      "ENpcAIType::Tutorial01",
      "ENpcAIType::WaitAngry",
      "ENpcAIType::WaitAngry2",
      "ENpcAIType::WaitCaptain",
      "ENpcAIType::WaitDoctor",
      "ENpcAIType::WaitInventor",
      "ENpcAIType::WaitJoy",
      "ENpcAIType::WaitLouie",
      "ENpcAIType::WaitLouieRope",
      "ENpcAIType::WaitNormal",
      "ENpcAIType::WaitOlimar",
      "ENpcAIType::WaitOlimarLucky",
      "ENpcAIType::WaitOperator",
      "ENpcAIType::WaitPilot",
      "ENpcAIType::WaitRanger",
      "ENpcAIType::WaitSad",
      "ENpcAIType::WaitThink",
      "ENpcAIType::WakeLeaf",
      "ENpcAIType::Walk",
      "ENpcAIType::WalkAngry",
      "ENpcAIType::WalkJoy",
      "ENpcAIType::WalkSad",
      "ENpcAIType::WalkThink",
      "ENpcAIType::WatchMove",
      "ENpcAIType::WatchStop",
      "ENpcAIType::WaveHands",
      "ENpcAIType::Zukan",
      "EnumProperty",
      "FacialPresetType",
      "FloatProperty",
      "LoopMotionName",
      "MiniParameter",
      "Move",
      "MoveAIParameter",
      "MoveSpeed",
      "NameProperty",
      "NewRow",
      "None",
      "NpcAIMiniParameter",
      "NpcAIParameterDataTable",
      "NpcJump",
      "NpcLie",
      "NpcMoveAIParameter",
      "NpcSleep",
      "NpcSurvivorDie",
      "NpcSuwaruEnd",
      "NpcSuwaruLoop",
      "NpcSuwaruStart",
      "NpcTalk",
      "NpcTalkAngry",
      "NpcTalkJoy",
      "NpcTalkLoop",
      "NpcTalkOnehandLLoop",
      "NpcTalkSad",
      "NpcTalkSurprise",
      "NpcTalkThink",
      "NpcThinkLoop",
      "NpcUnazuki",
      "NpcWaitAIParameter",
      "NpcWaitAngry",
      "NpcWaitAngry2",
      "NpcWaitCaptain",
      "NpcWaitDoctor",
      "NpcWaitFue",
      "NpcWaitGattu",
      "NpcWaitInventor",
      "NpcWaitJoy",
      "NpcWaitLouie",
      "NpcWaitLouie02",
      "NpcWaitOperator",
      "NpcWaitPictureBook",
      "NpcWaitPoint",
      "NpcWaitPunch",
      "NpcWaitRanger",
      "NpcWaitSad",
      "NpcWaitSagasu",
      "NpcWaitSearch",
      "NpcWaitStylist",
      "NpcWaitThink",
      "NpcWaitWatch",
      "NpcWaitWaveHand",
      "ObjectProperty",
      "Package",
      "RowStruct",
      "ScriptStruct",
      "StartMotionName",
      "StructProperty",
      "Wait",
      "WaitAIParameters",
      "WaitAngry",
      "WaitJoy",
      "WaitSad",
      "WaitSurprise",
      "WaitThink",
      "WaitTimeMax",
      "WaitTimeMin"
    ],
    "ExImports": [
      8206203013534831085,
      6350756229154467085,
      5298630410394656126,
      5885306222398933282,
      7149777250207102786
    ],
    "ExExports": [
      {
        "CookedSerialOffset": 4720,
        "CookedSerialSize": 72387,
        "ObjectName": "DT_NPCAIParameter",
        "OuterIndex": 18446744073709551615,
        "ClassIndex": 8206203013534831085,
        "SuperIndex": 18446744073709551615,
        "GlobalImportIndex": 6350756229154467085,
        "PublicExportHash": 10936521663074216338,
        "UnknownFlags": 11
      }
    ],
    "FileReferences": [
      "/Game/Carrot4/Core/GActor/DT_NPCAIParameter",
      "DT_NPCAIParameter"
    ]
  }
}