{
  "Content": [
    {
      "RowStruct": {
        "ObjectName": "NpcInfoDataTable",
        "ObjectPath": "/Script/Carrot4"
      }
    },
    {
      "Rows": {
        "TEST": {
          "NameMsgId": "",
          "EditData": {
            "BodyId": "ENpcBodyType::Pear",
            "HairId": "ENpcHairType::HairType_02",
            "FaceId": "ENpcFaceType::FaceType_03",
            "PlayerColorId": "ENpcPlayerColorType::Red",
            "SkinColorId": "ENpcSkinColorType::SkinColorType_00",
            "bUseHairColor": true,
            "bUseLeafNpcColor": false,
            "HairColorId": "ENpcPlayerColorType::Red",
            "LeafFaceId": "ENpcFaceType::FaceType_00",
            "bDispHelm": true,
            "bLeafBody": false,
            "bLeafParts": false,
            "TalkVoiceId": "ECakTalkVoiceType::Male1",
            "TalkVoiceModel": "ECakTalkVoiceModel::None",
            "bChangePartsFromBodyColor": false
          },
          "IconIndex": 0,
          "DemoBindName": "0"
        },
        "SV000": {
          "NameMsgId": "SV000",
          "EditData": {
            "BodyId": "ENpcBodyType::Operator",
            "HairId": "ENpcHairType::HairType_01",
            "FaceId": "ENpcFaceType::FaceType_01",
            "PlayerColorId": "ENpcPlayerColorType::Green",
            "SkinColorId": "ENpcSkinColorType::SkinColorType_01",
            "bUseHairColor": true,
            "bUseLeafNpcColor": false,
            "HairColorId": "ENpcPlayerColorType::Green",
            "LeafFaceId": "ENpcFaceType::FaceType_00",
            "bDispHelm": true,
            "bLeafBody": false,
            "bLeafParts": false,
            "TalkVoiceId": "ECakTalkVoiceType::Male3",
            "TalkVoiceModel": "ECakTalkVoiceModel::Junior",
            "bChangePartsFromBodyColor": false
          },
          "IconIndex": 1,
          "DemoBindName": "Area500_01_Survivor"
        },
        "SV001": {
          "NameMsgId": "SV001",
          "EditData": {
            "BodyId": "ENpcBodyType::Captain",
            "HairId": "ENpcHairType::HairType_02",
            "FaceId": "ENpcFaceType::FaceType_02",
            "PlayerColorId": "ENpcPlayerColorType::Orange",
            "SkinColorId": "ENpcSkinColorType::SkinColorType_01",
            "bUseHairColor": true,
            "bUseLeafNpcColor": false,
            "HairColorId": "ENpcPlayerColorType::Orange",
            "LeafFaceId": "ENpcFaceType::FaceType_00",
            "bDispHelm": true,
            "bLeafBody": false,
            "bLeafParts": false,
            "TalkVoiceId": "ECakTalkVoiceType::Male1",
            "TalkVoiceModel": "ECakTalkVoiceModel::Captain",
            "bChangePartsFromBodyColor": true
          },
          "IconIndex": 2,
          "DemoBindName": "Area500_02_Survivor"
        },
        "SV002": {
          "NameMsgId": "SV002",
          "EditData": {
            "BodyId": "ENpcBodyType::CraftShop",
            "HairId": "ENpcHairType::HairType_01",
            "FaceId": "ENpcFaceType::FaceType_01",
            "PlayerColorId": "ENpcPlayerColorType::Green",
            "SkinColorId": "ENpcSkinColorType::SkinColorType_02",
            "bUseHairColor": true,
            "bUseLeafNpcColor": false,
            "HairColorId": "ENpcPlayerColorType::Green",
            "LeafFaceId": "ENpcFaceType::FaceType_00",
            "bDispHelm": true,
            "bLeafBody": false,
            "bLeafParts": false,
            "TalkVoiceId": "ECakTalkVoiceType::Male3",
            "TalkVoiceModel": "ECakTalkVoiceModel::Scientist",
            "bChangePartsFromBodyColor": false
          },
          "IconIndex": 3,
          "DemoBindName": "Area500_03_Survivor"
        },
        "SV003": {
          "NameMsgId": "SV003",
          "EditData": {
            "BodyId": "ENpcBodyType::Egg",
            "HairId": "ENpcHairType::HairType_03",
            "FaceId": "ENpcFaceType::FaceType_09",
            "PlayerColorId": "ENpcPlayerColorType::Purple",
            "SkinColorId": "ENpcSkinColorType::SkinColorType_02",
            "bUseHairColor": true,
            "bUseLeafNpcColor": false,
            "HairColorId": "ENpcPlayerColorType::Purple",
            "LeafFaceId": "ENpcFaceType::FaceType_00",
            "bDispHelm": true,
            "bLeafBody": false,
            "bLeafParts": false,
            "TalkVoiceId": "ECakTalkVoiceType::Female1",
            "TalkVoiceModel": "ECakTalkVoiceModel::People_Man_High!!3",
            "bChangePartsFromBodyColor": false
          },
          "IconIndex": 4,
          "DemoBindName": "Area500_04_Survivor"
        },
        "SV004": {
          "NameMsgId": "SV004",
          "EditData": {
            "BodyId": "ENpcBodyType::Pear",
            "HairId": "ENpcHairType::HairType_03",
            "FaceId": "ENpcFaceType::FaceType_08",
            "PlayerColorId": "ENpcPlayerColorType::Green",
            "SkinColorId": "ENpcSkinColorType::SkinColorType_05",
            "bUseHairColor": true,
            "bUseLeafNpcColor": false,
            "HairColorId": "ENpcPlayerColorType::Green",
            "LeafFaceId": "ENpcFaceType::FaceType_00",
            "bDispHelm": true,
            "bLeafBody": false,
            "bLeafParts": false,
            "TalkVoiceId": "ECakTalkVoiceType::Female2",
            "TalkVoiceModel": "ECakTalkVoiceModel::People_Man_Middle!!2",
            "bChangePartsFromBodyColor": false
          },
          "IconIndex": 5,
          "DemoBindName": "Area500_05_Survivor"
        },
        "SV005": {
          "NameMsgId": "SV005",
          "EditData": {
            "BodyId": "ENpcBodyType::Doctor",
            "HairId": "ENpcHairType::HairType_02",
            "FaceId": "ENpcFaceType::FaceType_01",
            "PlayerColorId": "ENpcPlayerColorType::Green",
            "SkinColorId": "ENpcSkinColorType::SkinColorType_05",
            "bUseHairColor": true,
            "bUseLeafNpcColor": false,
            "HairColorId": "ENpcPlayerColorType::Green",
            "LeafFaceId": "ENpcFaceType::FaceType_00",
            "bDispHelm": true,
            "bLeafBody": false,
            "bLeafParts": false,
            "TalkVoiceId": "ECakTalkVoiceType::Female1",
            "TalkVoiceModel": "ECakTalkVoiceModel::Doctor",
            "bChangePartsFromBodyColor": false
          },
          "IconIndex": 6,
          "DemoBindName": "Area500_06_Survivor"
        },
        "SV006": {
          "NameMsgId": "SV006",
          "EditData": {
            "BodyId": "ENpcBodyType::Pear",
            "HairId": "ENpcHairType::HairType_05",
            "FaceId": "ENpcFaceType::FaceType_01",
            "PlayerColorId": "ENpcPlayerColorType::Green",
            "SkinColorId": "ENpcSkinColorType::SkinColorType_00",
            "bUseHairColor": true,
            "bUseLeafNpcColor": false,
            "HairColorId": "ENpcPlayerColorType::Green",
            "LeafFaceId": "ENpcFaceType::FaceType_00",
            "bDispHelm": true,
            "bLeafBody": false,
            "bLeafParts": false,
            "TalkVoiceId": "ECakTalkVoiceType::Male2",
            "TalkVoiceModel": "ECakTalkVoiceModel::People_Man_Middle!!4",
            "bChangePartsFromBodyColor": false
          },
          "IconIndex": 7,
          "DemoBindName": "Area500_07_Survivor"
        },
        "SV007": {
          "NameMsgId": "SV007",
          "EditData": {
            "BodyId": "ENpcBodyType::Square",
            "HairId": "ENpcHairType::HairType_04",
            "FaceId": "ENpcFaceType::FaceType_01",
            "PlayerColorId": "ENpcPlayerColorType::Purple",
            "SkinColorId": "ENpcSkinColorType::SkinColorType_01",
            "bUseHairColor": true,
            "bUseLeafNpcColor": false,
            "HairColorId": "ENpcPlayerColorType::Red",
            "LeafFaceId": "ENpcFaceType::FaceType_00",
            "bDispHelm": true,
            "bLeafBody": false,
            "bLeafParts": false,
            "TalkVoiceId": "ECakTalkVoiceType::Male3",
            "TalkVoiceModel": "ECakTalkVoiceModel::People_Man_Middle!!3",
            "bChangePartsFromBodyColor": false
          },
          "IconIndex": 8,
          "DemoBindName": "Area500_08_Survivor"
        },
        "SV008": {
          "NameMsgId": "SV008",
          "EditData": {
            "BodyId": "ENpcBodyType::Ranger",
            "HairId": "ENpcHairType::HairType_00",
            "FaceId": "ENpcFaceType::FaceType_00",
            "PlayerColorId": "ENpcPlayerColorType::Orange",
            "SkinColorId": "ENpcSkinColorType::SkinColorType_00",
            "bUseHairColor": true,
            "bUseLeafNpcColor": false,
            "HairColorId": "ENpcPlayerColorType::Red",
            "LeafFaceId": "ENpcFaceType::FaceType_00",
            "bDispHelm": true,
            "bLeafBody": false,
            "bLeafParts": false,
            "TalkVoiceId": "ECakTalkVoiceType::Male1",
            "TalkVoiceModel": "ECakTalkVoiceModel::Ranger",
            "bChangePartsFromBodyColor": false
          },
          "IconIndex": 9,
          "DemoBindName": "Area500_09_Survivor"
        },
        "SV009": {
          "NameMsgId": "SV009",
          "EditData": {
            "BodyId": "ENpcBodyType::Square",
            "HairId": "ENpcHairType::HairType_01",
            "FaceId": "ENpcFaceType::FaceType_07",
            "PlayerColorId": "ENpcPlayerColorType::Blue",
            "SkinColorId": "ENpcSkinColorType::SkinColorType_02",
            "bUseHairColor": true,
            "bUseLeafNpcColor": false,
            "HairColorId": "ENpcPlayerColorType::Blue",
            "LeafFaceId": "ENpcFaceType::FaceType_00",
            "bDispHelm": true,
            "bLeafBody": false,
            "bLeafParts": false,
            "TalkVoiceId": "ECakTalkVoiceType::Male3",
            "TalkVoiceModel": "ECakTalkVoiceModel::People_Woman_Low!!2",
            "bChangePartsFromBodyColor": false
          },
          "IconIndex": 10,
          "DemoBindName": "Area500_10_Survivor"
        },
        "SV010": {
          "NameMsgId": "SV010",
          "EditData": {
            "BodyId": "ENpcBodyType::Egg",
            "HairId": "ENpcHairType::HairType_05",
            "FaceId": "ENpcFaceType::FaceType_06",
            "PlayerColorId": "ENpcPlayerColorType::Purple",
            "SkinColorId": "ENpcSkinColorType::SkinColorType_04",
            "bUseHairColor": true,
            "bUseLeafNpcColor": false,
            "HairColorId": "ENpcPlayerColorType::Purple",
            "LeafFaceId": "ENpcFaceType::FaceType_00",
            "bDispHelm": true,
            "bLeafBody": false,
            "bLeafParts": false,
            "TalkVoiceId": "ECakTalkVoiceType::Female2",
            "TalkVoiceModel": "ECakTalkVoiceModel::People_Man_High!!2",
            "bChangePartsFromBodyColor": false
          },
          "IconIndex": 11,
          "DemoBindName": "Area500_11_Survivor"
        },
        "SV011": {
          "NameMsgId": "SV011",
          "EditData": {
            "BodyId": "ENpcBodyType::Round",
            "HairId": "ENpcHairType::HairType_02",
            "FaceId": "ENpcFaceType::FaceType_09",
            "PlayerColorId": "ENpcPlayerColorType::Orange",
            "SkinColorId": "ENpcSkinColorType::SkinColorType_05",
            "bUseHairColor": true,
            "bUseLeafNpcColor": false,
            "HairColorId": "ENpcPlayerColorType::Orange",
            "LeafFaceId": "ENpcFaceType::FaceType_00",
            "bDispHelm": true,
            "bLeafBody": false,
            "bLeafParts": false,
            "TalkVoiceId": "ECakTalkVoiceType::Female2",
            "TalkVoiceModel": "ECakTalkVoiceModel::People_Man_High!!3",
            "bChangePartsFromBodyColor": false
          },
          "IconIndex": 12,
          "DemoBindName": "Area500_12_Survivor"
        },
        "SV012": {
          "NameMsgId": "SV012",
          "EditData": {
            "BodyId": "ENpcBodyType::Pear",
            "HairId": "ENpcHairType::HairType_02",
            "FaceId": "ENpcFaceType::FaceType_06",
            "PlayerColorId": "ENpcPlayerColorType::Orange",
            "SkinColorId": "ENpcSkinColorType::SkinColorType_03",
            "bUseHairColor": true,
            "bUseLeafNpcColor": false,
            "HairColorId": "ENpcPlayerColorType::Orange",
            "LeafFaceId": "ENpcFaceType::FaceType_00",
            "bDispHelm": true,
            "bLeafBody": false,
            "bLeafParts": false,
            "TalkVoiceId": "ECakTalkVoiceType::Male2",
            "TalkVoiceModel": "ECakTalkVoiceModel::People_Woman_Middle!!2",
            "bChangePartsFromBodyColor": false
          },
          "IconIndex": 13,
          "DemoBindName": "Area500_13_Survivor"
        },
        "SV013": {
          "NameMsgId": "SV013",
          "EditData": {
            "BodyId": "ENpcBodyType::Pear",
            "HairId": "ENpcHairType::HairType_00",
            "FaceId": "ENpcFaceType::FaceType_02",
            "PlayerColorId": "ENpcPlayerColorType::Orange",
            "SkinColorId": "ENpcSkinColorType::SkinColorType_07",
            "bUseHairColor": true,
            "bUseLeafNpcColor": false,
            "HairColorId": "ENpcPlayerColorType::Red",
            "LeafFaceId": "ENpcFaceType::FaceType_00",
            "bDispHelm": true,
            "bLeafBody": false,
            "bLeafParts": false,
            "TalkVoiceId": "ECakTalkVoiceType::Male3",
            "TalkVoiceModel": "ECakTalkVoiceModel::People_Man_Middle!!3",
            "bChangePartsFromBodyColor": false
          },
          "IconIndex": 14,
          "DemoBindName": "Area500_14_Survivor"
        },
        "SV014": {
          "NameMsgId": "SV014",
          "EditData": {
            "BodyId": "ENpcBodyType::Round",
            "HairId": "ENpcHairType::HairType_05",
            "FaceId": "ENpcFaceType::FaceType_05",
            "PlayerColorId": "ENpcPlayerColorType::Green",
            "SkinColorId": "ENpcSkinColorType::SkinColorType_03",
            "bUseHairColor": true,
            "bUseLeafNpcColor": false,
            "HairColorId": "ENpcPlayerColorType::Green",
            "LeafFaceId": "ENpcFaceType::FaceType_00",
            "bDispHelm": true,
            "bLeafBody": false,
            "bLeafParts": false,
            "TalkVoiceId": "ECakTalkVoiceType::Female1",
            "TalkVoiceModel": "ECakTalkVoiceModel::People_Woman_Low!!4",
            "bChangePartsFromBodyColor": false
          },
          "IconIndex": 15,
          "DemoBindName": "Area500_15_Survivor"
        },
        "SV015": {
          "NameMsgId": "SV015",
          "EditData": {
            "BodyId": "ENpcBodyType::Round",
            "HairId": "ENpcHairType::HairType_03",
            "FaceId": "ENpcFaceType::FaceType_01",
            "PlayerColorId": "ENpcPlayerColorType::Purple",
            "SkinColorId": "ENpcSkinColorType::SkinColorType_03",
            "bUseHairColor": true,
            "bUseLeafNpcColor": false,
            "HairColorId": "ENpcPlayerColorType::Red",
            "LeafFaceId": "ENpcFaceType::FaceType_00",
            "bDispHelm": true,
            "bLeafBody": false,
            "bLeafParts": false,
            "TalkVoiceId": "ECakTalkVoiceType::Female2",
            "TalkVoiceModel": "ECakTalkVoiceModel::People_Woman_High!!3",
            "bChangePartsFromBodyColor": false
          },
          "IconIndex": 16,
          "DemoBindName": "Area500_16_Survivor"
        },
        "SV016": {
          "NameMsgId": "SV016",
          "EditData": {
            "BodyId": "ENpcBodyType::Pear",
            "HairId": "ENpcHairType::HairType_03",
            "FaceId": "ENpcFaceType::FaceType_03",
            "PlayerColorId": "ENpcPlayerColorType::Pink",
            "SkinColorId": "ENpcSkinColorType::SkinColorType_02",
            "bUseHairColor": true,
            "bUseLeafNpcColor": false,
            "HairColorId": "ENpcPlayerColorType::Pink",
            "LeafFaceId": "ENpcFaceType::FaceType_00",
            "bDispHelm": true,
            "bLeafBody": false,
            "bLeafParts": false,
            "TalkVoiceId": "ECakTalkVoiceType::Male2",
            "TalkVoiceModel": "ECakTalkVoiceModel::People_Woman_High!!3",
            "bChangePartsFromBodyColor": false
          },
          "IconIndex": 17,
          "DemoBindName": "Area500_17_Survivor"
        },
        "SV017": {
          "NameMsgId": "SV017",
          "EditData": {
            "BodyId": "ENpcBodyType::Egg",
            "HairId": "ENpcHairType::HairType_04",
            "FaceId": "ENpcFaceType::FaceType_04",
            "PlayerColorId": "ENpcPlayerColorType::Orange",
            "SkinColorId": "ENpcSkinColorType::SkinColorType_03",
            "bUseHairColor": true,
            "bUseLeafNpcColor": false,
            "HairColorId": "ENpcPlayerColorType::Orange",
            "LeafFaceId": "ENpcFaceType::FaceType_00",
            "bDispHelm": true,
            "bLeafBody": false,
            "bLeafParts": false,
            "TalkVoiceId": "ECakTalkVoiceType::Male3",
            "TalkVoiceModel": "ECakTalkVoiceModel::People_Man_Middle!!2",
            "bChangePartsFromBodyColor": false
          },
          "IconIndex": 18,
          "DemoBindName": "Area500_18_Survivor"
        },
        "SV018": {
          "NameMsgId": "SV018",
          "EditData": {
            "BodyId": "ENpcBodyType::Round",
            "HairId": "ENpcHairType::HairType_00",
            "FaceId": "ENpcFaceType::FaceType_03",
            "PlayerColorId": "ENpcPlayerColorType::Blue",
            "SkinColorId": "ENpcSkinColorType::SkinColorType_03",
            "bUseHairColor": true,
            "bUseLeafNpcColor": false,
            "HairColorId": "ENpcPlayerColorType::Blue",
            "LeafFaceId": "ENpcFaceType::FaceType_00",
            "bDispHelm": true,
            "bLeafBody": false,
            "bLeafParts": false,
            "TalkVoiceId": "ECakTalkVoiceType::Female1",
            "TalkVoiceModel": "ECakTalkVoiceModel::People_Woman_High!!2",
            "bChangePartsFromBodyColor": true
          },
          "IconIndex": 19,
          "DemoBindName": "Area500_19_Survivor"
        },
        "SV019": {
          "NameMsgId": "SV019",
          "EditData": {
            "BodyId": "ENpcBodyType::Square",
            "HairId": "ENpcHairType::HairType_01",
            "FaceId": "ENpcFaceType::FaceType_09",
            "PlayerColorId": "ENpcPlayerColorType::Pink",
            "SkinColorId": "ENpcSkinColorType::SkinColorType_06",
            "bUseHairColor": true,
            "bUseLeafNpcColor": false,
            "HairColorId": "ENpcPlayerColorType::Red",
            "LeafFaceId": "ENpcFaceType::FaceType_00",
            "bDispHelm": true,
            "bLeafBody": false,
            "bLeafParts": false,
            "TalkVoiceId": "ECakTalkVoiceType::Female2",
            "TalkVoiceModel": "ECakTalkVoiceModel::People_Woman_Low!!2",
            "bChangePartsFromBodyColor": false
          },
          "IconIndex": 20,
          "DemoBindName": "Area500_20_Survivor"
        },
        "SV020": {
          "NameMsgId": "SV020",
          "EditData": {
            "BodyId": "ENpcBodyType::Pear",
            "HairId": "ENpcHairType::HairType_01",
            "FaceId": "ENpcFaceType::FaceType_07",
            "PlayerColorId": "ENpcPlayerColorType::Pink",
            "SkinColorId": "ENpcSkinColorType::SkinColorType_01",
            "bUseHairColor": true,
            "bUseLeafNpcColor": false,
            "HairColorId": "ENpcPlayerColorType::Pink",
            "LeafFaceId": "ENpcFaceType::FaceType_00",
            "bDispHelm": true,
            "bLeafBody": false,
            "bLeafParts": false,
            "TalkVoiceId": "ECakTalkVoiceType::Male1",
            "TalkVoiceModel": "ECakTalkVoiceModel::People_Woman_Low!!4",
            "bChangePartsFromBodyColor": false
          },
          "IconIndex": 21,
          "DemoBindName": "Area500_21_Survivor"
        },
        "SV021": {
          "NameMsgId": "SV021",
          "EditData": {
            "BodyId": "ENpcBodyType::Square",
            "HairId": "ENpcHairType::HairType_03",
            "FaceId": "ENpcFaceType::FaceType_03",
            "PlayerColorId": "ENpcPlayerColorType::Purple",
            "SkinColorId": "ENpcSkinColorType::SkinColorType_04",
            "bUseHairColor": true,
            "bUseLeafNpcColor": false,
            "HairColorId": "ENpcPlayerColorType::Purple",
            "LeafFaceId": "ENpcFaceType::FaceType_00",
            "bDispHelm": true,
            "bLeafBody": false,
            "bLeafParts": false,
            "TalkVoiceId": "ECakTalkVoiceType::Female2",
            "TalkVoiceModel": "ECakTalkVoiceModel::People_Woman_Low!!2",
            "bChangePartsFromBodyColor": false
          },
          "IconIndex": 43,
          "DemoBindName": "Area500_22_Survivor"
        },
        "SV022": {
          "NameMsgId": "SV022",
          "EditData": {
            "BodyId": "ENpcBodyType::Round",
            "HairId": "ENpcHairType::HairType_01",
            "FaceId": "ENpcFaceType::FaceType_04",
            "PlayerColorId": "ENpcPlayerColorType::Purple",
            "SkinColorId": "ENpcSkinColorType::SkinColorType_02",
            "bUseHairColor": true,
            "bUseLeafNpcColor": false,
            "HairColorId": "ENpcPlayerColorType::Purple",
            "LeafFaceId": "ENpcFaceType::FaceType_00",
            "bDispHelm": true,
            "bLeafBody": false,
            "bLeafParts": false,
            "TalkVoiceId": "ECakTalkVoiceType::Male1",
            "TalkVoiceModel": "ECakTalkVoiceModel::People_Man_Middle!!4",
            "bChangePartsFromBodyColor": false
          },
          "IconIndex": 44,
          "DemoBindName": "Area500_23_Survivor"
        },
        "SV023": {
          "NameMsgId": "SV023",
          "EditData": {
            "BodyId": "ENpcBodyType::Egg",
            "HairId": "ENpcHairType::HairType_01",
            "FaceId": "ENpcFaceType::FaceType_03",
            "PlayerColorId": "ENpcPlayerColorType::Blue",
            "SkinColorId": "ENpcSkinColorType::SkinColorType_00",
            "bUseHairColor": true,
            "bUseLeafNpcColor": false,
            "HairColorId": "ENpcPlayerColorType::Blue",
            "LeafFaceId": "ENpcFaceType::FaceType_00",
            "bDispHelm": true,
            "bLeafBody": false,
            "bLeafParts": false,
            "TalkVoiceId": "ECakTalkVoiceType::Male2",
            "TalkVoiceModel": "ECakTalkVoiceModel::People_Woman_High!!2",
            "bChangePartsFromBodyColor": false
          },
          "IconIndex": 45,
          "DemoBindName": "Area500_24_Survivor"
        },
        "SV024": {
          "NameMsgId": "SV024",
          "EditData": {
            "BodyId": "ENpcBodyType::Egg",
            "HairId": "ENpcHairType::HairType_02",
            "FaceId": "ENpcFaceType::FaceType_07",
            "PlayerColorId": "ENpcPlayerColorType::Orange",
            "SkinColorId": "ENpcSkinColorType::SkinColorType_02",
            "bUseHairColor": true,
            "bUseLeafNpcColor": false,
            "HairColorId": "ENpcPlayerColorType::Orange",
            "LeafFaceId": "ENpcFaceType::FaceType_00",
            "bDispHelm": true,
            "bLeafBody": false,
            "bLeafParts": false,
            "TalkVoiceId": "ECakTalkVoiceType::Male3",
            "TalkVoiceModel": "ECakTalkVoiceModel::People_Man_Middle!!2",
            "bChangePartsFromBodyColor": false
          },
          "IconIndex": 46,
          "DemoBindName": "Area500_25_Survivor"
        },
        "SV025": {
          "NameMsgId": "SV025",
          "EditData": {
            "BodyId": "ENpcBodyType::Charlie",
            "HairId": "ENpcHairType::HairType_00",
            "FaceId": "ENpcFaceType::FaceType_00",
            "PlayerColorId": "ENpcPlayerColorType::Green",
            "SkinColorId": "ENpcSkinColorType::SkinColorType_02",
            "bUseHairColor": true,
            "bUseLeafNpcColor": false,
            "HairColorId": "ENpcPlayerColorType::Green",
            "LeafFaceId": "ENpcFaceType::FaceType_00",
            "bDispHelm": true,
            "bLeafBody": false,
            "bLeafParts": false,
            "TalkVoiceId": "ECakTalkVoiceType::Male1",
            "TalkVoiceModel": "ECakTalkVoiceModel::People_Man_Low!!2",
            "bChangePartsFromBodyColor": false
          },
          "IconIndex": 47,
          "DemoBindName": "Area500_26_Survivor"
        },
        "SV026": {
          "NameMsgId": "SV026",
          "EditData": {
            "BodyId": "ENpcBodyType::Alph",
            "HairId": "ENpcHairType::HairType_00",
            "FaceId": "ENpcFaceType::FaceType_00",
            "PlayerColorId": "ENpcPlayerColorType::Blue",
            "SkinColorId": "ENpcSkinColorType::SkinColorType_01",
            "bUseHairColor": true,
            "bUseLeafNpcColor": false,
            "HairColorId": "ENpcPlayerColorType::Blue",
            "LeafFaceId": "ENpcFaceType::FaceType_00",
            "bDispHelm": true,
            "bLeafBody": false,
            "bLeafParts": false,
            "TalkVoiceId": "ECakTalkVoiceType::Male1",
            "TalkVoiceModel": "ECakTalkVoiceModel::People_Man_High!!2",
            "bChangePartsFromBodyColor": false
          },
          "IconIndex": 48,
          "DemoBindName": "Area500_27_Survivor"
        },
        "SV027": {
          "NameMsgId": "SV027",
          "EditData": {
            "BodyId": "ENpcBodyType::Brittany",
            "HairId": "ENpcHairType::HairType_00",
            "FaceId": "ENpcFaceType::FaceType_00",
            "PlayerColorId": "ENpcPlayerColorType::Pink",
            "SkinColorId": "ENpcSkinColorType::SkinColorType_00",
            "bUseHairColor": true,
            "bUseLeafNpcColor": false,
            "HairColorId": "ENpcPlayerColorType::Pink",
            "LeafFaceId": "ENpcFaceType::FaceType_00",
            "bDispHelm": true,
            "bLeafBody": false,
            "bLeafParts": false,
            "TalkVoiceId": "ECakTalkVoiceType::Female1",
            "TalkVoiceModel": "ECakTalkVoiceModel::People_Woman_Low!!4",
            "bChangePartsFromBodyColor": false
          },
          "IconIndex": 49,
          "DemoBindName": "Area500_28_Survivor"
        },
        "SVSleep000": {
          "NameMsgId": "SVSleep000",
          "EditData": {
            "BodyId": "ENpcBodyType::Egg",
            "HairId": "ENpcHairType::HairType_00",
            "FaceId": "ENpcFaceType::FaceType_00",
            "PlayerColorId": "ENpcPlayerColorType::Red",
            "SkinColorId": "ENpcSkinColorType::SkinColorType_00",
            "bUseHairColor": true,
            "bUseLeafNpcColor": false,
            "HairColorId": "ENpcPlayerColorType::Red",
            "LeafFaceId": "ENpcFaceType::FaceType_00",
            "bDispHelm": true,
            "bLeafBody": false,
            "bLeafParts": false,
            "TalkVoiceId": "ECakTalkVoiceType::Male1",
            "TalkVoiceModel": "ECakTalkVoiceModel::People_Man_High!!2",
            "bChangePartsFromBodyColor": false
          },
          "IconIndex": 50,
          "DemoBindName": "0"
        },
        "LF000": {
          "NameMsgId": "LF000",
          "EditData": {
            "BodyId": "ENpcBodyType::Pear",
            "HairId": "ENpcHairType::HairType_04",
            "FaceId": "ENpcFaceType::FaceType_08",
            "PlayerColorId": "ENpcPlayerColorType::Green",
            "SkinColorId": "ENpcSkinColorType::SkinColorType_02",
            "bUseHairColor": true,
            "bUseLeafNpcColor": true,
            "HairColorId": "ENpcPlayerColorType::Green",
            "LeafFaceId": "ENpcFaceType::FaceType_00",
            "bDispHelm": false,
            "bLeafBody": true,
            "bLeafParts": true,
            "TalkVoiceId": "ECakTalkVoiceType::Male1",
            "TalkVoiceModel": "ECakTalkVoiceModel::People_Man_Low!!3",
            "bChangePartsFromBodyColor": false
          },
          "IconIndex": 22,
          "DemoBindName": "Area500_01_Leaf"
        },
        "LF001": {
          "NameMsgId": "LF001",
          "EditData": {
            "BodyId": "ENpcBodyType::Square",
            "HairId": "ENpcHairType::HairType_05",
            "FaceId": "ENpcFaceType::FaceType_08",
            "PlayerColorId": "ENpcPlayerColorType::Orange",
            "SkinColorId": "ENpcSkinColorType::SkinColorType_00",
            "bUseHairColor": true,
            "bUseLeafNpcColor": true,
            "HairColorId": "ENpcPlayerColorType::Orange",
            "LeafFaceId": "ENpcFaceType::FaceType_01",
            "bDispHelm": false,
            "bLeafBody": true,
            "bLeafParts": true,
            "TalkVoiceId": "ECakTalkVoiceType::Male2",
            "TalkVoiceModel": "ECakTalkVoiceModel::People_Man_Middle!!3",
            "bChangePartsFromBodyColor": false
          },
          "IconIndex": 23,
          "DemoBindName": "Area500_02_Leaf"
        },
        "LF002": {
          "NameMsgId": "LF002",
          "EditData": {
            "BodyId": "ENpcBodyType::Pilot",
            "HairId": "ENpcHairType::HairType_03",
            "FaceId": "ENpcFaceType::FaceType_06",
            "PlayerColorId": "ENpcPlayerColorType::Green",
            "SkinColorId": "ENpcSkinColorType::SkinColorType_07",
            "bUseHairColor": true,
            "bUseLeafNpcColor": false,
            "HairColorId": "ENpcPlayerColorType::Purple",
            "LeafFaceId": "ENpcFaceType::FaceType_05",
            "bDispHelm": false,
            "bLeafBody": true,
            "bLeafParts": true,
            "TalkVoiceId": "ECakTalkVoiceType::Male1",
            "TalkVoiceModel": "ECakTalkVoiceModel::Pilot",
            "bChangePartsFromBodyColor": false
          },
          "IconIndex": 27,
          "DemoBindName": "Area500_03_Leaf"
        },
        "LF003": {
          "NameMsgId": "LF003",
          "EditData": {
            "BodyId": "ENpcBodyType::Pear",
            "HairId": "ENpcHairType::HairType_00",
            "FaceId": "ENpcFaceType::FaceType_05",
            "PlayerColorId": "ENpcPlayerColorType::Purple",
            "SkinColorId": "ENpcSkinColorType::SkinColorType_05",
            "bUseHairColor": true,
            "bUseLeafNpcColor": true,
            "HairColorId": "ENpcPlayerColorType::Purple",
            "LeafFaceId": "ENpcFaceType::FaceType_03",
            "bDispHelm": false,
            "bLeafBody": true,
            "bLeafParts": true,
            "TalkVoiceId": "ECakTalkVoiceType::Female1",
            "TalkVoiceModel": "ECakTalkVoiceModel::People_Man_Low!!3",
            "bChangePartsFromBodyColor": false
          },
          "IconIndex": 25,
          "DemoBindName": "Area500_04_Leaf"
        },
        "LF004": {
          "NameMsgId": "LF004",
          "EditData": {
            "BodyId": "ENpcBodyType::Pear",
            "HairId": "ENpcHairType::HairType_05",
            "FaceId": "ENpcFaceType::FaceType_05",
            "PlayerColorId": "ENpcPlayerColorType::Green",
            "SkinColorId": "ENpcSkinColorType::SkinColorType_01",
            "bUseHairColor": true,
            "bUseLeafNpcColor": true,
            "HairColorId": "ENpcPlayerColorType::Red",
            "LeafFaceId": "ENpcFaceType::FaceType_04",
            "bDispHelm": false,
            "bLeafBody": true,
            "bLeafParts": true,
            "TalkVoiceId": "ECakTalkVoiceType::Female2",
            "TalkVoiceModel": "ECakTalkVoiceModel::People_Man_Middle!!4",
            "bChangePartsFromBodyColor": false
          },
          "IconIndex": 26,
          "DemoBindName": "Area500_05_Leaf"
        },
        "LF005": {
          "NameMsgId": "LF005",
          "EditData": {
            "BodyId": "ENpcBodyType::Round",
            "HairId": "ENpcHairType::HairType_05",
            "FaceId": "ENpcFaceType::FaceType_01",
            "PlayerColorId": "ENpcPlayerColorType::Pink",
            "SkinColorId": "ENpcSkinColorType::SkinColorType_00",
            "bUseHairColor": true,
            "bUseLeafNpcColor": true,
            "HairColorId": "ENpcPlayerColorType::Pink",
            "LeafFaceId": "ENpcFaceType::FaceType_02",
            "bDispHelm": false,
            "bLeafBody": true,
            "bLeafParts": true,
            "TalkVoiceId": "ECakTalkVoiceType::Male3",
            "TalkVoiceModel": "ECakTalkVoiceModel::People_Woman_High!!2",
            "bChangePartsFromBodyColor": false
          },
          "IconIndex": 24,
          "DemoBindName": "Area500_06_Leaf"
        },
        "LF006": {
          "NameMsgId": "LF006",
          "EditData": {
            "BodyId": "ENpcBodyType::Round",
            "HairId": "ENpcHairType::HairType_03",
            "FaceId": "ENpcFaceType::FaceType_06",
            "PlayerColorId": "ENpcPlayerColorType::Orange",
            "SkinColorId": "ENpcSkinColorType::SkinColorType_02",
            "bUseHairColor": true,
            "bUseLeafNpcColor": true,
            "HairColorId": "ENpcPlayerColorType::Orange",
            "LeafFaceId": "ENpcFaceType::FaceType_00",
            "bDispHelm": false,
            "bLeafBody": true,
            "bLeafParts": true,
            "TalkVoiceId": "ECakTalkVoiceType::Male2",
            "TalkVoiceModel": "ECakTalkVoiceModel::People_Woman_High!!3",
            "bChangePartsFromBodyColor": false
          },
          "IconIndex": 28,
          "DemoBindName": "Area500_07_Leaf"
        },
        "LF007": {
          "NameMsgId": "LF007",
          "EditData": {
            "BodyId": "ENpcBodyType::Egg",
            "HairId": "ENpcHairType::HairType_03",
            "FaceId": "ENpcFaceType::FaceType_01",
            "PlayerColorId": "ENpcPlayerColorType::Orange",
            "SkinColorId": "ENpcSkinColorType::SkinColorType_07",
            "bUseHairColor": true,
            "bUseLeafNpcColor": true,
            "HairColorId": "ENpcPlayerColorType::Red",
            "LeafFaceId": "ENpcFaceType::FaceType_00",
            "bDispHelm": false,
            "bLeafBody": true,
            "bLeafParts": true,
            "TalkVoiceId": "ECakTalkVoiceType::Male3",
            "TalkVoiceModel": "ECakTalkVoiceModel::People_Man_High!!3",
            "bChangePartsFromBodyColor": false
          },
          "IconIndex": 29,
          "DemoBindName": "Area500_08_Leaf"
        },
        "LF008": {
          "NameMsgId": "LF008",
          "EditData": {
            "BodyId": "ENpcBodyType::Egg",
            "HairId": "ENpcHairType::HairType_03",
            "FaceId": "ENpcFaceType::FaceType_02",
            "PlayerColorId": "ENpcPlayerColorType::Green",
            "SkinColorId": "ENpcSkinColorType::SkinColorType_01",
            "bUseHairColor": true,
            "bUseLeafNpcColor": true,
            "HairColorId": "ENpcPlayerColorType::Green",
            "LeafFaceId": "ENpcFaceType::FaceType_01",
            "bDispHelm": false,
            "bLeafBody": true,
            "bLeafParts": true,
            "TalkVoiceId": "ECakTalkVoiceType::Female1",
            "TalkVoiceModel": "ECakTalkVoiceModel::People_Man_Middle!!2",
            "bChangePartsFromBodyColor": false
          },
          "IconIndex": 30,
          "DemoBindName": "Area500_09_Leaf"
        },
        "LF009": {
          "NameMsgId": "LF009",
          "EditData": {
            "BodyId": "ENpcBodyType::Square",
            "HairId": "ENpcHairType::HairType_04",
            "FaceId": "ENpcFaceType::FaceType_02",
            "PlayerColorId": "ENpcPlayerColorType::Purple",
            "SkinColorId": "ENpcSkinColorType::SkinColorType_00",
            "bUseHairColor": true,
            "bUseLeafNpcColor": true,
            "HairColorId": "ENpcPlayerColorType::Purple",
            "LeafFaceId": "ENpcFaceType::FaceType_02",
            "bDispHelm": false,
            "bLeafBody": true,
            "bLeafParts": true,
            "TalkVoiceId": "ECakTalkVoiceType::Male1",
            "TalkVoiceModel": "ECakTalkVoiceModel::People_Man_Low!!3",
            "bChangePartsFromBodyColor": false
          },
          "IconIndex": 31,
          "DemoBindName": "Area500_10_Leaf"
        },
        "LF010": {
          "NameMsgId": "LF010",
          "EditData": {
            "BodyId": "ENpcBodyType::Round",
            "HairId": "ENpcHairType::HairType_01",
            "FaceId": "ENpcFaceType::FaceType_00",
            "PlayerColorId": "ENpcPlayerColorType::Blue",
            "SkinColorId": "ENpcSkinColorType::SkinColorType_06",
            "bUseHairColor": true,
            "bUseLeafNpcColor": true,
            "HairColorId": "ENpcPlayerColorType::Blue",
            "LeafFaceId": "ENpcFaceType::FaceType_03",
            "bDispHelm": false,
            "bLeafBody": true,
            "bLeafParts": true,
            "TalkVoiceId": "ECakTalkVoiceType::Female2",
            "TalkVoiceModel": "ECakTalkVoiceModel::People_Woman_Middle!!2",
            "bChangePartsFromBodyColor": false
          },
          "IconIndex": 32,
          "DemoBindName": "Area500_11_Leaf"
        },
        "LF011": {
          "NameMsgId": "LF011",
          "EditData": {
            "BodyId": "ENpcBodyType::Square",
            "HairId": "ENpcHairType::HairType_00",
            "FaceId": "ENpcFaceType::FaceType_00",
            "PlayerColorId": "ENpcPlayerColorType::Pink",
            "SkinColorId": "ENpcSkinColorType::SkinColorType_01",
            "bUseHairColor": true,
            "bUseLeafNpcColor": true,
            "HairColorId": "ENpcPlayerColorType::Pink",
            "LeafFaceId": "ENpcFaceType::FaceType_04",
            "bDispHelm": false,
            "bLeafBody": true,
            "bLeafParts": true,
            "TalkVoiceId": "ECakTalkVoiceType::Male1",
            "TalkVoiceModel": "ECakTalkVoiceModel::People_Man_Low!!2",
            "bChangePartsFromBodyColor": false
          },
          "IconIndex": 33,
          "DemoBindName": "Area500_12_Leaf"
        },
        "LF012": {
          "NameMsgId": "LF012",
          "EditData": {
            "BodyId": "ENpcBodyType::Square",
            "HairId": "ENpcHairType::HairType_05",
            "FaceId": "ENpcFaceType::FaceType_04",
            "PlayerColorId": "ENpcPlayerColorType::Blue",
            "SkinColorId": "ENpcSkinColorType::SkinColorType_06",
            "bUseHairColor": true,
            "bUseLeafNpcColor": true,
            "HairColorId": "ENpcPlayerColorType::Blue",
            "LeafFaceId": "ENpcFaceType::FaceType_05",
            "bDispHelm": false,
            "bLeafBody": true,
            "bLeafParts": true,
            "TalkVoiceId": "ECakTalkVoiceType::Male2",
            "TalkVoiceModel": "ECakTalkVoiceModel::People_Man_Low!!2",
            "bChangePartsFromBodyColor": false
          },
          "IconIndex": 34,
          "DemoBindName": "Area500_13_Leaf"
        },
        "LF013": {
          "NameMsgId": "LF013",
          "EditData": {
            "BodyId": "ENpcBodyType::Egg",
            "HairId": "ENpcHairType::HairType_00",
            "FaceId": "ENpcFaceType::FaceType_05",
            "PlayerColorId": "ENpcPlayerColorType::Blue",
            "SkinColorId": "ENpcSkinColorType::SkinColorType_03",
            "bUseHairColor": true,
            "bUseLeafNpcColor": true,
            "HairColorId": "ENpcPlayerColorType::Blue",
            "LeafFaceId": "ENpcFaceType::FaceType_00",
            "bDispHelm": false,
            "bLeafBody": true,
            "bLeafParts": true,
            "TalkVoiceId": "ECakTalkVoiceType::Male3",
            "TalkVoiceModel": "ECakTalkVoiceModel::People_Man_High!!2",
            "bChangePartsFromBodyColor": false
          },
          "IconIndex": 35,
          "DemoBindName": "Area500_14_Leaf"
        },
        "LF014": {
          "NameMsgId": "LF014",
          "EditData": {
            "BodyId": "ENpcBodyType::Egg",
            "HairId": "ENpcHairType::HairType_02",
            "FaceId": "ENpcFaceType::FaceType_00",
            "PlayerColorId": "ENpcPlayerColorType::Pink",
            "SkinColorId": "ENpcSkinColorType::SkinColorType_03",
            "bUseHairColor": true,
            "bUseLeafNpcColor": true,
            "HairColorId": "ENpcPlayerColorType::Pink",
            "LeafFaceId": "ENpcFaceType::FaceType_00",
            "bDispHelm": false,
            "bLeafBody": true,
            "bLeafParts": true,
            "TalkVoiceId": "ECakTalkVoiceType::Female1",
            "TalkVoiceModel": "ECakTalkVoiceModel::People_Man_High!!3",
            "bChangePartsFromBodyColor": false
          },
          "IconIndex": 36,
          "DemoBindName": "Area500_15_Leaf"
        },
        "LF015": {
          "NameMsgId": "LF015",
          "EditData": {
            "BodyId": "ENpcBodyType::Pear",
            "HairId": "ENpcHairType::HairType_04",
            "FaceId": "ENpcFaceType::FaceType_06",
            "PlayerColorId": "ENpcPlayerColorType::Blue",
            "SkinColorId": "ENpcSkinColorType::SkinColorType_00",
            "bUseHairColor": true,
            "bUseLeafNpcColor": true,
            "HairColorId": "ENpcPlayerColorType::Blue",
            "LeafFaceId": "ENpcFaceType::FaceType_01",
            "bDispHelm": false,
            "bLeafBody": true,
            "bLeafParts": true,
            "TalkVoiceId": "ECakTalkVoiceType::Female2",
            "TalkVoiceModel": "ECakTalkVoiceModel::People_Woman_Middle!!2",
            "bChangePartsFromBodyColor": false
          },
          "IconIndex": 37,
          "DemoBindName": "Area500_16_Leaf"
        },
        "LF016": {
          "NameMsgId": "LF016",
          "EditData": {
            "BodyId": "ENpcBodyType::Round",
            "HairId": "ENpcHairType::HairType_04",
            "FaceId": "ENpcFaceType::FaceType_08",
            "PlayerColorId": "ENpcPlayerColorType::Pink",
            "SkinColorId": "ENpcSkinColorType::SkinColorType_01",
            "bUseHairColor": true,
            "bUseLeafNpcColor": true,
            "HairColorId": "ENpcPlayerColorType::Pink",
            "LeafFaceId": "ENpcFaceType::FaceType_02",
            "bDispHelm": false,
            "bLeafBody": true,
            "bLeafParts": true,
            "TalkVoiceId": "ECakTalkVoiceType::Male1",
            "TalkVoiceModel": "ECakTalkVoiceModel::People_Woman_High!!2",
            "bChangePartsFromBodyColor": false
          },
          "IconIndex": 38,
          "DemoBindName": "Area500_17_Leaf"
        },
        "LF017": {
          "NameMsgId": "LF017",
          "EditData": {
            "BodyId": "ENpcBodyType::Round",
            "HairId": "ENpcHairType::HairType_02",
            "FaceId": "ENpcFaceType::FaceType_02",
            "PlayerColorId": "ENpcPlayerColorType::Pink",
            "SkinColorId": "ENpcSkinColorType::SkinColorType_01",
            "bUseHairColor": true,
            "bUseLeafNpcColor": true,
            "HairColorId": "ENpcPlayerColorType::Red",
            "LeafFaceId": "ENpcFaceType::FaceType_03",
            "bDispHelm": false,
            "bLeafBody": true,
            "bLeafParts": true,
            "TalkVoiceId": "ECakTalkVoiceType::Male2",
            "TalkVoiceModel": "ECakTalkVoiceModel::People_Man_Middle!!4",
            "bChangePartsFromBodyColor": false
          },
          "IconIndex": 39,
          "DemoBindName": "Area500_18_Leaf"
        },
        "LF018": {
          "NameMsgId": "LF018",
          "EditData": {
            "BodyId": "ENpcBodyType::Square",
            "HairId": "ENpcHairType::HairType_02",
            "FaceId": "ENpcFaceType::FaceType_00",
            "PlayerColorId": "ENpcPlayerColorType::Purple",
            "SkinColorId": "ENpcSkinColorType::SkinColorType_01",
            "bUseHairColor": true,
            "bUseLeafNpcColor": true,
            "HairColorId": "ENpcPlayerColorType::Purple",
            "LeafFaceId": "ENpcFaceType::FaceType_04",
            "bDispHelm": false,
            "bLeafBody": true,
            "bLeafParts": true,
            "TalkVoiceId": "ECakTalkVoiceType::Male3",
            "TalkVoiceModel": "ECakTalkVoiceModel::People_Man_Low!!4",
            "bChangePartsFromBodyColor": false
          },
          "IconIndex": 40,
          "DemoBindName": "Area500_19_Leaf"
        },
        "LF019": {
          "NameMsgId": "LF019",
          "EditData": {
            "BodyId": "ENpcBodyType::Square",
            "HairId": "ENpcHairType::HairType_02",
            "FaceId": "ENpcFaceType::FaceType_05",
            "PlayerColorId": "ENpcPlayerColorType::Green",
            "SkinColorId": "ENpcSkinColorType::SkinColorType_03",
            "bUseHairColor": true,
            "bUseLeafNpcColor": true,
            "HairColorId": "ENpcPlayerColorType::Green",
            "LeafFaceId": "ENpcFaceType::FaceType_05",
            "bDispHelm": false,
            "bLeafBody": true,
            "bLeafParts": true,
            "TalkVoiceId": "ECakTalkVoiceType::Female1",
            "TalkVoiceModel": "ECakTalkVoiceModel::People_Man_Low!!4",
            "bChangePartsFromBodyColor": false
          },
          "IconIndex": 41,
          "DemoBindName": "Area500_20_Leaf"
        },
        "LFSleep000": {
          "NameMsgId": "LFSleep000",
          "EditData": {
            "BodyId": "ENpcBodyType::Pear",
            "HairId": "ENpcHairType::HairType_05",
            "FaceId": "ENpcFaceType::FaceType_05",
            "PlayerColorId": "ENpcPlayerColorType::Pink",
            "SkinColorId": "ENpcSkinColorType::SkinColorType_03",
            "bUseHairColor": true,
            "bUseLeafNpcColor": false,
            "HairColorId": "ENpcPlayerColorType::Pink",
            "LeafFaceId": "ENpcFaceType::FaceType_00",
            "bDispHelm": false,
            "bLeafBody": true,
            "bLeafParts": true,
            "TalkVoiceId": "ECakTalkVoiceType::Male1",
            "TalkVoiceModel": "ECakTalkVoiceModel::Leaf",
            "bChangePartsFromBodyColor": false
          },
          "IconIndex": 22,
          "DemoBindName": "0"
        },
        "LFSleep001": {
          "NameMsgId": "LFSleep001",
          "EditData": {
            "BodyId": "ENpcBodyType::Egg",
            "HairId": "ENpcHairType::HairType_05",
            "FaceId": "ENpcFaceType::FaceType_05",
            "PlayerColorId": "ENpcPlayerColorType::Orange",
            "SkinColorId": "ENpcSkinColorType::SkinColorType_04",
            "bUseHairColor": true,
            "bUseLeafNpcColor": false,
            "HairColorId": "ENpcPlayerColorType::Orange",
            "LeafFaceId": "ENpcFaceType::FaceType_03",
            "bDispHelm": false,
            "bLeafBody": true,
            "bLeafParts": true,
            "TalkVoiceId": "ECakTalkVoiceType::Male2",
            "TalkVoiceModel": "ECakTalkVoiceModel::Leaf",
            "bChangePartsFromBodyColor": false
          },
          "IconIndex": 23,
          "DemoBindName": "0"
        },
        "LFSleep002": {
          "NameMsgId": "LFSleep002",
          "EditData": {
            "BodyId": "ENpcBodyType::Square",
            "HairId": "ENpcHairType::HairType_05",
            "FaceId": "ENpcFaceType::FaceType_05",
            "PlayerColorId": "ENpcPlayerColorType::Pink",
            "SkinColorId": "ENpcSkinColorType::SkinColorType_05",
            "bUseHairColor": true,
            "bUseLeafNpcColor": false,
            "HairColorId": "ENpcPlayerColorType::Pink",
            "LeafFaceId": "ENpcFaceType::FaceType_02",
            "bDispHelm": false,
            "bLeafBody": true,
            "bLeafParts": true,
            "TalkVoiceId": "ECakTalkVoiceType::Male3",
            "TalkVoiceModel": "ECakTalkVoiceModel::Leaf",
            "bChangePartsFromBodyColor": false
          },
          "IconIndex": 24,
          "DemoBindName": "0"
        },
        "LFSleep003": {
          "NameMsgId": "LFSleep003",
          "EditData": {
            "BodyId": "ENpcBodyType::Round",
            "HairId": "ENpcHairType::HairType_04",
            "FaceId": "ENpcFaceType::FaceType_06",
            "PlayerColorId": "ENpcPlayerColorType::Blue",
            "SkinColorId": "ENpcSkinColorType::SkinColorType_00",
            "bUseHairColor": true,
            "bUseLeafNpcColor": false,
            "HairColorId": "ENpcPlayerColorType::Blue",
            "LeafFaceId": "ENpcFaceType::FaceType_03",
            "bDispHelm": false,
            "bLeafBody": true,
            "bLeafParts": true,
            "TalkVoiceId": "ECakTalkVoiceType::Female1",
            "TalkVoiceModel": "ECakTalkVoiceModel::Leaf",
            "bChangePartsFromBodyColor": false
          },
          "IconIndex": 25,
          "DemoBindName": "0"
        },
        "LFSleep004": {
          "NameMsgId": "LFSleep004",
          "EditData": {
            "BodyId": "ENpcBodyType::Pear",
            "HairId": "ENpcHairType::HairType_04",
            "FaceId": "ENpcFaceType::FaceType_06",
            "PlayerColorId": "ENpcPlayerColorType::Orange",
            "SkinColorId": "ENpcSkinColorType::SkinColorType_01",
            "bUseHairColor": true,
            "bUseLeafNpcColor": false,
            "HairColorId": "ENpcPlayerColorType::Purple",
            "LeafFaceId": "ENpcFaceType::FaceType_01",
            "bDispHelm": false,
            "bLeafBody": true,
            "bLeafParts": true,
            "TalkVoiceId": "ECakTalkVoiceType::Female2",
            "TalkVoiceModel": "ECakTalkVoiceModel::Leaf2",
            "bChangePartsFromBodyColor": false
          },
          "IconIndex": 26,
          "DemoBindName": "0"
        },
        "LFSleep005": {
          "NameMsgId": "LFSleep005",
          "EditData": {
            "BodyId": "ENpcBodyType::Egg",
            "HairId": "ENpcHairType::HairType_03",
            "FaceId": "ENpcFaceType::FaceType_06",
            "PlayerColorId": "ENpcPlayerColorType::Green",
            "SkinColorId": "ENpcSkinColorType::SkinColorType_02",
            "bUseHairColor": true,
            "bUseLeafNpcColor": false,
            "HairColorId": "ENpcPlayerColorType::Green",
            "LeafFaceId": "ENpcFaceType::FaceType_03",
            "bDispHelm": false,
            "bLeafBody": true,
            "bLeafParts": true,
            "TalkVoiceId": "ECakTalkVoiceType::Male1",
            "TalkVoiceModel": "ECakTalkVoiceModel::Leaf",
            "bChangePartsFromBodyColor": false
          },
          "IconIndex": 27,
          "DemoBindName": "0"
        },
        "LFSleep006": {
          "NameMsgId": "LFSleep006",
          "EditData": {
            "BodyId": "ENpcBodyType::Square",
            "HairId": "ENpcHairType::HairType_04",
            "FaceId": "ENpcFaceType::FaceType_06",
            "PlayerColorId": "ENpcPlayerColorType::Pink",
            "SkinColorId": "ENpcSkinColorType::SkinColorType_03",
            "bUseHairColor": true,
            "bUseLeafNpcColor": false,
            "HairColorId": "ENpcPlayerColorType::Pink",
            "LeafFaceId": "ENpcFaceType::FaceType_01",
            "bDispHelm": false,
            "bLeafBody": true,
            "bLeafParts": true,
            "TalkVoiceId": "ECakTalkVoiceType::Male2",
            "TalkVoiceModel": "ECakTalkVoiceModel::Leaf2",
            "bChangePartsFromBodyColor": false
          },
          "IconIndex": 28,
          "DemoBindName": "0"
        },
        "LFSleep007": {
          "NameMsgId": "LFSleep007",
          "EditData": {
            "BodyId": "ENpcBodyType::Round",
            "HairId": "ENpcHairType::HairType_01",
            "FaceId": "ENpcFaceType::FaceType_07",
            "PlayerColorId": "ENpcPlayerColorType::Purple",
            "SkinColorId": "ENpcSkinColorType::SkinColorType_04",
            "bUseHairColor": true,
            "bUseLeafNpcColor": false,
            "HairColorId": "ENpcPlayerColorType::Purple",
            "LeafFaceId": "ENpcFaceType::FaceType_00",
            "bDispHelm": false,
            "bLeafBody": true,
            "bLeafParts": true,
            "TalkVoiceId": "ECakTalkVoiceType::Male3",
            "TalkVoiceModel": "ECakTalkVoiceModel::Leaf",
            "bChangePartsFromBodyColor": false
          },
          "IconIndex": 29,
          "DemoBindName": "0"
        },
        "LFSleep008": {
          "NameMsgId": "LFSleep008",
          "EditData": {
            "BodyId": "ENpcBodyType::Pear",
            "HairId": "ENpcHairType::HairType_01",
            "FaceId": "ENpcFaceType::FaceType_07",
            "PlayerColorId": "ENpcPlayerColorType::Orange",
            "SkinColorId": "ENpcSkinColorType::SkinColorType_05",
            "bUseHairColor": true,
            "bUseLeafNpcColor": false,
            "HairColorId": "ENpcPlayerColorType::Orange",
            "LeafFaceId": "ENpcFaceType::FaceType_01",
            "bDispHelm": false,
            "bLeafBody": true,
            "bLeafParts": true,
            "TalkVoiceId": "ECakTalkVoiceType::Female1",
            "TalkVoiceModel": "ECakTalkVoiceModel::Leaf2",
            "bChangePartsFromBodyColor": false
          },
          "IconIndex": 30,
          "DemoBindName": "0"
        },
        "LFSleep009": {
          "NameMsgId": "LFSleep009",
          "EditData": {
            "BodyId": "ENpcBodyType::Egg",
            "HairId": "ENpcHairType::HairType_01",
            "FaceId": "ENpcFaceType::FaceType_07",
            "PlayerColorId": "ENpcPlayerColorType::Blue",
            "SkinColorId": "ENpcSkinColorType::SkinColorType_00",
            "bUseHairColor": true,
            "bUseLeafNpcColor": false,
            "HairColorId": "ENpcPlayerColorType::Blue",
            "LeafFaceId": "ENpcFaceType::FaceType_02",
            "bDispHelm": false,
            "bLeafBody": true,
            "bLeafParts": true,
            "TalkVoiceId": "ECakTalkVoiceType::Female2",
            "TalkVoiceModel": "ECakTalkVoiceModel::Leaf",
            "bChangePartsFromBodyColor": false
          },
          "IconIndex": 31,
          "DemoBindName": "0"
        },
        "LFSleep010": {
          "NameMsgId": "LFSleep010",
          "EditData": {
            "BodyId": "ENpcBodyType::Square",
            "HairId": "ENpcHairType::HairType_01",
            "FaceId": "ENpcFaceType::FaceType_07",
            "PlayerColorId": "ENpcPlayerColorType::Purple",
            "SkinColorId": "ENpcSkinColorType::SkinColorType_01",
            "bUseHairColor": true,
            "bUseLeafNpcColor": false,
            "HairColorId": "ENpcPlayerColorType::Purple",
            "LeafFaceId": "ENpcFaceType::FaceType_03",
            "bDispHelm": false,
            "bLeafBody": true,
            "bLeafParts": true,
            "TalkVoiceId": "ECakTalkVoiceType::Female2",
            "TalkVoiceModel": "ECakTalkVoiceModel::Leaf",
            "bChangePartsFromBodyColor": false
          },
          "IconIndex": 32,
          "DemoBindName": "0"
        },
        "LFSleep011": {
          "NameMsgId": "LFSleep011",
          "EditData": {
            "BodyId": "ENpcBodyType::Round",
            "HairId": "ENpcHairType::HairType_02",
            "FaceId": "ENpcFaceType::FaceType_08",
            "PlayerColorId": "ENpcPlayerColorType::Blue",
            "SkinColorId": "ENpcSkinColorType::SkinColorType_05",
            "bUseHairColor": true,
            "bUseLeafNpcColor": false,
            "HairColorId": "ENpcPlayerColorType::Blue",
            "LeafFaceId": "ENpcFaceType::FaceType_04",
            "bDispHelm": false,
            "bLeafBody": true,
            "bLeafParts": true,
            "TalkVoiceId": "ECakTalkVoiceType::Male1",
            "TalkVoiceModel": "ECakTalkVoiceModel::Leaf2",
            "bChangePartsFromBodyColor": false
          },
          "IconIndex": 33,
          "DemoBindName": "0"
        },
        "LFSleep012": {
          "NameMsgId": "LFSleep012",
          "EditData": {
            "BodyId": "ENpcBodyType::Pear",
            "HairId": "ENpcHairType::HairType_00",
            "FaceId": "ENpcFaceType::FaceType_08",
            "PlayerColorId": "ENpcPlayerColorType::Green",
            "SkinColorId": "ENpcSkinColorType::SkinColorType_04",
            "bUseHairColor": true,
            "bUseLeafNpcColor": false,
            "HairColorId": "ENpcPlayerColorType::Green",
            "LeafFaceId": "ENpcFaceType::FaceType_05",
            "bDispHelm": false,
            "bLeafBody": true,
            "bLeafParts": true,
            "TalkVoiceId": "ECakTalkVoiceType::Male2",
            "TalkVoiceModel": "ECakTalkVoiceModel::Leaf2",
            "bChangePartsFromBodyColor": false
          },
          "IconIndex": 34,
          "DemoBindName": "0"
        },
        "LFSleep013": {
          "NameMsgId": "LFSleep013",
          "EditData": {
            "BodyId": "ENpcBodyType::Egg",
            "HairId": "ENpcHairType::HairType_02",
            "FaceId": "ENpcFaceType::FaceType_08",
            "PlayerColorId": "ENpcPlayerColorType::Purple",
            "SkinColorId": "ENpcSkinColorType::SkinColorType_03",
            "bUseHairColor": true,
            "bUseLeafNpcColor": false,
            "HairColorId": "ENpcPlayerColorType::Purple",
            "LeafFaceId": "ENpcFaceType::FaceType_04",
            "bDispHelm": false,
            "bLeafBody": true,
            "bLeafParts": true,
            "TalkVoiceId": "ECakTalkVoiceType::Male3",
            "TalkVoiceModel": "ECakTalkVoiceModel::Leaf2",
            "bChangePartsFromBodyColor": false
          },
          "IconIndex": 35,
          "DemoBindName": "0"
        },
        "LFSleep014": {
          "NameMsgId": "LFSleep014",
          "EditData": {
            "BodyId": "ENpcBodyType::Square",
            "HairId": "ENpcHairType::HairType_02",
            "FaceId": "ENpcFaceType::FaceType_08",
            "PlayerColorId": "ENpcPlayerColorType::Green",
            "SkinColorId": "ENpcSkinColorType::SkinColorType_02",
            "bUseHairColor": true,
            "bUseLeafNpcColor": false,
            "HairColorId": "ENpcPlayerColorType::Green",
            "LeafFaceId": "ENpcFaceType::FaceType_00",
            "bDispHelm": false,
            "bLeafBody": true,
            "bLeafParts": true,
            "TalkVoiceId": "ECakTalkVoiceType::Female1",
            "TalkVoiceModel": "ECakTalkVoiceModel::Leaf",
            "bChangePartsFromBodyColor": false
          },
          "IconIndex": 36,
          "DemoBindName": "0"
        },
        "LFSleep015": {
          "NameMsgId": "LFSleep015",
          "EditData": {
            "BodyId": "ENpcBodyType::Round",
            "HairId": "ENpcHairType::HairType_05",
            "FaceId": "ENpcFaceType::FaceType_09",
            "PlayerColorId": "ENpcPlayerColorType::Pink",
            "SkinColorId": "ENpcSkinColorType::SkinColorType_00",
            "bUseHairColor": true,
            "bUseLeafNpcColor": false,
            "HairColorId": "ENpcPlayerColorType::Pink",
            "LeafFaceId": "ENpcFaceType::FaceType_04",
            "bDispHelm": false,
            "bLeafBody": true,
            "bLeafParts": true,
            "TalkVoiceId": "ECakTalkVoiceType::Female2",
            "TalkVoiceModel": "ECakTalkVoiceModel::Leaf2",
            "bChangePartsFromBodyColor": false
          },
          "IconIndex": 37,
          "DemoBindName": "0"
        },
        "LFSleep016": {
          "NameMsgId": "LFSleep016",
          "EditData": {
            "BodyId": "ENpcBodyType::Pear",
            "HairId": "ENpcHairType::HairType_05",
            "FaceId": "ENpcFaceType::FaceType_09",
            "PlayerColorId": "ENpcPlayerColorType::Blue",
            "SkinColorId": "ENpcSkinColorType::SkinColorType_01",
            "bUseHairColor": true,
            "bUseLeafNpcColor": false,
            "HairColorId": "ENpcPlayerColorType::Blue",
            "LeafFaceId": "ENpcFaceType::FaceType_05",
            "bDispHelm": false,
            "bLeafBody": true,
            "bLeafParts": true,
            "TalkVoiceId": "ECakTalkVoiceType::Male1",
            "TalkVoiceModel": "ECakTalkVoiceModel::Leaf2",
            "bChangePartsFromBodyColor": false
          },
          "IconIndex": 38,
          "DemoBindName": "0"
        },
        "LFSleep017": {
          "NameMsgId": "LFSleep017",
          "EditData": {
            "BodyId": "ENpcBodyType::Egg",
            "HairId": "ENpcHairType::HairType_05",
            "FaceId": "ENpcFaceType::FaceType_09",
            "PlayerColorId": "ENpcPlayerColorType::Orange",
            "SkinColorId": "ENpcSkinColorType::SkinColorType_02",
            "bUseHairColor": true,
            "bUseLeafNpcColor": false,
            "HairColorId": "ENpcPlayerColorType::Orange",
            "LeafFaceId": "ENpcFaceType::FaceType_02",
            "bDispHelm": false,
            "bLeafBody": true,
            "bLeafParts": true,
            "TalkVoiceId": "ECakTalkVoiceType::Male2",
            "TalkVoiceModel": "ECakTalkVoiceModel::Leaf",
            "bChangePartsFromBodyColor": false
          },
          "IconIndex": 39,
          "DemoBindName": "0"
        },
        "LFSleep018": {
          "NameMsgId": "LFSleep018",
          "EditData": {
            "BodyId": "ENpcBodyType::Square",
            "HairId": "ENpcHairType::HairType_05",
            "FaceId": "ENpcFaceType::FaceType_09",
            "PlayerColorId": "ENpcPlayerColorType::Green",
            "SkinColorId": "ENpcSkinColorType::SkinColorType_03",
            "bUseHairColor": true,
            "bUseLeafNpcColor": false,
            "HairColorId": "ENpcPlayerColorType::Green",
            "LeafFaceId": "ENpcFaceType::FaceType_04",
            "bDispHelm": false,
            "bLeafBody": true,
            "bLeafParts": true,
            "TalkVoiceId": "ECakTalkVoiceType::Male3",
            "TalkVoiceModel": "ECakTalkVoiceModel::Leaf2",
            "bChangePartsFromBodyColor": false
          },
          "IconIndex": 40,
          "DemoBindName": "0"
        },
        "LFSleep019": {
          "NameMsgId": "LFSleep019",
          "EditData": {
            "BodyId": "ENpcBodyType::Round",
            "HairId": "ENpcHairType::HairType_03",
            "FaceId": "ENpcFaceType::FaceType_00",
            "PlayerColorId": "ENpcPlayerColorType::Purple",
            "SkinColorId": "ENpcSkinColorType::SkinColorType_04",
            "bUseHairColor": true,
            "bUseLeafNpcColor": false,
            "HairColorId": "ENpcPlayerColorType::Purple",
            "LeafFaceId": "ENpcFaceType::FaceType_05",
            "bDispHelm": false,
            "bLeafBody": true,
            "bLeafParts": true,
            "TalkVoiceId": "ECakTalkVoiceType::Female1",
            "TalkVoiceModel": "ECakTalkVoiceModel::Leaf2",
            "bChangePartsFromBodyColor": false
          },
          "IconIndex": 41,
          "DemoBindName": "0"
        },
        "LFSleep020": {
          "NameMsgId": "LFSleep020",
          "EditData": {
            "BodyId": "ENpcBodyType::Pear",
            "HairId": "ENpcHairType::HairType_03",
            "FaceId": "ENpcFaceType::FaceType_00",
            "PlayerColorId": "ENpcPlayerColorType::Red",
            "SkinColorId": "ENpcSkinColorType::SkinColorType_05",
            "bUseHairColor": true,
            "bUseLeafNpcColor": false,
            "HairColorId": "ENpcPlayerColorType::Red",
            "LeafFaceId": "ENpcFaceType::FaceType_00",
            "bDispHelm": false,
            "bLeafBody": true,
            "bLeafParts": true,
            "TalkVoiceId": "ECakTalkVoiceType::Female2",
            "TalkVoiceModel": "ECakTalkVoiceModel::Leaf",
            "bChangePartsFromBodyColor": false
          },
          "IconIndex": 42,
          "DemoBindName": "0"
        },
        "Olimar": {
          "NameMsgId": "Olimar",
          "EditData": {
            "BodyId": "ENpcBodyType::Olimar",
            "HairId": "ENpcHairType::HairType_00",
            "FaceId": "ENpcFaceType::FaceType_00",
            "PlayerColorId": "ENpcPlayerColorType::Red",
            "SkinColorId": "ENpcSkinColorType::SkinColorType_00",
            "bUseHairColor": true,
            "bUseLeafNpcColor": false,
            "HairColorId": "ENpcPlayerColorType::Red",
            "LeafFaceId": "ENpcFaceType::FaceType_00",
            "bDispHelm": false,
            "bLeafBody": true,
            "bLeafParts": true,
            "TalkVoiceId": "ECakTalkVoiceType::Male1",
            "TalkVoiceModel": "ECakTalkVoiceModel::Olimar",
            "bChangePartsFromBodyColor": false
          },
          "IconIndex": 0,
          "DemoBindName": "Area500_Olimar_Leaf"
        },
        "Louie": {
          "NameMsgId": "Louie",
          "EditData": {
            "BodyId": "ENpcBodyType::Louie",
            "HairId": "ENpcHairType::HairType_00",
            "FaceId": "ENpcFaceType::FaceType_00",
            "PlayerColorId": "ENpcPlayerColorType::Blue",
            "SkinColorId": "ENpcSkinColorType::SkinColorType_00",
            "bUseHairColor": true,
            "bUseLeafNpcColor": false,
            "HairColorId": "ENpcPlayerColorType::Orange",
            "LeafFaceId": "ENpcFaceType::FaceType_00",
            "bDispHelm": false,
            "bLeafBody": true,
            "bLeafParts": true,
            "TalkVoiceId": "ECakTalkVoiceType::Male1",
            "TalkVoiceModel": "ECakTalkVoiceModel::Louie",
            "bChangePartsFromBodyColor": false
          },
          "IconIndex": 0,
          "DemoBindName": "GNpcLouie"
        },
        "LeafHermit": {
          "NameMsgId": "LeafHermit",
          "EditData": {
            "BodyId": "ENpcBodyType::LeafHermit",
            "HairId": "ENpcHairType::HairType_00",
            "FaceId": "ENpcFaceType::FaceType_00",
            "PlayerColorId": "ENpcPlayerColorType::LifeSupport",
            "SkinColorId": "ENpcSkinColorType::SkinColorType_00",
            "bUseHairColor": true,
            "bUseLeafNpcColor": false,
            "HairColorId": "ENpcPlayerColorType::LifeSupport",
            "LeafFaceId": "ENpcFaceType::FaceType_00",
            "bDispHelm": false,
            "bLeafBody": true,
            "bLeafParts": true,
            "TalkVoiceId": "ECakTalkVoiceType::Male1",
            "TalkVoiceModel": "ECakTalkVoiceModel::LeafHermit",
            "bChangePartsFromBodyColor": false
          },
          "IconIndex": 0,
          "DemoBindName": "GNpcLeaf_00"
        }
      }
    }
  ],
  "Extra": {
    "BlobOfData": "00000000020000000000000000000000000000000100000000000000",
    "ExInitialHeader": {
      "FMappedNameName": 0,
      "FMappedNameSource": 0,
      "PackageFlags": 2147483648,
      "CookedHeaderSize": 5070,
      "NameMapOffset": 64,
      "NameMapSize": 3283,
      "NameMapHashesOffset": 3352,
      "NameMapHashesSize": 1528,
      "ImportMapOffset": 4880,
      "ExportMapOffset": 4920,
      "ExportBundlesOffset": 4992,
      "GraphDataOffset": 5016,
      "GraphDataSize": 4
    },
    "ExNameMap": [
      "/Game/Carrot4/Core/GActor/DT_NpcInfo",
      "/Script/Carrot4",
      "/Script/CoreUObject",
      "/Script/Engine",
      "bChangePartsFromBodyColor",
      "bDispHelm",
      "bLeafBody",
      "bLeafParts",
      "BodyId",
      "BoolProperty",
      "bUseHairColor",
      "bUseLeafNpcColor",
      "Class",
      "DataTable",
      "Default__DataTable",
      "DemoBindName",
      "DT_NpcInfo",
      "ECakTalkVoiceModel",
      "ECakTalkVoiceModel::Captain",
      "ECakTalkVoiceModel::Doctor",
      "ECakTalkVoiceModel::Junior",
      "ECakTalkVoiceModel::Leaf",
      "ECakTalkVoiceModel::Leaf2",
      "ECakTalkVoiceModel::LeafHermit",
      "ECakTalkVoiceModel::Louie",
      "ECakTalkVoiceModel::None",
      "ECakTalkVoiceModel::Olimar",
      "ECakTalkVoiceModel::People_Man_High",
      "ECakTalkVoiceModel::People_Man_Low",
      "ECakTalkVoiceModel::People_Man_Middle",
      "ECakTalkVoiceModel::People_Woman_High",
      "ECakTalkVoiceModel::People_Woman_Low",
      "ECakTalkVoiceModel::People_Woman_Middle",
      "ECakTalkVoiceModel::Pilot",
      "ECakTalkVoiceModel::Ranger",
      "ECakTalkVoiceModel::Scientist",
      "ECakTalkVoiceType",
      "ECakTalkVoiceType::Female1",
      "ECakTalkVoiceType::Female2",
      "ECakTalkVoiceType::Male1",
      "ECakTalkVoiceType::Male2",
      "ECakTalkVoiceType::Male3",
      "EditData",
      "ENpcBodyType",
      "ENpcBodyType::Alph",
      "ENpcBodyType::Brittany",
      "ENpcBodyType::Captain",
      "ENpcBodyType::Charlie",
      "ENpcBodyType::CraftShop",
      "ENpcBodyType::Doctor",
      "ENpcBodyType::Egg",
      "ENpcBodyType::LeafHermit",
      "ENpcBodyType::Louie",
      "ENpcBodyType::Olimar",
      "ENpcBodyType::Operator",
      "ENpcBodyType::Pear",
      "ENpcBodyType::Pilot",
      "ENpcBodyType::Ranger",
      "ENpcBodyType::Round",
      "ENpcBodyType::Square",
      "ENpcFaceType",
      "ENpcFaceType::FaceType_00",
      "ENpcFaceType::FaceType_01",
      "ENpcFaceType::FaceType_02",
      "ENpcFaceType::FaceType_03",
      "ENpcFaceType::FaceType_04",
      "ENpcFaceType::FaceType_05",
      "ENpcFaceType::FaceType_06",
      "ENpcFaceType::FaceType_07",
      "ENpcFaceType::FaceType_08",
      "ENpcFaceType::FaceType_09",
      "ENpcHairType",
      "ENpcHairType::HairType_00",
      "ENpcHairType::HairType_01",
      "ENpcHairType::HairType_02",
      "ENpcHairType::HairType_03",
      "ENpcHairType::HairType_04",
      "ENpcHairType::HairType_05",
      "ENpcPlayerColorType",
      "ENpcPlayerColorType::Blue",
      "ENpcPlayerColorType::Green",
      "ENpcPlayerColorType::LifeSupport",
      "ENpcPlayerColorType::Orange",
      "ENpcPlayerColorType::Pink",
      "ENpcPlayerColorType::Purple",
      "ENpcPlayerColorType::Red",
      "ENpcSkinColorType",
      "ENpcSkinColorType::SkinColorType_00",
      "ENpcSkinColorType::SkinColorType_01",
      "ENpcSkinColorType::SkinColorType_02",
      "ENpcSkinColorType::SkinColorType_03",
      "ENpcSkinColorType::SkinColorType_04",
      "ENpcSkinColorType::SkinColorType_05",
      "ENpcSkinColorType::SkinColorType_06",
      "ENpcSkinColorType::SkinColorType_07",
      "EnumProperty",
      "FaceId",
      "HairColorId",
      "HairId",
      "IconIndex",
      "IntProperty",
      "LeafFaceId",
      "LeafHermit",
      "LF000",
      "LF001",
      "LF002",
      "LF003",
      "LF004",
      "LF005",
      "LF006",
      "LF007",
      "LF008",
      "LF009",
      "LF010",
      "LF011",
      "LF012",
      "LF013",
      "LF014",
      "LF015",
      "LF016",
      "LF017",
      "LF018",
      "LF019",
      "LFSleep000",
      "LFSleep001",
      "LFSleep002",
      "LFSleep003",
      "LFSleep004",
      "LFSleep005",
      "LFSleep006",
      "LFSleep007",
      "LFSleep008",
      "LFSleep009",
      "LFSleep010",
      "LFSleep011",
      "LFSleep012",
      "LFSleep013",
      "LFSleep014",
      "LFSleep015",
      "LFSleep016",
      "LFSleep017",
      "LFSleep018",
      "LFSleep019",
      "LFSleep020",
      "Louie",
      "NameMsgId",
      "None",
      "NpcEditData",
      "NpcInfoDataTable",
      "ObjectProperty",
      "Olimar",
      "Package",
      "PlayerColorId",
      "RowStruct",
      "ScriptStruct",
      "SkinColorId",
      "StrProperty",
      "StructProperty",
      "SV000",
      "SV001",
      "SV002",
      "SV003",
      "SV004",
      "SV005",
      "SV006",
      "SV007",
      "SV008",
      "SV009",
      "SV010",
      "SV011",
      "SV012",
      "SV013",
      "SV014",
      "SV015",
      "SV016",
      "SV017",
      "SV018",
      "SV019",
      "SV020",
      "SV021",
      "SV022",
      "SV023",
      "SV024",
      "SV025",
      "SV026",
      "SV027",
      "SVSleep000",
      "TalkVoiceId",
      "TalkVoiceModel",
      "TEST"
    ],
    "ExImports": [
      8206203013534831085,
      6350756229154467085,
      5298630410394656126,
      5885306222398933282,
      7705249176914045149
    ],
    "ExExports": [
      {
        "CookedSerialOffset": 5070,
        "CookedSerialSize": 52257,
        "ObjectName": "DT_NpcInfo",
        "OuterIndex": 18446744073709551615,
        "ClassIndex": 8206203013534831085,
        "SuperIndex": 18446744073709551615,
        "GlobalImportIndex": 6350756229154467085,
        "PublicExportHash": 10777415065623824079,
        "UnknownFlags": 11
      }
    ],
    "FileReferences": [
      "/Game/Carrot4/Core/GActor/DT_NpcInfo",
      "DT_NpcInfo"
    ]
  }
}