{
  "Content": [
    {
      "RowStruct": {
        "ObjectName": "NpcRoleDataTable",
        "ObjectPath": "/Script/Carrot4"
      }
    },
    {
      "Rows": {
        "Normal01": {
          "NpcInfoKey": "SV000",
          "bIsRescue": true,
          "RoleType": "ENpcRoleType::AreaMove",
          "TalkVoiceTone": "ECakTalkVoiceTone::Default",
          "SortId": 1002,
          "RoleGroupType": "ENpcRoleGroupType::Rescuer"
        },
        "Normal02": {
          "NpcInfoKey": "SV001",
          "bIsRescue": true,
          "RoleType": "ENpcRoleType::SkillTrainer",
          "TalkVoiceTone": "ECakTalkVoiceTone::Default",
          "SortId": 1001,
          "RoleGroupType": "ENpcRoleGroupType::Rescuer"
        },
        "Normal03": {
          "NpcInfoKey": "SV002",
          "bIsRescue": true,
          "RoleType": "ENpcRoleType::CraftShop",
          "TalkVoiceTone": "ECakTalkVoiceTone::CraftShop",
          "SortId": 1003,
          "RoleGroupType": "ENpcRoleGroupType::Rescuer"
        },
        "Normal04": {
          "NpcInfoKey": "SV003",
          "bIsRescue": false,
          "RoleType": "ENpcRoleType::OtakaraPicturebook",
          "TalkVoiceTone": "ECakTalkVoiceTone::NormalA",
          "SortId": 1301,
          "RoleGroupType": "ENpcRoleGroupType::FunctionNpc"
        },
        "Normal05": {
          "NpcInfoKey": "SV007",
          "bIsRescue": false,
          "RoleType": "ENpcRoleType::Normal",
          "TalkVoiceTone": "ECakTalkVoiceTone::NormalA",
          "SortId": 1901,
          "RoleGroupType": "ENpcRoleGroupType::Alone"
        },
        "Normal06": {
          "NpcInfoKey": "SV008",
          "bIsRescue": true,
          "RoleType": "ENpcRoleType::Ranger",
          "TalkVoiceTone": "ECakTalkVoiceTone::Ranger",
          "SortId": 1004,
          "RoleGroupType": "ENpcRoleGroupType::Rescuer"
        },
        "Normal07": {
          "NpcInfoKey": "SV006",
          "bIsRescue": false,
          "RoleType": "ENpcRoleType::CreaturesPicturebook",
          "TalkVoiceTone": "ECakTalkVoiceTone::NormalA",
          "SortId": 1302,
          "RoleGroupType": "ENpcRoleGroupType::FunctionNpc"
        },
        "Normal08": {
          "NpcInfoKey": "SV004",
          "bIsRescue": false,
          "RoleType": "ENpcRoleType::Normal",
          "TalkVoiceTone": "ECakTalkVoiceTone::NormalA",
          "SortId": 1402,
          "RoleGroupType": "ENpcRoleGroupType::SurveyTeam"
        },
        "Normal09": {
          "NpcInfoKey": "SV009",
          "bIsRescue": false,
          "RoleType": "ENpcRoleType::Normal",
          "TalkVoiceTone": "ECakTalkVoiceTone::NormalA",
          "SortId": 1403,
          "RoleGroupType": "ENpcRoleGroupType::SurveyTeam"
        },
        "Normal10": {
          "NpcInfoKey": "SV005",
          "bIsRescue": true,
          "RoleType": "ENpcRoleType::Doctor",
          "TalkVoiceTone": "ECakTalkVoiceTone::Doctor",
          "SortId": 1005,
          "RoleGroupType": "ENpcRoleGroupType::Rescuer"
        },
        "Normal11": {
          "NpcInfoKey": "SV010",
          "bIsRescue": false,
          "RoleType": "ENpcRoleType::CharaEdit",
          "TalkVoiceTone": "ECakTalkVoiceTone::NormalA",
          "SortId": 1305,
          "RoleGroupType": "ENpcRoleGroupType::FunctionNpc"
        },
        "Normal12": {
          "NpcInfoKey": "SV012",
          "bIsRescue": false,
          "RoleType": "ENpcRoleType::Normal",
          "TalkVoiceTone": "ECakTalkVoiceTone::NormalA",
          "SortId": 1506,
          "RoleGroupType": "ENpcRoleGroupType::TourGeography"
        },
        "Normal13": {
          "NpcInfoKey": "SV011",
          "bIsRescue": false,
          "RoleType": "ENpcRoleType::Normal",
          "TalkVoiceTone": "ECakTalkVoiceTone::NormalA",
          "SortId": 1404,
          "RoleGroupType": "ENpcRoleGroupType::SurveyTeam"
        },
        "Normal14": {
          "NpcInfoKey": "SV014",
          "bIsRescue": false,
          "RoleType": "ENpcRoleType::Normal",
          "TalkVoiceTone": "ECakTalkVoiceTone::NormalA",
          "SortId": 1503,
          "RoleGroupType": "ENpcRoleGroupType::TourGeography"
        },
        "Normal15": {
          "NpcInfoKey": "SV016",
          "bIsRescue": false,
          "RoleType": "ENpcRoleType::Normal",
          "TalkVoiceTone": "ECakTalkVoiceTone::NormalA",
          "SortId": 1602,
          "RoleGroupType": "ENpcRoleGroupType::TVCrew"
        },
        "Normal16": {
          "NpcInfoKey": "SV018",
          "bIsRescue": false,
          "RoleType": "ENpcRoleType::Normal",
          "TalkVoiceTone": "ECakTalkVoiceTone::NormalA",
          "SortId": 1504,
          "RoleGroupType": "ENpcRoleGroupType::TourGeography"
        },
        "Normal17": {
          "NpcInfoKey": "SV013",
          "bIsRescue": false,
          "RoleType": "ENpcRoleType::Normal",
          "TalkVoiceTone": "ECakTalkVoiceTone::NormalA",
          "SortId": 1405,
          "RoleGroupType": "ENpcRoleGroupType::SurveyTeam"
        },
        "Normal18": {
          "NpcInfoKey": "SV017",
          "bIsRescue": false,
          "RoleType": "ENpcRoleType::Normal",
          "TalkVoiceTone": "ECakTalkVoiceTone::NormalA",
          "SortId": 1604,
          "RoleGroupType": "ENpcRoleGroupType::TVCrew"
        },
        "Normal19": {
          "NpcInfoKey": "SV015",
          "bIsRescue": false,
          "RoleType": "ENpcRoleType::Normal",
          "TalkVoiceTone": "ECakTalkVoiceTone::NormalA",
          "SortId": 1505,
          "RoleGroupType": "ENpcRoleGroupType::TourGeography"
        },
        "Normal20": {
          "NpcInfoKey": "SV019",
          "bIsRescue": false,
          "RoleType": "ENpcRoleType::Normal",
          "TalkVoiceTone": "ECakTalkVoiceTone::NormalA",
          "SortId": 1603,
          "RoleGroupType": "ENpcRoleGroupType::TVCrew"
        },
        "Normal21": {
          "NpcInfoKey": "SV020",
          "bIsRescue": false,
          "RoleType": "ENpcRoleType::Normal",
          "TalkVoiceTone": "ECakTalkVoiceTone::NormalA",
          "SortId": 1407,
          "RoleGroupType": "ENpcRoleGroupType::SurveyTeam"
        },
        "Normal22": {
          "NpcInfoKey": "SV021",
          "bIsRescue": false,
          "RoleType": "ENpcRoleType::Normal",
          "TalkVoiceTone": "ECakTalkVoiceTone::NormalA",
          "SortId": 1902,
          "RoleGroupType": "ENpcRoleGroupType::Alone"
        },
        "Normal23": {
          "NpcInfoKey": "SV022",
          "bIsRescue": false,
          "RoleType": "ENpcRoleType::Normal",
          "TalkVoiceTone": "ECakTalkVoiceTone::NormalA",
          "SortId": 1510,
          "RoleGroupType": "ENpcRoleGroupType::Tour"
        },
        "Normal24": {
          "NpcInfoKey": "SV023",
          "bIsRescue": false,
          "RoleType": "ENpcRoleType::Normal",
          "TalkVoiceTone": "ECakTalkVoiceTone::NormalA",
          "SortId": 1408,
          "RoleGroupType": "ENpcRoleGroupType::SurveyTeam"
        },
        "Normal25": {
          "NpcInfoKey": "SV024",
          "bIsRescue": false,
          "RoleType": "ENpcRoleType::Normal",
          "TalkVoiceTone": "ECakTalkVoiceTone::NormalA",
          "SortId": 1601,
          "RoleGroupType": "ENpcRoleGroupType::TVCrew"
        },
        "Leaf01": {
          "NpcInfoKey": "LF000",
          "bIsRescue": false,
          "RoleType": "ENpcRoleType::Normal",
          "TalkVoiceTone": "ECakTalkVoiceTone::NormalA",
          "SortId": 1904,
          "RoleGroupType": "ENpcRoleGroupType::Alone"
        },
        "Leaf02": {
          "NpcInfoKey": "LF001",
          "bIsRescue": false,
          "RoleType": "ENpcRoleType::YYB",
          "TalkVoiceTone": "ECakTalkVoiceTone::NormalA",
          "SortId": 1303,
          "RoleGroupType": "ENpcRoleGroupType::FunctionNpc"
        },
        "Leaf03": {
          "NpcInfoKey": "LF003",
          "bIsRescue": false,
          "RoleType": "ENpcRoleType::Challenge",
          "TalkVoiceTone": "ECakTalkVoiceTone::NormalA",
          "SortId": 1304,
          "RoleGroupType": "ENpcRoleGroupType::FunctionNpc"
        },
        "Leaf04": {
          "NpcInfoKey": "LF019",
          "bIsRescue": false,
          "RoleType": "ENpcRoleType::Normal",
          "TalkVoiceTone": "ECakTalkVoiceTone::NormalA",
          "SortId": 1401,
          "RoleGroupType": "ENpcRoleGroupType::SurveyTeam"
        },
        "Leaf05": {
          "NpcInfoKey": "LF004",
          "bIsRescue": false,
          "RoleType": "ENpcRoleType::Normal",
          "TalkVoiceTone": "ECakTalkVoiceTone::NormalA",
          "SortId": 1905,
          "RoleGroupType": "ENpcRoleGroupType::Alone"
        },
        "Leaf06": {
          "NpcInfoKey": "LF005",
          "bIsRescue": false,
          "RoleType": "ENpcRoleType::Normal",
          "TalkVoiceTone": "ECakTalkVoiceTone::NormalA",
          "SortId": 1501,
          "RoleGroupType": "ENpcRoleGroupType::Tour"
        },
        "Leaf07": {
          "NpcInfoKey": "LF006",
          "bIsRescue": false,
          "RoleType": "ENpcRoleType::Normal",
          "TalkVoiceTone": "ECakTalkVoiceTone::NormalA",
          "SortId": 1507,
          "RoleGroupType": "ENpcRoleGroupType::Tour"
        },
        "Leaf08": {
          "NpcInfoKey": "LF007",
          "bIsRescue": false,
          "RoleType": "ENpcRoleType::Normal",
          "TalkVoiceTone": "ECakTalkVoiceTone::NormalA",
          "SortId": 1502,
          "RoleGroupType": "ENpcRoleGroupType::Tour"
        },
        "Leaf09": {
          "NpcInfoKey": "LF008",
          "bIsRescue": false,
          "RoleType": "ENpcRoleType::Normal",
          "TalkVoiceTone": "ECakTalkVoiceTone::NormalA",
          "SortId": 1702,
          "RoleGroupType": "ENpcRoleGroupType::RrealEestateCompany"
        },
        "Leaf10": {
          "NpcInfoKey": "LF009",
          "bIsRescue": false,
          "RoleType": "ENpcRoleType::Normal",
          "TalkVoiceTone": "ECakTalkVoiceTone::NormalA",
          "SortId": 1406,
          "RoleGroupType": "ENpcRoleGroupType::SurveyTeam"
        },
        "Leaf11": {
          "NpcInfoKey": "LF010",
          "bIsRescue": false,
          "RoleType": "ENpcRoleType::Normal",
          "TalkVoiceTone": "ECakTalkVoiceTone::NormalA",
          "SortId": 1409,
          "RoleGroupType": "ENpcRoleGroupType::SurveyTeam"
        },
        "Leaf12": {
          "NpcInfoKey": "LF011",
          "bIsRescue": false,
          "RoleType": "ENpcRoleType::Normal",
          "TalkVoiceTone": "ECakTalkVoiceTone::NormalA",
          "SortId": 1801,
          "RoleGroupType": "ENpcRoleGroupType::RichMan"
        },
        "Leaf13": {
          "NpcInfoKey": "LF012",
          "bIsRescue": false,
          "RoleType": "ENpcRoleType::Normal",
          "TalkVoiceTone": "ECakTalkVoiceTone::NormalA",
          "SortId": 1701,
          "RoleGroupType": "ENpcRoleGroupType::RrealEestateCompany"
        },
        "Leaf14": {
          "NpcInfoKey": "LF013",
          "bIsRescue": false,
          "RoleType": "ENpcRoleType::Normal",
          "TalkVoiceTone": "ECakTalkVoiceTone::NormalA",
          "SortId": 1508,
          "RoleGroupType": "ENpcRoleGroupType::Tour"
        },
        "Leaf15": {
          "NpcInfoKey": "LF014",
          "bIsRescue": false,
          "RoleType": "ENpcRoleType::Normal",
          "TalkVoiceTone": "ECakTalkVoiceTone::NormalA",
          "SortId": 1410,
          "RoleGroupType": "ENpcRoleGroupType::SurveyTeam"
        },
        "Leaf16": {
          "NpcInfoKey": "LF015",
          "bIsRescue": false,
          "RoleType": "ENpcRoleType::Normal",
          "TalkVoiceTone": "ECakTalkVoiceTone::NormalA",
          "SortId": 1509,
          "RoleGroupType": "ENpcRoleGroupType::Tour"
        },
        "Leaf17": {
          "NpcInfoKey": "LF016",
          "bIsRescue": false,
          "RoleType": "ENpcRoleType::Normal",
          "TalkVoiceTone": "ECakTalkVoiceTone::NormalA",
          "SortId": 1903,
          "RoleGroupType": "ENpcRoleGroupType::Alone"
        },
        "Leaf18": {
          "NpcInfoKey": "LF017",
          "bIsRescue": false,
          "RoleType": "ENpcRoleType::Normal",
          "TalkVoiceTone": "ECakTalkVoiceTone::NormalA",
          "SortId": 1802,
          "RoleGroupType": "ENpcRoleGroupType::RichMan"
        },
        "Leaf19": {
          "NpcInfoKey": "LF018",
          "bIsRescue": false,
          "RoleType": "ENpcRoleType::Normal",
          "TalkVoiceTone": "ECakTalkVoiceTone::NormalA",
          "SortId": 1906,
          "RoleGroupType": "ENpcRoleGroupType::Alone"
        },
        "Pilot": {
          "NpcInfoKey": "LF002",
          "bIsRescue": true,
          "RoleType": "ENpcRoleType::Pilot",
          "TalkVoiceTone": "ECakTalkVoiceTone::Default",
          "SortId": 1006,
          "RoleGroupType": "ENpcRoleGroupType::Rescuer"
        },
        "SV000": {
          "NpcInfoKey": "SV000",
          "bIsRescue": true,
          "RoleType": "ENpcRoleType::AreaMove",
          "TalkVoiceTone": "ECakTalkVoiceTone::Default",
          "SortId": 1002,
          "RoleGroupType": "ENpcRoleGroupType::Rescuer"
        },
        "SV001": {
          "NpcInfoKey": "SV001",
          "bIsRescue": true,
          "RoleType": "ENpcRoleType::SkillTrainer",
          "TalkVoiceTone": "ECakTalkVoiceTone::Default",
          "SortId": 1001,
          "RoleGroupType": "ENpcRoleGroupType::Rescuer"
        },
        "Alph": {
          "NpcInfoKey": "SV026",
          "bIsRescue": false,
          "RoleType": "ENpcRoleType::Normal",
          "TalkVoiceTone": "ECakTalkVoiceTone::NormalA",
          "SortId": 1203,
          "RoleGroupType": "ENpcRoleGroupType::Koppai"
        },
        "Brittany": {
          "NpcInfoKey": "SV027",
          "bIsRescue": false,
          "RoleType": "ENpcRoleType::Normal",
          "TalkVoiceTone": "ECakTalkVoiceTone::NormalA",
          "SortId": 1201,
          "RoleGroupType": "ENpcRoleGroupType::Koppai"
        },
        "Charlie": {
          "NpcInfoKey": "SV025",
          "bIsRescue": false,
          "RoleType": "ENpcRoleType::Normal",
          "TalkVoiceTone": "ECakTalkVoiceTone::NormalA",
          "SortId": 1202,
          "RoleGroupType": "ENpcRoleGroupType::Koppai"
        },
        "Olimar": {
          "NpcInfoKey": "Olimar",
          "bIsRescue": false,
          "RoleType": "ENpcRoleType::HeroStory",
          "TalkVoiceTone": "ECakTalkVoiceTone::Default",
          "SortId": 1101,
          "RoleGroupType": "ENpcRoleGroupType::Hokotate"
        },
        "Louie": {
          "NpcInfoKey": "Louie",
          "bIsRescue": false,
          "RoleType": "ENpcRoleType::Normal",
          "TalkVoiceTone": "ECakTalkVoiceTone::Default",
          "SortId": 1102,
          "RoleGroupType": "ENpcRoleGroupType::Hokotate"
        },
        "CaptainOlimar": {
          "NpcInfoKey": "CaptainOlimar",
          "bIsRescue": false,
          "RoleType": "ENpcRoleType::Normal",
          "TalkVoiceTone": "ECakTalkVoiceTone::NormalA",
          "SortId": 9999,
          "RoleGroupType": "ENpcRoleGroupType::None"
        },
        "LeafHermit": {
          "NpcInfoKey": "LeafHermit",
          "bIsRescue": false,
          "RoleType": "ENpcRoleType::Normal",
          "TalkVoiceTone": "ECakTalkVoiceTone::NormalA",
          "SortId": 9999,
          "RoleGroupType": "ENpcRoleGroupType::None"
        }
      }
    }
  ],
  "Extra": {
    "BlobOfData": "00000000020000000000000000000000000000000100000000000000",
    "ExInitialHeader": {
      "FMappedNameName": 0,
      "FMappedNameSource": 0,
      "PackageFlags": 2147483648,
      "CookedHeaderSize": 3582,
      "NameMapOffset": 64,
      "NameMapSize": 2026,
      "NameMapHashesOffset": 2096,
      "NameMapHashesSize": 1264,
      "ImportMapOffset": 3360,
      "ExportMapOffset": 3400,
      "ExportBundlesOffset": 3472,
      "GraphDataOffset": 3496,
      "GraphDataSize": 4
    },
    "ExNameMap": [
      "/Game/Carrot4/Core/GActor/DT_NpcRole",
      "/Script/Carrot4",
      "/Script/CoreUObject",
      "/Script/Engine",
      "Alph",
      "bIsRescue",
      "BoolProperty",
      "Brittany",
      "CaptainOlimar",
      "Charlie",
      "Class",
      "DataTable",
      "Default__DataTable",
      "DT_NpcRole",
      "ECakTalkVoiceTone",
      "ECakTalkVoiceTone::CraftShop",
      "ECakTalkVoiceTone::Default",
      "ECakTalkVoiceTone::Doctor",
      "ECakTalkVoiceTone::NormalA",
      "ECakTalkVoiceTone::Ranger",
      "ENpcRoleGroupType",
      "ENpcRoleGroupType::Alone",
      "ENpcRoleGroupType::FunctionNpc",
      "ENpcRoleGroupType::Hokotate",
      "ENpcRoleGroupType::Koppai",
      "ENpcRoleGroupType::None",
      "ENpcRoleGroupType::Rescuer",
      "ENpcRoleGroupType::RichMan",
      "ENpcRoleGroupType::RrealEestateCompany",
      "ENpcRoleGroupType::SurveyTeam",
      "ENpcRoleGroupType::Tour",
      "ENpcRoleGroupType::TourGeography",
      "ENpcRoleGroupType::TVCrew",
      "ENpcRoleType",
      "ENpcRoleType::AreaMove",
      "ENpcRoleType::Challenge",
      "ENpcRoleType::CharaEdit",
      "ENpcRoleType::CraftShop",
      "ENpcRoleType::CreaturesPicturebook",
      "ENpcRoleType::Doctor",
      "ENpcRoleType::HeroStory",
      "ENpcRoleType::Normal",
      "ENpcRoleType::OtakaraPicturebook",
      "ENpcRoleType::Pilot",
      "ENpcRoleType::Ranger",
      "ENpcRoleType::SkillTrainer",
      "ENpcRoleType::YYB",
      "EnumProperty",
      "IntProperty",
      "Leaf01",
      "Leaf02",
      "Leaf03",
      "Leaf04",
      "Leaf05",
      "Leaf06",
      "Leaf07",
      "Leaf08",
      "Leaf09",
      "Leaf10",
      "Leaf11",
      "Leaf12",
      "Leaf13",
      "Leaf14",
      "Leaf15",
      "Leaf16",
      "Leaf17",
      "Leaf18",
      "Leaf19",
      "LeafHermit",
      "LF000",
      "LF001",
      "LF002",
      "LF003",
      "LF004",
      "LF005",
      "LF006",
      "LF007",
      "LF008",
      "LF009",
      "LF010",
      "LF011",
      "LF012",
      "LF013",
      "LF014",
      "LF015",
      "LF016",
      "LF017",
      "LF018",
      "LF019",
      "Louie",
      "NameProperty",
      "None",
      "Normal01",
      "Normal02",
      "Normal03",
      "Normal04",
      "Normal05",
      "Normal06",
      "Normal07",
      "Normal08",
      "Normal09",
      "Normal10",
      "Normal11",
      "Normal12",
      "Normal13",
      "Normal14",
      "Normal15",
      "Normal16",
      "Normal17",
      "Normal18",
      "Normal19",
      "Normal20",
      "Normal21",
      "Normal22",
      "Normal23",
      "Normal24",
      "Normal25",
      "NpcInfoKey",
      "NpcRoleDataTable",
      "ObjectProperty",
      "Olimar",
      "Package",
      "Pilot",
      "RoleGroupType",
      "RoleType",
      "RowStruct",
      "ScriptStruct",
      "SortId",
      "SV000",
      "SV001",
      "SV002",
      "SV003",
      "SV004",
      "SV005",
      "SV006",
      "SV007",
      "SV008",
      "SV009",
      "SV010",
      "SV011",
      "SV012",
      "SV013",
      "SV014",
      "SV015",
      "SV016",
      "SV017",
      "SV018",
      "SV019",
      "SV020",
      "SV021",
      "SV022",
      "SV023",
      "SV024",
      "SV025",
      "SV026",
      "SV027",
      "TalkVoiceTone"
    ],
    "ExImports": [
      8206203013534831085,
      6350756229154467085,
      5298630410394656126,
      5885306222398933282,
      9142151634080497143
    ],
    "ExExports": [
      {
        "CookedSerialOffset": 3582,
        "CookedSerialSize": 12303,
        "ObjectName": "DT_NpcRole",
        "OuterIndex": 18446744073709551615,
        "ClassIndex": 8206203013534831085,
        "SuperIndex": 18446744073709551615,
        "GlobalImportIndex": 6350756229154467085,
        "PublicExportHash": 13077447121426937897,
        "UnknownFlags": 11
      }
    ],
    "FileReferences": [
      "/Game/Carrot4/Core/GActor/DT_NpcRole",
      "DT_NpcRole"
    ]
  }
}