{
  "Content": [
    {
      "RowStruct": {
        "ObjectName": "OtakaraParameterTableRow",
        "ObjectPath": "/Script/Carrot4"
      }
    },
    {
      "Rows": {
        "OTADARTS": {
          "ActorName": "GOtaDarts",
          "CarryWeightMin": 7,
          "CarryWeightMax": 14,
          "CarryWeightMinVs": 7,
          "CarryWeightMaxVs": 14,
          "Kira": 60,
          "Poko": 7
        },
        "OTABRUSHA": {
          "ActorName": "GOtaBrushA",
          "CarryWeightMin": 5,
          "CarryWeightMax": 10,
          "CarryWeightMinVs": 5,
          "CarryWeightMaxVs": 10,
          "Kira": 80,
          "Poko": 5
        },
        "OTAPUZZLEA": {
          "ActorName": "GOtaPuzzleA",
          "CarryWeightMin": 2,
          "CarryWeightMax": 4,
          "CarryWeightMinVs": 2,
          "CarryWeightMaxVs": 4,
          "Kira": 50,
          "Poko": 3
        },
        "OTAENGAGERING": {
          "ActorName": "GOtaEngageRing",
          "CarryWeightMin": 10,
          "CarryWeightMax": 20,
          "CarryWeightMinVs": 10,
          "CarryWeightMaxVs": 20,
          "Kira": 150,
          "Poko": 10
        },
        "OTABOARDERASER": {
          "ActorName": "GOtaBoardEraser",
          "CarryWeightMin": 10,
          "CarryWeightMax": 20,
          "CarryWeightMinVs": 10,
          "CarryWeightMaxVs": 20,
          "Kira": 150,
          "Poko": 10
        },
        "OTACASINOCHIP1": {
          "ActorName": "GOtaCasinoChip1",
          "CarryWeightMin": 2,
          "CarryWeightMax": 4,
          "CarryWeightMinVs": 2,
          "CarryWeightMaxVs": 4,
          "Kira": 1,
          "Poko": 2
        },
        "OTAPAPERCRANEBLU": {
          "ActorName": "GOtaPaperCraneBLU",
          "CarryWeightMin": 3,
          "CarryWeightMax": 6,
          "CarryWeightMinVs": 3,
          "CarryWeightMaxVs": 6,
          "Kira": 40,
          "Poko": 5
        },
        "OTACASTANETS": {
          "ActorName": "GOtaCastanets",
          "CarryWeightMin": 7,
          "CarryWeightMax": 14,
          "CarryWeightMinVs": 7,
          "CarryWeightMaxVs": 14,
          "Kira": 110,
          "Poko": 7
        },
        "OTASMALLBELL": {
          "ActorName": "GOtaSmallBell",
          "CarryWeightMin": 2,
          "CarryWeightMax": 4,
          "CarryWeightMinVs": 2,
          "CarryWeightMaxVs": 4,
          "Kira": 70,
          "Poko": 2
        },
        "OTAGBMICROFC": {
          "ActorName": "GOtaGBMicroFC",
          "CarryWeightMin": 10,
          "CarryWeightMax": 20,
          "CarryWeightMinVs": 10,
          "CarryWeightMaxVs": 20,
          "Kira": 150,
          "Poko": 10
        },
        "OTAPADLOCK": {
          "ActorName": "GOtaPadlock",
          "CarryWeightMin": 7,
          "CarryWeightMax": 14,
          "CarryWeightMinVs": 7,
          "CarryWeightMaxVs": 14,
          "Kira": 150,
          "Poko": 7
        },
        "OTAHAIRPIN": {
          "ActorName": "GOtaHairPin",
          "CarryWeightMin": 1,
          "CarryWeightMax": 1,
          "CarryWeightMinVs": 1,
          "CarryWeightMaxVs": 1,
          "Kira": 20,
          "Poko": 1
        },
        "OTAPINBADGEA": {
          "ActorName": "GOtaPinBadgeA",
          "CarryWeightMin": 2,
          "CarryWeightMax": 4,
          "CarryWeightMinVs": 2,
          "CarryWeightMaxVs": 4,
          "Kira": 40,
          "Poko": 2
        },
        "OTAPAINTSRED": {
          "ActorName": "GOtaPaintsRED",
          "CarryWeightMin": 3,
          "CarryWeightMax": 6,
          "CarryWeightMinVs": 3,
          "CarryWeightMaxVs": 6,
          "Kira": 80,
          "Poko": 5
        },
        "OTATHERMOMETER": {
          "ActorName": "GOtaThermometer",
          "CarryWeightMin": 5,
          "CarryWeightMax": 10,
          "CarryWeightMinVs": 5,
          "CarryWeightMaxVs": 10,
          "Kira": 120,
          "Poko": 5
        },
        "OTAFIELDGLASS": {
          "ActorName": "GOtaFieldGlass",
          "CarryWeightMin": 12,
          "CarryWeightMax": 24,
          "CarryWeightMinVs": 12,
          "CarryWeightMaxVs": 24,
          "Kira": 180,
          "Poko": 12
        },
        "OTAGRIPPER": {
          "ActorName": "GOtaGripper",
          "CarryWeightMin": 10,
          "CarryWeightMax": 20,
          "CarryWeightMinVs": 10,
          "CarryWeightMaxVs": 20,
          "Kira": 150,
          "Poko": 10
        },
        "OTATENNISBALL": {
          "ActorName": "GOtaTennisBall",
          "CarryWeightMin": 7,
          "CarryWeightMax": 14,
          "CarryWeightMinVs": 7,
          "CarryWeightMaxVs": 14,
          "Kira": 100,
          "Poko": 7
        },
        "OTADISC": {
          "ActorName": "GOtaDisc",
          "CarryWeightMin": 5,
          "CarryWeightMax": 10,
          "CarryWeightMinVs": 5,
          "CarryWeightMaxVs": 10,
          "Kira": 80,
          "Poko": 5
        },
        "OTAHORNBELL": {
          "ActorName": "GOtaHornBell",
          "CarryWeightMin": 5,
          "CarryWeightMax": 10,
          "CarryWeightMinVs": 5,
          "CarryWeightMaxVs": 10,
          "Kira": 100,
          "Poko": 5
        },
        "OTA3DMEGANE": {
          "ActorName": "GOta3DMegane",
          "CarryWeightMin": 10,
          "CarryWeightMax": 20,
          "CarryWeightMinVs": 10,
          "CarryWeightMaxVs": 20,
          "Kira": 150,
          "Poko": 10
        },
        "OTAGAMAGUCHI": {
          "ActorName": "GOtaGamaguchi",
          "CarryWeightMin": 15,
          "CarryWeightMax": 30,
          "CarryWeightMinVs": 15,
          "CarryWeightMaxVs": 30,
          "Kira": 230,
          "Poko": 15
        },
        "OTATAKOWIENER": {
          "ActorName": "GOtaTakoWiener",
          "CarryWeightMin": 2,
          "CarryWeightMax": 4,
          "CarryWeightMinVs": 2,
          "CarryWeightMaxVs": 4,
          "Kira": 40,
          "Poko": 2
        },
        "OTAGARAGARA": {
          "ActorName": "GOtaGaragara",
          "CarryWeightMin": 12,
          "CarryWeightMax": 24,
          "CarryWeightMinVs": 12,
          "CarryWeightMaxVs": 24,
          "Kira": 180,
          "Poko": 12
        },
        "OTAHIMEFORK": {
          "ActorName": "GOtaHimeFork",
          "CarryWeightMin": 3,
          "CarryWeightMax": 6,
          "CarryWeightMinVs": 3,
          "CarryWeightMaxVs": 6,
          "Kira": 50,
          "Poko": 3
        },
        "OTADICE12": {
          "ActorName": "GOtaDice12",
          "CarryWeightMin": 2,
          "CarryWeightMax": 4,
          "CarryWeightMinVs": 2,
          "CarryWeightMaxVs": 4,
          "Kira": 40,
          "Poko": 2
        },
        "OTAGOLDBAR": {
          "ActorName": "GOtaGoldBar",
          "CarryWeightMin": 1000,
          "CarryWeightMax": 1000,
          "CarryWeightMinVs": 1000,
          "CarryWeightMaxVs": 1000,
          "Kira": 1000,
          "Poko": 100
        },
        "OTAMUSICBOXA": {
          "ActorName": "GOtaMusicBoxA",
          "CarryWeightMin": 7,
          "CarryWeightMax": 14,
          "CarryWeightMinVs": 7,
          "CarryWeightMaxVs": 14,
          "Kira": 150,
          "Poko": 7
        },
        "OTACANDYSTICK": {
          "ActorName": "GOtaCandyStick",
          "CarryWeightMin": 7,
          "CarryWeightMax": 14,
          "CarryWeightMinVs": 7,
          "CarryWeightMaxVs": 14,
          "Kira": 60,
          "Poko": 7
        },
        "OTASQUEEZER": {
          "ActorName": "GOtaSqueezer",
          "CarryWeightMin": 7,
          "CarryWeightMax": 14,
          "CarryWeightMinVs": 7,
          "CarryWeightMaxVs": 14,
          "Kira": 110,
          "Poko": 7
        },
        "OTAGOLFBALL": {
          "ActorName": "GOtaGolfBall",
          "CarryWeightMin": 5,
          "CarryWeightMax": 10,
          "CarryWeightMinVs": 5,
          "CarryWeightMaxVs": 10,
          "Kira": 40,
          "Poko": 5
        },
        "OTASPEAKER": {
          "ActorName": "GOtaSpeaker",
          "CarryWeightMin": 12,
          "CarryWeightMax": 24,
          "CarryWeightMinVs": 12,
          "CarryWeightMaxVs": 24,
          "Kira": 180,
          "Poko": 12
        },
        "OTASPONGEA": {
          "ActorName": "GOtaSpongeA",
          "CarryWeightMin": 7,
          "CarryWeightMax": 14,
          "CarryWeightMinVs": 7,
          "CarryWeightMaxVs": 14,
          "Kira": 110,
          "Poko": 7
        },
        "OTAHANDBELL": {
          "ActorName": "GOtaHandbell",
          "CarryWeightMin": 12,
          "CarryWeightMax": 24,
          "CarryWeightMinVs": 12,
          "CarryWeightMaxVs": 24,
          "Kira": 180,
          "Poko": 12
        },
        "OTAMATDOLLSA": {
          "ActorName": "GOtaMatDollSA",
          "CarryWeightMin": 3,
          "CarryWeightMax": 6,
          "CarryWeightMinVs": 3,
          "CarryWeightMaxVs": 6,
          "Kira": 50,
          "Poko": 3
        },
        "OTAGBAROMBLK": {
          "ActorName": "GOtaGBARomBLK",
          "CarryWeightMin": 5,
          "CarryWeightMax": 10,
          "CarryWeightMinVs": 5,
          "CarryWeightMaxVs": 10,
          "Kira": 110,
          "Poko": 7
        },
        "OTAHARMONICA": {
          "ActorName": "GOtaHarmonica",
          "CarryWeightMin": 7,
          "CarryWeightMax": 14,
          "CarryWeightMinVs": 7,
          "CarryWeightMaxVs": 14,
          "Kira": 110,
          "Poko": 7
        },
        "OTAOCARINABRN": {
          "ActorName": "GOtaOcarinaBRN",
          "CarryWeightMin": 10,
          "CarryWeightMax": 20,
          "CarryWeightMinVs": 10,
          "CarryWeightMaxVs": 20,
          "Kira": 150,
          "Poko": 10
        },
        "OTASHINJITSU": {
          "ActorName": "GOtaShinjitsu",
          "CarryWeightMin": 15,
          "CarryWeightMax": 30,
          "CarryWeightMinVs": 15,
          "CarryWeightMaxVs": 30,
          "Kira": 350,
          "Poko": 15
        },
        "OTAGODDESS": {
          "ActorName": "GOtaGoddess",
          "CarryWeightMin": 20,
          "CarryWeightMax": 40,
          "CarryWeightMinVs": 20,
          "CarryWeightMaxVs": 40,
          "Kira": 300,
          "Poko": 20
        },
        "OTAJAMICHIGO": {
          "ActorName": "GOtaJamIchigo",
          "CarryWeightMin": 12,
          "CarryWeightMax": 24,
          "CarryWeightMinVs": 12,
          "CarryWeightMaxVs": 24,
          "Kira": 180,
          "Poko": 12
        },
        "OTABOAT": {
          "ActorName": "GOtaBoat",
          "CarryWeightMin": 12,
          "CarryWeightMax": 24,
          "CarryWeightMinVs": 12,
          "CarryWeightMaxVs": 24,
          "Kira": 180,
          "Poko": 12
        },
        "OTAFRUITSPICKPNK": {
          "ActorName": "GOtaFruitsPickPNK",
          "CarryWeightMin": 1,
          "CarryWeightMax": 1,
          "CarryWeightMinVs": 1,
          "CarryWeightMaxVs": 1,
          "Kira": 5,
          "Poko": 1
        },
        "OTACOUNTER": {
          "ActorName": "GOtaCounter",
          "CarryWeightMin": 5,
          "CarryWeightMax": 10,
          "CarryWeightMinVs": 5,
          "CarryWeightMaxVs": 10,
          "Kira": 120,
          "Poko": 5
        },
        "OTAMANEKINEKO": {
          "ActorName": "GOtaManekiNeko",
          "CarryWeightMin": 20,
          "CarryWeightMax": 40,
          "CarryWeightMinVs": 20,
          "CarryWeightMaxVs": 40,
          "Kira": 250,
          "Poko": 10
        },
        "OTAFISHCRUET": {
          "ActorName": "GOtaFishCruet",
          "CarryWeightMin": 2,
          "CarryWeightMax": 4,
          "CarryWeightMinVs": 2,
          "CarryWeightMaxVs": 4,
          "Kira": 40,
          "Poko": 2
        },
        "OTABUTTONPLASTIC": {
          "ActorName": "GOtaButtonPlastic",
          "CarryWeightMin": 1,
          "CarryWeightMax": 2,
          "CarryWeightMinVs": 1,
          "CarryWeightMaxVs": 2,
          "Kira": 10,
          "Poko": 1
        },
        "OTABILLIARDBALL9": {
          "ActorName": "GOtaBilliardBall9",
          "CarryWeightMin": 7,
          "CarryWeightMax": 14,
          "CarryWeightMinVs": 7,
          "CarryWeightMaxVs": 14,
          "Kira": 110,
          "Poko": 7
        },
        "OTATOOTHMODEL": {
          "ActorName": "GOtaToothModel",
          "CarryWeightMin": 20,
          "CarryWeightMax": 40,
          "CarryWeightMinVs": 20,
          "CarryWeightMaxVs": 40,
          "Kira": 300,
          "Poko": 20
        },
        "OTADOGUHEAD": {
          "ActorName": "GOtaDoguHead",
          "CarryWeightMin": 12,
          "CarryWeightMax": 24,
          "CarryWeightMinVs": 12,
          "CarryWeightMaxVs": 24,
          "Kira": 200,
          "Poko": 12
        },
        "OTARODAN": {
          "ActorName": "GOtaRodan",
          "CarryWeightMin": 50,
          "CarryWeightMax": 100,
          "CarryWeightMinVs": 50,
          "CarryWeightMaxVs": 100,
          "Kira": 300,
          "Poko": 20
        },
        "OTAVENUS": {
          "ActorName": "GOtaVenus",
          "CarryWeightMin": 30,
          "CarryWeightMax": 60,
          "CarryWeightMinVs": 30,
          "CarryWeightMaxVs": 60,
          "Kira": 300,
          "Poko": 20
        },
        "OTACANDLE": {
          "ActorName": "GOtaCandle",
          "CarryWeightMin": 10,
          "CarryWeightMax": 20,
          "CarryWeightMinVs": 10,
          "CarryWeightMaxVs": 20,
          "Kira": 150,
          "Poko": 10
        },
        "OTAHANDSPINNER": {
          "ActorName": "GOtaHandSpinner",
          "CarryWeightMin": 7,
          "CarryWeightMax": 14,
          "CarryWeightMinVs": 7,
          "CarryWeightMaxVs": 14,
          "Kira": 110,
          "Poko": 7
        },
        "OTADARUMA": {
          "ActorName": "GOtaDaruma",
          "CarryWeightMin": 12,
          "CarryWeightMax": 24,
          "CarryWeightMinVs": 12,
          "CarryWeightMaxVs": 24,
          "Kira": 300,
          "Poko": 12
        },
        "OTARAPPA": {
          "ActorName": "GOtaRappa",
          "CarryWeightMin": 15,
          "CarryWeightMax": 30,
          "CarryWeightMinVs": 15,
          "CarryWeightMaxVs": 30,
          "Kira": 250,
          "Poko": 15
        },
        "OTAJOYCONL": {
          "ActorName": "GOtaJoyConL",
          "CarryWeightMin": 10,
          "CarryWeightMax": 20,
          "CarryWeightMinVs": 10,
          "CarryWeightMaxVs": 20,
          "Kira": 150,
          "Poko": 10
        },
        "OTAJOYCONR": {
          "ActorName": "GOtaJoyConR",
          "CarryWeightMin": 10,
          "CarryWeightMax": 20,
          "CarryWeightMinVs": 10,
          "CarryWeightMaxVs": 20,
          "Kira": 150,
          "Poko": 10
        },
        "OTARASPBERRY": {
          "ActorName": "GOtaRaspberry",
          "CarryWeightMin": 1,
          "CarryWeightMax": 2,
          "CarryWeightMinVs": 1,
          "CarryWeightMaxVs": 2,
          "Kira": 20,
          "Poko": 1
        },
        "OTACHERRY": {
          "ActorName": "GOtaCherry",
          "CarryWeightMin": 1,
          "CarryWeightMax": 2,
          "CarryWeightMinVs": 1,
          "CarryWeightMaxVs": 2,
          "Kira": 20,
          "Poko": 1
        },
        "OTAPLUM": {
          "ActorName": "GOtaPlum",
          "CarryWeightMin": 3,
          "CarryWeightMax": 6,
          "CarryWeightMinVs": 3,
          "CarryWeightMaxVs": 6,
          "Kira": 40,
          "Poko": 3
        },
        "OTAAPRICOT": {
          "ActorName": "GOtaApricot",
          "CarryWeightMin": 3,
          "CarryWeightMax": 6,
          "CarryWeightMinVs": 3,
          "CarryWeightMaxVs": 6,
          "Kira": 50,
          "Poko": 3
        },
        "OTAICHIGO": {
          "ActorName": "GOtaIchigo",
          "CarryWeightMin": 3,
          "CarryWeightMax": 6,
          "CarryWeightMinVs": 3,
          "CarryWeightMaxVs": 100,
          "Kira": 70,
          "Poko": 3
        },
        "OTAMANGOSTEEN": {
          "ActorName": "GOtaMangosteen",
          "CarryWeightMin": 5,
          "CarryWeightMax": 10,
          "CarryWeightMinVs": 5,
          "CarryWeightMaxVs": 10,
          "Kira": 40,
          "Poko": 5
        },
        "OTABIWA": {
          "ActorName": "GOtaBiwa",
          "CarryWeightMin": 5,
          "CarryWeightMax": 10,
          "CarryWeightMinVs": 5,
          "CarryWeightMaxVs": 10,
          "Kira": 40,
          "Poko": 5
        },
        "OTALIME": {
          "ActorName": "GOtaLime",
          "CarryWeightMin": 7,
          "CarryWeightMax": 14,
          "CarryWeightMinVs": 7,
          "CarryWeightMaxVs": 100,
          "Kira": 60,
          "Poko": 7
        },
        "OTAMIKAN": {
          "ActorName": "GOtaMikan",
          "CarryWeightMin": 7,
          "CarryWeightMax": 14,
          "CarryWeightMinVs": 7,
          "CarryWeightMaxVs": 14,
          "Kira": 60,
          "Poko": 7
        },
        "OTALEMON": {
          "ActorName": "GOtaLemon",
          "CarryWeightMin": 7,
          "CarryWeightMax": 14,
          "CarryWeightMinVs": 7,
          "CarryWeightMaxVs": 14,
          "Kira": 60,
          "Poko": 7
        },
        "OTAICHIJIKU": {
          "ActorName": "GOtaIchijiku",
          "CarryWeightMin": 10,
          "CarryWeightMax": 20,
          "CarryWeightMinVs": 10,
          "CarryWeightMaxVs": 20,
          "Kira": 70,
          "Poko": 10
        },
        "OTAKAKI": {
          "ActorName": "GOtaKaki",
          "CarryWeightMin": 10,
          "CarryWeightMax": 20,
          "CarryWeightMinVs": 10,
          "CarryWeightMaxVs": 100,
          "Kira": 70,
          "Poko": 10
        },
        "OTAAVOCADO": {
          "ActorName": "GOtaAvocado",
          "CarryWeightMin": 10,
          "CarryWeightMax": 20,
          "CarryWeightMinVs": 10,
          "CarryWeightMaxVs": 20,
          "Kira": 70,
          "Poko": 10
        },
        "OTAGRAPEFRUIT": {
          "ActorName": "GOtaGrapefruit",
          "CarryWeightMin": 12,
          "CarryWeightMax": 24,
          "CarryWeightMinVs": 12,
          "CarryWeightMaxVs": 24,
          "Kira": 90,
          "Poko": 12
        },
        "OTALAFRANCE": {
          "ActorName": "GOtaLaFrance",
          "CarryWeightMin": 12,
          "CarryWeightMax": 24,
          "CarryWeightMinVs": 12,
          "CarryWeightMaxVs": 24,
          "Kira": 90,
          "Poko": 12
        },
        "OTANASHI": {
          "ActorName": "GOtaNashi",
          "CarryWeightMin": 12,
          "CarryWeightMax": 24,
          "CarryWeightMinVs": 12,
          "CarryWeightMaxVs": 24,
          "Kira": 90,
          "Poko": 12
        },
        "OTAPEACH": {
          "ActorName": "GOtaPeach",
          "CarryWeightMin": 12,
          "CarryWeightMax": 24,
          "CarryWeightMinVs": 12,
          "CarryWeightMaxVs": 24,
          "Kira": 90,
          "Poko": 12
        },
        "OTAPAPAYA": {
          "ActorName": "GOtaPapaya",
          "CarryWeightMin": 12,
          "CarryWeightMax": 24,
          "CarryWeightMinVs": 12,
          "CarryWeightMaxVs": 24,
          "Kira": 90,
          "Poko": 12
        },
        "OTASTARFRUIT": {
          "ActorName": "GOtaStarFruit",
          "CarryWeightMin": 5,
          "CarryWeightMax": 10,
          "CarryWeightMinVs": 5,
          "CarryWeightMaxVs": 10,
          "Kira": 40,
          "Poko": 5
        },
        "OTADEKOPON": {
          "ActorName": "GOtaDekopon",
          "CarryWeightMin": 12,
          "CarryWeightMax": 24,
          "CarryWeightMinVs": 12,
          "CarryWeightMaxVs": 24,
          "Kira": 90,
          "Poko": 12
        },
        "OTARINGO": {
          "ActorName": "GOtaRingo",
          "CarryWeightMin": 12,
          "CarryWeightMax": 24,
          "CarryWeightMinVs": 12,
          "CarryWeightMaxVs": 100,
          "Kira": 90,
          "Poko": 12
        },
        "OTAMANGO": {
          "ActorName": "GOtaMango",
          "CarryWeightMin": 12,
          "CarryWeightMax": 24,
          "CarryWeightMinVs": 12,
          "CarryWeightMaxVs": 24,
          "Kira": 90,
          "Poko": 12
        },
        "OTAKIWI": {
          "ActorName": "GOtaKiwi",
          "CarryWeightMin": 5,
          "CarryWeightMax": 10,
          "CarryWeightMinVs": 5,
          "CarryWeightMaxVs": 10,
          "Kira": 40,
          "Poko": 5
        },
        "OTAKIWIGLD": {
          "ActorName": "GOtaKiwiGLD",
          "CarryWeightMin": 5,
          "CarryWeightMax": 10,
          "CarryWeightMinVs": 5,
          "CarryWeightMaxVs": 10,
          "Kira": 40,
          "Poko": 5
        },
        "OTABANANA": {
          "ActorName": "GOtaBanana",
          "CarryWeightMin": 15,
          "CarryWeightMax": 30,
          "CarryWeightMinVs": 15,
          "CarryWeightMaxVs": 30,
          "Kira": 120,
          "Poko": 15
        },
        "OTADRAGONFRUIT": {
          "ActorName": "GOtaDragonFruit",
          "CarryWeightMin": 20,
          "CarryWeightMax": 40,
          "CarryWeightMinVs": 20,
          "CarryWeightMaxVs": 40,
          "Kira": 170,
          "Poko": 20
        },
        "OTAMUSCAT": {
          "ActorName": "GOtaMuscat",
          "CarryWeightMin": 15,
          "CarryWeightMax": 30,
          "CarryWeightMinVs": 15,
          "CarryWeightMaxVs": 30,
          "Kira": 110,
          "Poko": 15
        },
        "OTAGRAPE": {
          "ActorName": "GOtaGrape",
          "CarryWeightMin": 15,
          "CarryWeightMax": 30,
          "CarryWeightMinVs": 15,
          "CarryWeightMaxVs": 30,
          "Kira": 120,
          "Poko": 15
        },
        "OTAMELON": {
          "ActorName": "GOtaMelon",
          "CarryWeightMin": 50,
          "CarryWeightMax": 100,
          "CarryWeightMinVs": 20,
          "CarryWeightMaxVs": 40,
          "Kira": 200,
          "Poko": 50
        },
        "OTAWATERMELON": {
          "ActorName": "GOtaWaterMelon",
          "CarryWeightMin": 100,
          "CarryWeightMax": 200,
          "CarryWeightMinVs": 20,
          "CarryWeightMaxVs": 40,
          "Kira": 200,
          "Poko": 100
        },
        "OTAHARDBALL": {
          "ActorName": "GOtaHardBall",
          "CarryWeightMin": 10,
          "CarryWeightMax": 20,
          "CarryWeightMinVs": 10,
          "CarryWeightMaxVs": 20,
          "Kira": 150,
          "Poko": 10
        },
        "OTABRUSHB": {
          "ActorName": "GOtaBrushB",
          "CarryWeightMin": 5,
          "CarryWeightMax": 10,
          "CarryWeightMinVs": 5,
          "CarryWeightMaxVs": 10,
          "Kira": 80,
          "Poko": 5
        },
        "OTACASINOCHIP10": {
          "ActorName": "GOtaCasinoChip10",
          "CarryWeightMin": 2,
          "CarryWeightMax": 4,
          "CarryWeightMinVs": 2,
          "CarryWeightMaxVs": 4,
          "Kira": 10,
          "Poko": 2
        },
        "OTACASINOCHIP25": {
          "ActorName": "GOtaCasinoChip25",
          "CarryWeightMin": 2,
          "CarryWeightMax": 4,
          "CarryWeightMinVs": 2,
          "CarryWeightMaxVs": 4,
          "Kira": 25,
          "Poko": 2
        },
        "OTACASINOCHIP50": {
          "ActorName": "GOtaCasinoChip50",
          "CarryWeightMin": 2,
          "CarryWeightMax": 4,
          "CarryWeightMinVs": 2,
          "CarryWeightMaxVs": 4,
          "Kira": 50,
          "Poko": 2
        },
        "OTACASINOCHIP100": {
          "ActorName": "GOtaCasinoChip100",
          "CarryWeightMin": 2,
          "CarryWeightMax": 4,
          "CarryWeightMinVs": 2,
          "CarryWeightMaxVs": 4,
          "Kira": 100,
          "Poko": 2
        },
        "OTAPAPERCRANERED": {
          "ActorName": "GOtaPaperCraneRED",
          "CarryWeightMin": 3,
          "CarryWeightMax": 6,
          "CarryWeightMinVs": 3,
          "CarryWeightMaxVs": 6,
          "Kira": 40,
          "Poko": 5
        },
        "OTAPAPERCRANEGLD": {
          "ActorName": "GOtaPaperCraneGLD",
          "CarryWeightMin": 3,
          "CarryWeightMax": 6,
          "CarryWeightMinVs": 3,
          "CarryWeightMaxVs": 6,
          "Kira": 150,
          "Poko": 5
        },
        "OTAPAINTSBLU": {
          "ActorName": "GOtaPaintsBLU",
          "CarryWeightMin": 3,
          "CarryWeightMax": 6,
          "CarryWeightMinVs": 3,
          "CarryWeightMaxVs": 6,
          "Kira": 80,
          "Poko": 5
        },
        "OTAPAINTSYEL": {
          "ActorName": "GOtaPaintsYEL",
          "CarryWeightMin": 3,
          "CarryWeightMax": 6,
          "CarryWeightMinVs": 3,
          "CarryWeightMaxVs": 6,
          "Kira": 80,
          "Poko": 5
        },
        "OTAPAINTSPPL": {
          "ActorName": "GOtaPaintsPPL",
          "CarryWeightMin": 3,
          "CarryWeightMax": 6,
          "CarryWeightMinVs": 3,
          "CarryWeightMaxVs": 6,
          "Kira": 80,
          "Poko": 5
        },
        "OTAPAINTSWHT": {
          "ActorName": "GOtaPaintsWHT",
          "CarryWeightMin": 3,
          "CarryWeightMax": 6,
          "CarryWeightMinVs": 3,
          "CarryWeightMaxVs": 6,
          "Kira": 80,
          "Poko": 5
        },
        "OTAPAINTSBLK": {
          "ActorName": "GOtaPaintsBLK",
          "CarryWeightMin": 5,
          "CarryWeightMax": 10,
          "CarryWeightMinVs": 5,
          "CarryWeightMaxVs": 10,
          "Kira": 80,
          "Poko": 5
        },
        "OTAPAINTSPNK": {
          "ActorName": "GOtaPaintsPNK",
          "CarryWeightMin": 5,
          "CarryWeightMax": 10,
          "CarryWeightMinVs": 5,
          "CarryWeightMaxVs": 10,
          "Kira": 80,
          "Poko": 5
        },
        "OTAPAINTSAQU": {
          "ActorName": "GOtaPaintsAQU",
          "CarryWeightMin": 5,
          "CarryWeightMax": 10,
          "CarryWeightMinVs": 5,
          "CarryWeightMaxVs": 10,
          "Kira": 80,
          "Poko": 5
        },
        "OTAPAINTSGRN": {
          "ActorName": "GOtaPaintsGRN",
          "CarryWeightMin": 5,
          "CarryWeightMax": 10,
          "CarryWeightMinVs": 5,
          "CarryWeightMaxVs": 10,
          "Kira": 80,
          "Poko": 5
        },
        "OTAGBAROMYEL": {
          "ActorName": "GOtaGBARomYEL",
          "CarryWeightMin": 5,
          "CarryWeightMax": 10,
          "CarryWeightMinVs": 5,
          "CarryWeightMaxVs": 10,
          "Kira": 110,
          "Poko": 7
        },
        "OTABUTTONMETAL": {
          "ActorName": "GOtaButtonMetal",
          "CarryWeightMin": 1,
          "CarryWeightMax": 2,
          "CarryWeightMinVs": 1,
          "CarryWeightMaxVs": 2,
          "Kira": 20,
          "Poko": 1
        },
        "OTABUTTONWOOD": {
          "ActorName": "GOtaButtonWood",
          "CarryWeightMin": 1,
          "CarryWeightMax": 2,
          "CarryWeightMinVs": 1,
          "CarryWeightMaxVs": 2,
          "Kira": 10,
          "Poko": 1
        },
        "OTABILLIARDBALL8": {
          "ActorName": "GOtaBilliardBall8",
          "CarryWeightMin": 7,
          "CarryWeightMax": 14,
          "CarryWeightMinVs": 7,
          "CarryWeightMaxVs": 14,
          "Kira": 110,
          "Poko": 7
        },
        "OTABILLIARDBALL7": {
          "ActorName": "GOtaBilliardBall7",
          "CarryWeightMin": 7,
          "CarryWeightMax": 14,
          "CarryWeightMinVs": 7,
          "CarryWeightMaxVs": 14,
          "Kira": 110,
          "Poko": 7
        },
        "OTABILLIARDBALL6": {
          "ActorName": "GOtaBilliardBall6",
          "CarryWeightMin": 7,
          "CarryWeightMax": 14,
          "CarryWeightMinVs": 7,
          "CarryWeightMaxVs": 14,
          "Kira": 110,
          "Poko": 7
        },
        "OTABILLIARDBALL5": {
          "ActorName": "GOtaBilliardBall5",
          "CarryWeightMin": 7,
          "CarryWeightMax": 14,
          "CarryWeightMinVs": 7,
          "CarryWeightMaxVs": 14,
          "Kira": 110,
          "Poko": 7
        },
        "OTABILLIARDBALL4": {
          "ActorName": "GOtaBilliardBall4",
          "CarryWeightMin": 7,
          "CarryWeightMax": 14,
          "CarryWeightMinVs": 7,
          "CarryWeightMaxVs": 14,
          "Kira": 110,
          "Poko": 7
        },
        "OTABILLIARDBALL3": {
          "ActorName": "GOtaBilliardBall3",
          "CarryWeightMin": 7,
          "CarryWeightMax": 14,
          "CarryWeightMinVs": 7,
          "CarryWeightMaxVs": 14,
          "Kira": 110,
          "Poko": 7
        },
        "OTABILLIARDBALL2": {
          "ActorName": "GOtaBilliardBall2",
          "CarryWeightMin": 7,
          "CarryWeightMax": 14,
          "CarryWeightMinVs": 7,
          "CarryWeightMaxVs": 14,
          "Kira": 110,
          "Poko": 7
        },
        "OTABILLIARDBALL1": {
          "ActorName": "GOtaBilliardBall1",
          "CarryWeightMin": 7,
          "CarryWeightMax": 14,
          "CarryWeightMinVs": 7,
          "CarryWeightMaxVs": 14,
          "Kira": 110,
          "Poko": 7
        },
        "OTABILLIARDBALLCUE": {
          "ActorName": "GOtaBilliardBallCue",
          "CarryWeightMin": 7,
          "CarryWeightMax": 14,
          "CarryWeightMinVs": 7,
          "CarryWeightMaxVs": 14,
          "Kira": 110,
          "Poko": 7
        },
        "OTAPINBADGEB": {
          "ActorName": "GOtaPinBadgeB",
          "CarryWeightMin": 2,
          "CarryWeightMax": 4,
          "CarryWeightMinVs": 2,
          "CarryWeightMaxVs": 4,
          "Kira": 40,
          "Poko": 2
        },
        "OTAPINBADGEC": {
          "ActorName": "GOtaPinBadgeC",
          "CarryWeightMin": 2,
          "CarryWeightMax": 4,
          "CarryWeightMinVs": 2,
          "CarryWeightMaxVs": 4,
          "Kira": 40,
          "Poko": 2
        },
        "OTAPINBADGED": {
          "ActorName": "GOtaPinBadgeD",
          "CarryWeightMin": 2,
          "CarryWeightMax": 4,
          "CarryWeightMinVs": 2,
          "CarryWeightMaxVs": 4,
          "Kira": 40,
          "Poko": 2
        },
        "OTAPINBADGEE": {
          "ActorName": "GOtaPinBadgeE",
          "CarryWeightMin": 2,
          "CarryWeightMax": 4,
          "CarryWeightMinVs": 2,
          "CarryWeightMaxVs": 4,
          "Kira": 40,
          "Poko": 2
        },
        "OTAMUSICBOXB": {
          "ActorName": "GOtaMusicBoxB",
          "CarryWeightMin": 7,
          "CarryWeightMax": 14,
          "CarryWeightMinVs": 7,
          "CarryWeightMaxVs": 14,
          "Kira": 150,
          "Poko": 7
        },
        "OTAMUSICBOXC": {
          "ActorName": "GOtaMusicBoxC",
          "CarryWeightMin": 7,
          "CarryWeightMax": 14,
          "CarryWeightMinVs": 7,
          "CarryWeightMaxVs": 14,
          "Kira": 150,
          "Poko": 7
        },
        "OTASPONGEB": {
          "ActorName": "GOtaSpongeB",
          "CarryWeightMin": 7,
          "CarryWeightMax": 14,
          "CarryWeightMinVs": 7,
          "CarryWeightMaxVs": 14,
          "Kira": 110,
          "Poko": 7
        },
        "OTASPONGEC": {
          "ActorName": "GOtaSpongeC",
          "CarryWeightMin": 7,
          "CarryWeightMax": 14,
          "CarryWeightMinVs": 7,
          "CarryWeightMaxVs": 14,
          "Kira": 110,
          "Poko": 7
        },
        "OTAFRUITSPICKGRN": {
          "ActorName": "GOtaFruitsPickGRN",
          "CarryWeightMin": 1,
          "CarryWeightMax": 1,
          "CarryWeightMinVs": 1,
          "CarryWeightMaxVs": 1,
          "Kira": 5,
          "Poko": 1
        },
        "OTAFRUITSPICKBLU": {
          "ActorName": "GOtaFruitsPickBLU",
          "CarryWeightMin": 1,
          "CarryWeightMax": 1,
          "CarryWeightMinVs": 1,
          "CarryWeightMaxVs": 1,
          "Kira": 5,
          "Poko": 1
        },
        "OTAFRUITSPICKORN": {
          "ActorName": "GOtaFruitsPickORN",
          "CarryWeightMin": 1,
          "CarryWeightMax": 1,
          "CarryWeightMinVs": 1,
          "CarryWeightMaxVs": 1,
          "Kira": 5,
          "Poko": 1
        },
        "OTAFRUITSPICKYEL": {
          "ActorName": "GOtaFruitsPickYEL",
          "CarryWeightMin": 1,
          "CarryWeightMax": 1,
          "CarryWeightMinVs": 1,
          "CarryWeightMaxVs": 1,
          "Kira": 5,
          "Poko": 1
        },
        "OTAOSHABURIBLU": {
          "ActorName": "GOtaOshaburiBLU",
          "CarryWeightMin": 5,
          "CarryWeightMax": 10,
          "CarryWeightMinVs": 5,
          "CarryWeightMaxVs": 10,
          "Kira": 80,
          "Poko": 5
        },
        "OTAEFFECTSUNIT": {
          "ActorName": "GOtaEffectsUnit",
          "CarryWeightMin": 15,
          "CarryWeightMax": 30,
          "CarryWeightMinVs": 15,
          "CarryWeightMaxVs": 30,
          "Kira": 230,
          "Poko": 15
        },
        "OTAPUZZLEB": {
          "ActorName": "GOtaPuzzleB",
          "CarryWeightMin": 2,
          "CarryWeightMax": 4,
          "CarryWeightMinVs": 2,
          "CarryWeightMaxVs": 4,
          "Kira": 50,
          "Poko": 3
        },
        "OTAPUZZLEC": {
          "ActorName": "GOtaPuzzleC",
          "CarryWeightMin": 2,
          "CarryWeightMax": 4,
          "CarryWeightMinVs": 2,
          "CarryWeightMaxVs": 4,
          "Kira": 50,
          "Poko": 3
        },
        "OTAPUZZLED": {
          "ActorName": "GOtaPuzzleD",
          "CarryWeightMin": 2,
          "CarryWeightMax": 4,
          "CarryWeightMinVs": 2,
          "CarryWeightMaxVs": 4,
          "Kira": 50,
          "Poko": 3
        },
        "OTAPUZZLEE": {
          "ActorName": "GOtaPuzzleE",
          "CarryWeightMin": 2,
          "CarryWeightMax": 4,
          "CarryWeightMinVs": 2,
          "CarryWeightMaxVs": 4,
          "Kira": 50,
          "Poko": 3
        },
        "OTAPUZZLEF": {
          "ActorName": "GOtaPuzzleF",
          "CarryWeightMin": 2,
          "CarryWeightMax": 4,
          "CarryWeightMinVs": 2,
          "CarryWeightMaxVs": 4,
          "Kira": 50,
          "Poko": 3
        },
        "OTAPUZZLEG": {
          "ActorName": "GOtaPuzzleG",
          "CarryWeightMin": 2,
          "CarryWeightMax": 4,
          "CarryWeightMinVs": 2,
          "CarryWeightMaxVs": 4,
          "Kira": 50,
          "Poko": 3
        },
        "OTAPUZZLEH": {
          "ActorName": "GOtaPuzzleH",
          "CarryWeightMin": 2,
          "CarryWeightMax": 4,
          "CarryWeightMinVs": 2,
          "CarryWeightMaxVs": 4,
          "Kira": 50,
          "Poko": 3
        },
        "OTAPUZZLEI": {
          "ActorName": "GOtaPuzzleI",
          "CarryWeightMin": 2,
          "CarryWeightMax": 4,
          "CarryWeightMinVs": 2,
          "CarryWeightMaxVs": 4,
          "Kira": 50,
          "Poko": 3
        },
        "OTAMATDOLLSB": {
          "ActorName": "GOtaMatDollSB",
          "CarryWeightMin": 3,
          "CarryWeightMax": 6,
          "CarryWeightMinVs": 3,
          "CarryWeightMaxVs": 6,
          "Kira": 50,
          "Poko": 3
        },
        "OTAMATDOLLMA": {
          "ActorName": "GOtaMatDollMA",
          "CarryWeightMin": 5,
          "CarryWeightMax": 10,
          "CarryWeightMinVs": 5,
          "CarryWeightMaxVs": 10,
          "Kira": 80,
          "Poko": 5
        },
        "OTAMOAI": {
          "ActorName": "GOtaMoai",
          "CarryWeightMin": 20,
          "CarryWeightMax": 40,
          "CarryWeightMinVs": 20,
          "CarryWeightMaxVs": 40,
          "Kira": 450,
          "Poko": 30
        },
        "OTAAMMOLITE": {
          "ActorName": "GOtaAmmolite",
          "CarryWeightMin": 20,
          "CarryWeightMax": 40,
          "CarryWeightMinVs": 20,
          "CarryWeightMaxVs": 40,
          "Kira": 400,
          "Poko": 20
        },
        "OTATRILOBITE": {
          "ActorName": "GOtaTrilobite",
          "CarryWeightMin": 15,
          "CarryWeightMax": 30,
          "CarryWeightMinVs": 15,
          "CarryWeightMaxVs": 30,
          "Kira": 300,
          "Poko": 15
        },
        "OTABOTTLE": {
          "ActorName": "GOtaBottle",
          "CarryWeightMin": 7,
          "CarryWeightMax": 14,
          "CarryWeightMinVs": 7,
          "CarryWeightMaxVs": 14,
          "Kira": 110,
          "Poko": 7
        },
        "OTAKENDAMAA": {
          "ActorName": "GOtaKendamaA",
          "CarryWeightMin": 5,
          "CarryWeightMax": 10,
          "CarryWeightMinVs": 5,
          "CarryWeightMaxVs": 10,
          "Kira": 80,
          "Poko": 5
        },
        "OTAKENDAMAB": {
          "ActorName": "GOtaKendamaB",
          "CarryWeightMin": 10,
          "CarryWeightMax": 20,
          "CarryWeightMinVs": 10,
          "CarryWeightMaxVs": 20,
          "Kira": 150,
          "Poko": 10
        },
        "OTAROBOHEAD": {
          "ActorName": "GOtaRoboHead",
          "CarryWeightMin": 5,
          "CarryWeightMax": 10,
          "CarryWeightMinVs": 5,
          "CarryWeightMaxVs": 10,
          "Kira": 50,
          "Poko": 3
        },
        "OTAROBOBODY": {
          "ActorName": "GOtaRoboBody",
          "CarryWeightMin": 12,
          "CarryWeightMax": 24,
          "CarryWeightMinVs": 12,
          "CarryWeightMaxVs": 24,
          "Kira": 80,
          "Poko": 5
        },
        "OTAROBOHANDR": {
          "ActorName": "GOtaRoboHandR",
          "CarryWeightMin": 5,
          "CarryWeightMax": 10,
          "CarryWeightMinVs": 5,
          "CarryWeightMaxVs": 10,
          "Kira": 80,
          "Poko": 5
        },
        "OTAROBOHANDL": {
          "ActorName": "GOtaRoboHandL",
          "CarryWeightMin": 7,
          "CarryWeightMax": 14,
          "CarryWeightMinVs": 7,
          "CarryWeightMaxVs": 14,
          "Kira": 80,
          "Poko": 5
        },
        "OTAROBOLEGR": {
          "ActorName": "GOtaRoboLegR",
          "CarryWeightMin": 10,
          "CarryWeightMax": 20,
          "CarryWeightMinVs": 10,
          "CarryWeightMaxVs": 20,
          "Kira": 80,
          "Poko": 5
        },
        "OTAROBOLEGL": {
          "ActorName": "GOtaRoboLegL",
          "CarryWeightMin": 10,
          "CarryWeightMax": 20,
          "CarryWeightMinVs": 10,
          "CarryWeightMaxVs": 20,
          "Kira": 80,
          "Poko": 5
        },
        "OTATOMATOM": {
          "ActorName": "GOtaTomatoM",
          "CarryWeightMin": 10,
          "CarryWeightMax": 20,
          "CarryWeightMinVs": 10,
          "CarryWeightMaxVs": 20,
          "Kira": 90,
          "Poko": 10
        },
        "OTATOMATOS": {
          "ActorName": "GOtaTomatoS",
          "CarryWeightMin": 2,
          "CarryWeightMax": 4,
          "CarryWeightMinVs": 2,
          "CarryWeightMaxVs": 4,
          "Kira": 20,
          "Poko": 2
        },
        "OTACROISSANT": {
          "ActorName": "GOtaCroissant",
          "CarryWeightMin": 7,
          "CarryWeightMax": 14,
          "CarryWeightMinVs": 7,
          "CarryWeightMaxVs": 14,
          "Kira": 110,
          "Poko": 7
        },
        "OTAECLAIR": {
          "ActorName": "GOtaEclair",
          "CarryWeightMin": 10,
          "CarryWeightMax": 20,
          "CarryWeightMinVs": 10,
          "CarryWeightMaxVs": 20,
          "Kira": 150,
          "Poko": 10
        },
        "OTAISOBEYAKI": {
          "ActorName": "GOtaIsobeyaki",
          "CarryWeightMin": 5,
          "CarryWeightMax": 10,
          "CarryWeightMinVs": 5,
          "CarryWeightMaxVs": 10,
          "Kira": 40,
          "Poko": 5
        },
        "OTAMATDOLLMB": {
          "ActorName": "GOtaMatDollMB",
          "CarryWeightMin": 5,
          "CarryWeightMax": 10,
          "CarryWeightMinVs": 5,
          "CarryWeightMaxVs": 10,
          "Kira": 80,
          "Poko": 5
        },
        "OTAMATDOLLLA": {
          "ActorName": "GOtaMatDollLA",
          "CarryWeightMin": 10,
          "CarryWeightMax": 20,
          "CarryWeightMinVs": 10,
          "CarryWeightMaxVs": 20,
          "Kira": 150,
          "Poko": 10
        },
        "OTAMATDOLLLB": {
          "ActorName": "GOtaMatDollLB",
          "CarryWeightMin": 10,
          "CarryWeightMax": 20,
          "CarryWeightMinVs": 10,
          "CarryWeightMaxVs": 20,
          "Kira": 150,
          "Poko": 10
        },
        "OTATRAINA": {
          "ActorName": "GOtaTrainA",
          "CarryWeightMin": 7,
          "CarryWeightMax": 14,
          "CarryWeightMinVs": 7,
          "CarryWeightMaxVs": 14,
          "Kira": 110,
          "Poko": 7
        },
        "OTATRAINB": {
          "ActorName": "GOtaTrainB",
          "CarryWeightMin": 7,
          "CarryWeightMax": 14,
          "CarryWeightMinVs": 7,
          "CarryWeightMaxVs": 14,
          "Kira": 110,
          "Poko": 7
        },
        "OTATRAINC": {
          "ActorName": "GOtaTrainC",
          "CarryWeightMin": 7,
          "CarryWeightMax": 14,
          "CarryWeightMinVs": 7,
          "CarryWeightMaxVs": 14,
          "Kira": 110,
          "Poko": 7
        },
        "OTARAILWAYLINEA": {
          "ActorName": "GOtaRailwayLineA",
          "CarryWeightMin": 10,
          "CarryWeightMax": 20,
          "CarryWeightMinVs": 10,
          "CarryWeightMaxVs": 20,
          "Kira": 150,
          "Poko": 10
        },
        "OTARAILWAYLINEB": {
          "ActorName": "GOtaRailwayLineB",
          "CarryWeightMin": 7,
          "CarryWeightMax": 14,
          "CarryWeightMinVs": 7,
          "CarryWeightMaxVs": 14,
          "Kira": 110,
          "Poko": 10
        },
        "OTARAILWAYLINEC": {
          "ActorName": "GOtaRailwayLineC",
          "CarryWeightMin": 7,
          "CarryWeightMax": 14,
          "CarryWeightMinVs": 7,
          "CarryWeightMaxVs": 14,
          "Kira": 150,
          "Poko": 10
        },
        "OTARAILWAYLINED": {
          "ActorName": "GOtaRailwayLineD",
          "CarryWeightMin": 7,
          "CarryWeightMax": 14,
          "CarryWeightMinVs": 7,
          "CarryWeightMaxVs": 14,
          "Kira": 110,
          "Poko": 10
        },
        "OTARAILWAYLINEE": {
          "ActorName": "GOtaRailwayLineE",
          "CarryWeightMin": 7,
          "CarryWeightMax": 14,
          "CarryWeightMinVs": 7,
          "CarryWeightMaxVs": 14,
          "Kira": 150,
          "Poko": 10
        },
        "OTAWHISTLE": {
          "ActorName": "GOtaWhistle",
          "CarryWeightMin": 5,
          "CarryWeightMax": 10,
          "CarryWeightMinVs": 5,
          "CarryWeightMaxVs": 10,
          "Kira": 80,
          "Poko": 5
        },
        "OTADUCKL": {
          "ActorName": "GOtaDuckL",
          "CarryWeightMin": 10,
          "CarryWeightMax": 20,
          "CarryWeightMinVs": 10,
          "CarryWeightMaxVs": 20,
          "Kira": 90,
          "Poko": 10
        },
        "OTADUCKM": {
          "ActorName": "GOtaDuckM",
          "CarryWeightMin": 5,
          "CarryWeightMax": 10,
          "CarryWeightMinVs": 5,
          "CarryWeightMaxVs": 10,
          "Kira": 40,
          "Poko": 5
        },
        "OTADUCKS": {
          "ActorName": "GOtaDuckS",
          "CarryWeightMin": 3,
          "CarryWeightMax": 6,
          "CarryWeightMinVs": 3,
          "CarryWeightMaxVs": 6,
          "Kira": 20,
          "Poko": 3
        },
        "OTATAKENOKO": {
          "ActorName": "GOtaTakenoko",
          "CarryWeightMin": 10,
          "CarryWeightMax": 20,
          "CarryWeightMinVs": 10,
          "CarryWeightMaxVs": 20,
          "Kira": 90,
          "Poko": 10
        },
        "OTAPOCKETWATCH": {
          "ActorName": "GOtaPocketWatch",
          "CarryWeightMin": 7,
          "CarryWeightMax": 14,
          "CarryWeightMinVs": 7,
          "CarryWeightMaxVs": 14,
          "Kira": 110,
          "Poko": 7
        },
        "OTACOMPASS": {
          "ActorName": "GOtaCompass",
          "CarryWeightMin": 7,
          "CarryWeightMax": 14,
          "CarryWeightMinVs": 7,
          "CarryWeightMaxVs": 14,
          "Kira": 110,
          "Poko": 7
        },
        "OTAICEPICK": {
          "ActorName": "GOtaIcePick",
          "CarryWeightMin": 10,
          "CarryWeightMax": 20,
          "CarryWeightMinVs": 10,
          "CarryWeightMaxVs": 20,
          "Kira": 150,
          "Poko": 10
        },
        "OTALOUPE": {
          "ActorName": "GOtaLoupe",
          "CarryWeightMin": 15,
          "CarryWeightMax": 30,
          "CarryWeightMinVs": 15,
          "CarryWeightMaxVs": 30,
          "Kira": 230,
          "Poko": 15
        },
        "OTAYAMASHINJU": {
          "ActorName": "GOtaYamashinju",
          "CarryWeightMin": 3,
          "CarryWeightMax": 3,
          "CarryWeightMinVs": 3,
          "CarryWeightMaxVs": 3,
          "Kira": 150,
          "Poko": 3
        },
        "OTAFINGERBOARD": {
          "ActorName": "GOtaFingerBoard",
          "CarryWeightMin": 5,
          "CarryWeightMax": 10,
          "CarryWeightMinVs": 5,
          "CarryWeightMaxVs": 10,
          "Kira": 80,
          "Poko": 5
        },
        "OTASFCMOUSE": {
          "ActorName": "GOtaSFCMouse",
          "CarryWeightMin": 7,
          "CarryWeightMax": 14,
          "CarryWeightMinVs": 7,
          "CarryWeightMaxVs": 14,
          "Kira": 110,
          "Poko": 7
        },
        "OTAGBASP": {
          "ActorName": "GOtaGBASP",
          "CarryWeightMin": 10,
          "CarryWeightMax": 20,
          "CarryWeightMinVs": 10,
          "CarryWeightMaxVs": 20,
          "Kira": 150,
          "Poko": 10
        },
        "OTALIGHTUPRINGBLU": {
          "ActorName": "GOtaLightUpRingBLU",
          "CarryWeightMin": 3,
          "CarryWeightMax": 6,
          "CarryWeightMinVs": 3,
          "CarryWeightMaxVs": 6,
          "Kira": 130,
          "Poko": 5
        },
        "OTADENTAKU": {
          "ActorName": "GOtaDentaku",
          "CarryWeightMin": 12,
          "CarryWeightMax": 24,
          "CarryWeightMinVs": 12,
          "CarryWeightMaxVs": 24,
          "Kira": 200,
          "Poko": 7
        },
        "OTASHUTTERGLASSES": {
          "ActorName": "GOtaShutterGlasses",
          "CarryWeightMin": 12,
          "CarryWeightMax": 24,
          "CarryWeightMinVs": 12,
          "CarryWeightMaxVs": 24,
          "Kira": 180,
          "Poko": 12
        },
        "OTARINGPOP": {
          "ActorName": "GOtaRingPop",
          "CarryWeightMin": 3,
          "CarryWeightMax": 6,
          "CarryWeightMinVs": 3,
          "CarryWeightMaxVs": 6,
          "Kira": 20,
          "Poko": 3
        },
        "OTADICE20": {
          "ActorName": "GOtaDice20",
          "CarryWeightMin": 2,
          "CarryWeightMax": 4,
          "CarryWeightMinVs": 2,
          "CarryWeightMaxVs": 4,
          "Kira": 40,
          "Poko": 2
        },
        "OTADICE6WHT": {
          "ActorName": "GOtaDice6WHT",
          "CarryWeightMin": 2,
          "CarryWeightMax": 4,
          "CarryWeightMinVs": 2,
          "CarryWeightMaxVs": 4,
          "Kira": 20,
          "Poko": 2
        },
        "OTABANKCARDA": {
          "ActorName": "GOtaBankCardA",
          "CarryWeightMin": 1,
          "CarryWeightMax": 1,
          "CarryWeightMinVs": 1,
          "CarryWeightMaxVs": 1,
          "Kira": 20,
          "Poko": 1
        },
        "OTABANKCARDB": {
          "ActorName": "GOtaBankCardB",
          "CarryWeightMin": 1,
          "CarryWeightMax": 1,
          "CarryWeightMinVs": 1,
          "CarryWeightMaxVs": 1,
          "Kira": 20,
          "Poko": 1
        },
        "OTABANKCARDC": {
          "ActorName": "GOtaBankCardC",
          "CarryWeightMin": 1,
          "CarryWeightMax": 1,
          "CarryWeightMinVs": 1,
          "CarryWeightMaxVs": 1,
          "Kira": 20,
          "Poko": 1
        },
        "OTABANKCARDBLANK": {
          "ActorName": "GOtaBankCardBlank",
          "CarryWeightMin": 1,
          "CarryWeightMax": 1,
          "CarryWeightMinVs": 1,
          "CarryWeightMaxVs": 1,
          "Kira": 20,
          "Poko": 1
        },
        "OTAHEROPARTSA": {
          "ActorName": "GOtaHeroPartsA",
          "CarryWeightMin": 10,
          "CarryWeightMax": 20,
          "CarryWeightMinVs": 10,
          "CarryWeightMaxVs": 20,
          "Kira": 0,
          "Poko": 10
        },
        "OTAHEROPARTSB": {
          "ActorName": "GOtaHeroPartsB",
          "CarryWeightMin": 10,
          "CarryWeightMax": 20,
          "CarryWeightMinVs": 10,
          "CarryWeightMaxVs": 20,
          "Kira": 0,
          "Poko": 10
        },
        "OTAHEROPARTSC": {
          "ActorName": "GOtaHeroPartsC",
          "CarryWeightMin": 10,
          "CarryWeightMax": 20,
          "CarryWeightMinVs": 10,
          "CarryWeightMaxVs": 20,
          "Kira": 0,
          "Poko": 10
        },
        "OTAHEROPARTSD": {
          "ActorName": "GOtaHeroPartsD",
          "CarryWeightMin": 20,
          "CarryWeightMax": 40,
          "CarryWeightMinVs": 20,
          "CarryWeightMaxVs": 40,
          "Kira": 0,
          "Poko": 20
        },
        "OTAHEROPARTSE": {
          "ActorName": "GOtaHeroPartsE",
          "CarryWeightMin": 5,
          "CarryWeightMax": 10,
          "CarryWeightMinVs": 5,
          "CarryWeightMaxVs": 10,
          "Kira": 0,
          "Poko": 5
        },
        "OTAHEROPARTSF": {
          "ActorName": "GOtaHeroPartsF",
          "CarryWeightMin": 5,
          "CarryWeightMax": 10,
          "CarryWeightMinVs": 5,
          "CarryWeightMaxVs": 10,
          "Kira": 0,
          "Poko": 5
        },
        "OTAHEROPARTSG": {
          "ActorName": "GOtaHeroPartsG",
          "CarryWeightMin": 30,
          "CarryWeightMax": 60,
          "CarryWeightMinVs": 30,
          "CarryWeightMaxVs": 60,
          "Kira": 0,
          "Poko": 30
        },
        "OTAHEROPARTSH": {
          "ActorName": "GOtaHeroPartsH",
          "CarryWeightMin": 5,
          "CarryWeightMax": 10,
          "CarryWeightMinVs": 5,
          "CarryWeightMaxVs": 10,
          "Kira": 0,
          "Poko": 5
        },
        "OTAHEROPARTSI": {
          "ActorName": "GOtaHeroPartsI",
          "CarryWeightMin": 30,
          "CarryWeightMax": 60,
          "CarryWeightMinVs": 30,
          "CarryWeightMaxVs": 60,
          "Kira": 0,
          "Poko": 30
        },
        "OTAHEROPARTSJ": {
          "ActorName": "GOtaHeroPartsJ",
          "CarryWeightMin": 15,
          "CarryWeightMax": 30,
          "CarryWeightMinVs": 15,
          "CarryWeightMaxVs": 30,
          "Kira": 0,
          "Poko": 15
        },
        "OTAHEROPARTSAA": {
          "ActorName": "GOtaHeroPartsAA",
          "CarryWeightMin": 15,
          "CarryWeightMax": 30,
          "CarryWeightMinVs": 15,
          "CarryWeightMaxVs": 30,
          "Kira": 0,
          "Poko": 15
        },
        "OTAHEROPARTSAB": {
          "ActorName": "GOtaHeroPartsAB",
          "CarryWeightMin": 15,
          "CarryWeightMax": 30,
          "CarryWeightMinVs": 15,
          "CarryWeightMaxVs": 30,
          "Kira": 0,
          "Poko": 15
        },
        "OTAHEROPARTSAC": {
          "ActorName": "GOtaHeroPartsAC",
          "CarryWeightMin": 50,
          "CarryWeightMax": 100,
          "CarryWeightMinVs": 50,
          "CarryWeightMaxVs": 100,
          "Kira": 0,
          "Poko": 50
        },
        "OTAHEROPARTSAD": {
          "ActorName": "GOtaHeroPartsAD",
          "CarryWeightMin": 10,
          "CarryWeightMax": 20,
          "CarryWeightMinVs": 10,
          "CarryWeightMaxVs": 20,
          "Kira": 0,
          "Poko": 10
        },
        "OTAHEROPARTSK": {
          "ActorName": "GOtaHeroPartsK",
          "CarryWeightMin": 10,
          "CarryWeightMax": 20,
          "CarryWeightMinVs": 10,
          "CarryWeightMaxVs": 20,
          "Kira": 0,
          "Poko": 10
        },
        "OTAHEROPARTSL": {
          "ActorName": "GOtaHeroPartsL",
          "CarryWeightMin": 10,
          "CarryWeightMax": 20,
          "CarryWeightMinVs": 10,
          "CarryWeightMaxVs": 20,
          "Kira": 0,
          "Poko": 10
        },
        "OTAHEROPARTSM": {
          "ActorName": "GOtaHeroPartsM",
          "CarryWeightMin": 10,
          "CarryWeightMax": 20,
          "CarryWeightMinVs": 10,
          "CarryWeightMaxVs": 20,
          "Kira": 0,
          "Poko": 10
        },
        "OTAHEROPARTSN": {
          "ActorName": "GOtaHeroPartsN",
          "CarryWeightMin": 10,
          "CarryWeightMax": 20,
          "CarryWeightMinVs": 10,
          "CarryWeightMaxVs": 20,
          "Kira": 0,
          "Poko": 10
        },
        "OTAHEROPARTSO": {
          "ActorName": "GOtaHeroPartsO",
          "CarryWeightMin": 20,
          "CarryWeightMax": 40,
          "CarryWeightMinVs": 20,
          "CarryWeightMaxVs": 40,
          "Kira": 0,
          "Poko": 20
        },
        "OTAHEROPARTSP": {
          "ActorName": "GOtaHeroPartsP",
          "CarryWeightMin": 10,
          "CarryWeightMax": 20,
          "CarryWeightMinVs": 10,
          "CarryWeightMaxVs": 20,
          "Kira": 0,
          "Poko": 10
        },
        "OTAHEROPARTSQ": {
          "ActorName": "GOtaHeroPartsQ",
          "CarryWeightMin": 5,
          "CarryWeightMax": 10,
          "CarryWeightMinVs": 5,
          "CarryWeightMaxVs": 10,
          "Kira": 0,
          "Poko": 5
        },
        "OTAHEROPARTSR": {
          "ActorName": "GOtaHeroPartsR",
          "CarryWeightMin": 5,
          "CarryWeightMax": 10,
          "CarryWeightMinVs": 5,
          "CarryWeightMaxVs": 10,
          "Kira": 0,
          "Poko": 5
        },
        "OTAHEROPARTSS": {
          "ActorName": "GOtaHeroPartsS",
          "CarryWeightMin": 5,
          "CarryWeightMax": 10,
          "CarryWeightMinVs": 5,
          "CarryWeightMaxVs": 10,
          "Kira": 0,
          "Poko": 5
        },
        "OTAHEROPARTST": {
          "ActorName": "GOtaHeroPartsT",
          "CarryWeightMin": 5,
          "CarryWeightMax": 10,
          "CarryWeightMinVs": 5,
          "CarryWeightMaxVs": 10,
          "Kira": 0,
          "Poko": 5
        },
        "OTAHEROPARTSU": {
          "ActorName": "GOtaHeroPartsU",
          "CarryWeightMin": 5,
          "CarryWeightMax": 10,
          "CarryWeightMinVs": 5,
          "CarryWeightMaxVs": 10,
          "Kira": 0,
          "Poko": 5
        },
        "OTAHEROPARTSV": {
          "ActorName": "GOtaHeroPartsV",
          "CarryWeightMin": 5,
          "CarryWeightMax": 10,
          "CarryWeightMinVs": 5,
          "CarryWeightMaxVs": 10,
          "Kira": 0,
          "Poko": 5
        },
        "OTAHEROPARTSW": {
          "ActorName": "GOtaHeroPartsW",
          "CarryWeightMin": 15,
          "CarryWeightMax": 30,
          "CarryWeightMinVs": 15,
          "CarryWeightMaxVs": 30,
          "Kira": 0,
          "Poko": 15
        },
        "OTAHEROPARTSX": {
          "ActorName": "GOtaHeroPartsX",
          "CarryWeightMin": 15,
          "CarryWeightMax": 30,
          "CarryWeightMinVs": 15,
          "CarryWeightMaxVs": 30,
          "Kira": 0,
          "Poko": 15
        },
        "OTAHEROPARTSY": {
          "ActorName": "GOtaHeroPartsY",
          "CarryWeightMin": 15,
          "CarryWeightMax": 30,
          "CarryWeightMinVs": 15,
          "CarryWeightMaxVs": 30,
          "Kira": 0,
          "Poko": 15
        },
        "OTAHEROPARTSZ": {
          "ActorName": "GOtaHeroPartsZ",
          "CarryWeightMin": 15,
          "CarryWeightMax": 30,
          "CarryWeightMinVs": 15,
          "CarryWeightMaxVs": 30,
          "Kira": 0,
          "Poko": 15
        },
        "OTAZUCCHINI": {
          "ActorName": "GOtaZucchini",
          "CarryWeightMin": 10,
          "CarryWeightMax": 20,
          "CarryWeightMinVs": 10,
          "CarryWeightMaxVs": 20,
          "Kira": 90,
          "Poko": 10
        },
        "OTAPOTATO": {
          "ActorName": "GOtaPotato",
          "CarryWeightMin": 7,
          "CarryWeightMax": 14,
          "CarryWeightMinVs": 7,
          "CarryWeightMaxVs": 14,
          "Kira": 60,
          "Poko": 7
        },
        "OTASWEETPOTATO": {
          "ActorName": "GOtaSweetPotato",
          "CarryWeightMin": 12,
          "CarryWeightMax": 24,
          "CarryWeightMinVs": 12,
          "CarryWeightMaxVs": 24,
          "Kira": 110,
          "Poko": 12
        },
        "OTAPUMPKIN": {
          "ActorName": "GOtaPumpkin",
          "CarryWeightMin": 30,
          "CarryWeightMax": 60,
          "CarryWeightMinVs": 30,
          "CarryWeightMaxVs": 60,
          "Kira": 150,
          "Poko": 30
        },
        "OTAHAM": {
          "ActorName": "GOtaHam",
          "CarryWeightMin": 300,
          "CarryWeightMax": 600,
          "CarryWeightMinVs": 300,
          "CarryWeightMaxVs": 600,
          "Kira": 500,
          "Poko": 30
        },
        "VSSPBOMB": {
          "ActorName": "GVSSPBomb",
          "CarryWeightMin": 5,
          "CarryWeightMax": 100,
          "CarryWeightMinVs": 5,
          "CarryWeightMaxVs": 100,
          "Kira": 0,
          "Poko": 5
        },
        "VSDROPSTAR": {
          "ActorName": "GVSDropStar",
          "CarryWeightMin": 5,
          "CarryWeightMax": 100,
          "CarryWeightMinVs": 20,
          "CarryWeightMaxVs": 100,
          "Kira": 0,
          "Poko": 5
        },
        "OTAROBOUNI": {
          "ActorName": "GOtaRoboUNI",
          "CarryWeightMin": 10,
          "CarryWeightMax": 20,
          "CarryWeightMinVs": 10,
          "CarryWeightMaxVs": 20,
          "Kira": 90,
          "Poko": 10
        },
        "OTADUCKB": {
          "ActorName": "GOtaDuckB",
          "CarryWeightMin": 3,
          "CarryWeightMax": 6,
          "CarryWeightMinVs": 3,
          "CarryWeightMaxVs": 6,
          "Kira": 100,
          "Poko": 3
        },
        "OTABANKCARDD": {
          "ActorName": "GOtaBankCardD",
          "CarryWeightMin": 1,
          "CarryWeightMax": 1,
          "CarryWeightMinVs": 1,
          "CarryWeightMaxVs": 1,
          "Kira": 20,
          "Poko": 1
        },
        "OTABANKCARDE": {
          "ActorName": "GOtaBankCardE",
          "CarryWeightMin": 1,
          "CarryWeightMax": 1,
          "CarryWeightMinVs": 1,
          "CarryWeightMaxVs": 1,
          "Kira": 20,
          "Poko": 1
        },
        "OTABANKCARDF": {
          "ActorName": "GOtaBankCardF",
          "CarryWeightMin": 1,
          "CarryWeightMax": 1,
          "CarryWeightMinVs": 1,
          "CarryWeightMaxVs": 1,
          "Kira": 20,
          "Poko": 1
        },
        "VSDROPSTARL": {
          "ActorName": "GVSDropStarL",
          "CarryWeightMin": 20,
          "CarryWeightMax": 100,
          "CarryWeightMinVs": 20,
          "CarryWeightMaxVs": 100,
          "Kira": 0,
          "Poko": 5
        },
        "VSDROPSTARM": {
          "ActorName": "GVSDropStarM",
          "CarryWeightMin": 10,
          "CarryWeightMax": 100,
          "CarryWeightMinVs": 10,
          "CarryWeightMaxVs": 100,
          "Kira": 0,
          "Poko": 5
        },
        "VSDROPSTARS": {
          "ActorName": "GVSDropStarS",
          "CarryWeightMin": 5,
          "CarryWeightMax": 100,
          "CarryWeightMinVs": 5,
          "CarryWeightMaxVs": 100,
          "Kira": 0,
          "Poko": 5
        },
        "OTAVSGLD": {
          "ActorName": "GOtaVSGLD",
          "CarryWeightMin": 30,
          "CarryWeightMax": 100,
          "CarryWeightMinVs": 30,
          "CarryWeightMaxVs": 100,
          "Kira": 0,
          "Poko": 30
        },
        "OTAGCCONWB": {
          "ActorName": "GOtaGCConWb",
          "CarryWeightMin": 20,
          "CarryWeightMax": 40,
          "CarryWeightMinVs": 20,
          "CarryWeightMaxVs": 40,
          "Kira": 300,
          "Poko": 20
        },
        "OTAKENDAMAUNI": {
          "ActorName": "GOtaKendamaUNI",
          "CarryWeightMin": 10,
          "CarryWeightMax": 20,
          "CarryWeightMinVs": 10,
          "CarryWeightMaxVs": 20,
          "Kira": 90,
          "Poko": 10
        },
        "OTAPAPERBALLOON": {
          "ActorName": "GOtaPaperballoon",
          "CarryWeightMin": 3,
          "CarryWeightMax": 6,
          "CarryWeightMinVs": 3,
          "CarryWeightMaxVs": 6,
          "Kira": 40,
          "Poko": 3
        },
        "OTAGOLDFISH": {
          "ActorName": "GOtaGoldfish",
          "CarryWeightMin": 20,
          "CarryWeightMax": 40,
          "CarryWeightMinVs": 20,
          "CarryWeightMaxVs": 40,
          "Kira": 300,
          "Poko": 20
        },
        "OTANESCLASSICMINI": {
          "ActorName": "GOtaNESClassicMini",
          "CarryWeightMin": 10,
          "CarryWeightMax": 20,
          "CarryWeightMinVs": 10,
          "CarryWeightMaxVs": 20,
          "Kira": 150,
          "Poko": 10
        },
        "OTAPUDDING": {
          "ActorName": "GOtaPudding",
          "CarryWeightMin": 10,
          "CarryWeightMax": 20,
          "CarryWeightMinVs": 10,
          "CarryWeightMaxVs": 20,
          "Kira": 150,
          "Poko": 10
        },
        "OTASUSHIMAGURO": {
          "ActorName": "GOtaSushiMaguro",
          "CarryWeightMin": 5,
          "CarryWeightMax": 10,
          "CarryWeightMinVs": 5,
          "CarryWeightMaxVs": 10,
          "Kira": 80,
          "Poko": 5
        },
        "OTASUSHITAMAGO": {
          "ActorName": "GOtaSushiTamago",
          "CarryWeightMin": 5,
          "CarryWeightMax": 10,
          "CarryWeightMinVs": 5,
          "CarryWeightMaxVs": 10,
          "Kira": 80,
          "Poko": 5
        },
        "OTASUSHIEBI": {
          "ActorName": "GOtaSushiEbi",
          "CarryWeightMin": 5,
          "CarryWeightMax": 10,
          "CarryWeightMinVs": 5,
          "CarryWeightMaxVs": 10,
          "Kira": 80,
          "Poko": 5
        },
        "OTAMASK": {
          "ActorName": "GOtaMask",
          "CarryWeightMin": 12,
          "CarryWeightMax": 24,
          "CarryWeightMinVs": 12,
          "CarryWeightMaxVs": 24,
          "Kira": 150,
          "Poko": 12
        },
        "OTAHANAFUDAA": {
          "ActorName": "GOtaHanafudaA",
          "CarryWeightMin": 2,
          "CarryWeightMax": 4,
          "CarryWeightMinVs": 2,
          "CarryWeightMaxVs": 4,
          "Kira": 40,
          "Poko": 2
        },
        "OTAYOSHICOOKIEA": {
          "ActorName": "GOtaYoshiCookieA",
          "CarryWeightMin": 3,
          "CarryWeightMax": 6,
          "CarryWeightMinVs": 3,
          "CarryWeightMaxVs": 6,
          "Kira": 50,
          "Poko": 3
        },
        "OTAYOSHICOOKIEB": {
          "ActorName": "GOtaYoshiCookieB",
          "CarryWeightMin": 3,
          "CarryWeightMax": 6,
          "CarryWeightMinVs": 3,
          "CarryWeightMaxVs": 6,
          "Kira": 50,
          "Poko": 3
        },
        "OTAYOSHICOOKIEC": {
          "ActorName": "GOtaYoshiCookieC",
          "CarryWeightMin": 3,
          "CarryWeightMax": 6,
          "CarryWeightMinVs": 3,
          "CarryWeightMaxVs": 6,
          "Kira": 50,
          "Poko": 3
        },
        "OTAYOSHICOOKIED": {
          "ActorName": "GOtaYoshiCookieD",
          "CarryWeightMin": 3,
          "CarryWeightMax": 6,
          "CarryWeightMinVs": 3,
          "CarryWeightMaxVs": 6,
          "Kira": 50,
          "Poko": 3
        },
        "OTAYOSHICOOKIEE": {
          "ActorName": "GOtaYoshiCookieE",
          "CarryWeightMin": 3,
          "CarryWeightMax": 6,
          "CarryWeightMinVs": 3,
          "CarryWeightMaxVs": 6,
          "Kira": 50,
          "Poko": 3
        },
        "OTAPUZZLEJ": {
          "ActorName": "GOtaPuzzleJ",
          "CarryWeightMin": 2,
          "CarryWeightMax": 4,
          "CarryWeightMinVs": 2,
          "CarryWeightMaxVs": 4,
          "Kira": 50,
          "Poko": 3
        },
        "OTAPUZZLEK": {
          "ActorName": "GOtaPuzzleK",
          "CarryWeightMin": 2,
          "CarryWeightMax": 4,
          "CarryWeightMinVs": 2,
          "CarryWeightMaxVs": 4,
          "Kira": 50,
          "Poko": 3
        },
        "OTAPUZZLEL": {
          "ActorName": "GOtaPuzzleL",
          "CarryWeightMin": 2,
          "CarryWeightMax": 4,
          "CarryWeightMinVs": 2,
          "CarryWeightMaxVs": 4,
          "Kira": 50,
          "Poko": 3
        },
        "OTALIGHTUPRINGRED": {
          "ActorName": "GOtaLightUpRingRED",
          "CarryWeightMin": 3,
          "CarryWeightMax": 6,
          "CarryWeightMinVs": 3,
          "CarryWeightMaxVs": 6,
          "Kira": 130,
          "Poko": 5
        },
        "OTALIGHTUPRINGYEL": {
          "ActorName": "GOtaLightUpRingYEL",
          "CarryWeightMin": 3,
          "CarryWeightMax": 6,
          "CarryWeightMinVs": 3,
          "CarryWeightMaxVs": 6,
          "Kira": 130,
          "Poko": 5
        },
        "OTACARDDENTAKU": {
          "ActorName": "GOtaCardDentaku",
          "CarryWeightMin": 5,
          "CarryWeightMax": 10,
          "CarryWeightMinVs": 5,
          "CarryWeightMaxVs": 10,
          "Kira": 170,
          "Poko": 5
        },
        "OTAKUSHIYAKI": {
          "ActorName": "GOtaKushiyaki",
          "CarryWeightMin": 15,
          "CarryWeightMax": 30,
          "CarryWeightMinVs": 15,
          "CarryWeightMaxVs": 30,
          "Kira": 230,
          "Poko": 15
        },
        "OTAHANAFUDAB": {
          "ActorName": "GOtaHanafudaB",
          "CarryWeightMin": 2,
          "CarryWeightMax": 4,
          "CarryWeightMinVs": 2,
          "CarryWeightMaxVs": 4,
          "Kira": 40,
          "Poko": 2
        },
        "OTAHANAFUDAC": {
          "ActorName": "GOtaHanafudaC",
          "CarryWeightMin": 2,
          "CarryWeightMax": 4,
          "CarryWeightMinVs": 2,
          "CarryWeightMaxVs": 4,
          "Kira": 40,
          "Poko": 2
        },
        "OTAHANAFUDAD": {
          "ActorName": "GOtaHanafudaD",
          "CarryWeightMin": 2,
          "CarryWeightMax": 4,
          "CarryWeightMinVs": 2,
          "CarryWeightMaxVs": 4,
          "Kira": 40,
          "Poko": 2
        },
        "OTAHANAFUDAE": {
          "ActorName": "GOtaHanafudaE",
          "CarryWeightMin": 2,
          "CarryWeightMax": 4,
          "CarryWeightMinVs": 2,
          "CarryWeightMaxVs": 4,
          "Kira": 40,
          "Poko": 2
        },
        "OTADICE4SIDED": {
          "ActorName": "GOtaDice4Sided",
          "CarryWeightMin": 2,
          "CarryWeightMax": 4,
          "CarryWeightMinVs": 2,
          "CarryWeightMaxVs": 4,
          "Kira": 20,
          "Poko": 2
        },
        "KINKAISTATION": {
          "ActorName": "GKinkaiStation",
          "CarryWeightMin": 1,
          "CarryWeightMax": 1,
          "CarryWeightMinVs": 0,
          "CarryWeightMaxVs": 0,
          "Kira": 5,
          "Poko": 0
        },
        "OTAPRETZEL": {
          "ActorName": "GOtaPretzel",
          "CarryWeightMin": 7,
          "CarryWeightMax": 14,
          "CarryWeightMinVs": 7,
          "CarryWeightMaxVs": 14,
          "Kira": 110,
          "Poko": 7
        },
        "OTABANKCARDBLANK2": {
          "ActorName": "GOtaBankCardBlank2",
          "CarryWeightMin": 1,
          "CarryWeightMax": 1,
          "CarryWeightMinVs": 1,
          "CarryWeightMaxVs": 1,
          "Kira": 20,
          "Poko": 1
        },
        "OTAPEANUT": {
          "ActorName": "GOtaPeanut",
          "CarryWeightMin": 2,
          "CarryWeightMax": 4,
          "CarryWeightMinVs": 2,
          "CarryWeightMaxVs": 4,
          "Kira": 30,
          "Poko": 2
        },
        "OTAEGGPLANT": {
          "ActorName": "GOtaEggplant",
          "CarryWeightMin": 5,
          "CarryWeightMax": 10,
          "CarryWeightMinVs": 5,
          "CarryWeightMaxVs": 10,
          "Kira": 80,
          "Poko": 5
        },
        "OTAFEEDDISH": {
          "ActorName": "GOtaFeeddish",
          "CarryWeightMin": 12,
          "CarryWeightMax": 24,
          "CarryWeightMinVs": 12,
          "CarryWeightMaxVs": 24,
          "Kira": 180,
          "Poko": 12
        },
        "OTAPHOTOFRAME": {
          "ActorName": "GOtaPhotoframe",
          "CarryWeightMin": 20,
          "CarryWeightMax": 40,
          "CarryWeightMinVs": 20,
          "CarryWeightMaxVs": 40,
          "Kira": 200,
          "Poko": 20
        },
        "OTACOLLAR": {
          "ActorName": "GOtaCollar",
          "CarryWeightMin": 12,
          "CarryWeightMax": 24,
          "CarryWeightMinVs": 12,
          "CarryWeightMaxVs": 24,
          "Kira": 80,
          "Poko": 5
        },
        "OTAWAFFLE": {
          "ActorName": "GOtaWaffle",
          "CarryWeightMin": 7,
          "CarryWeightMax": 14,
          "CarryWeightMinVs": 7,
          "CarryWeightMaxVs": 14,
          "Kira": 110,
          "Poko": 7
        },
        "OTARAILWAYLINEUNI": {
          "ActorName": "GOtaRailwayLineUNI",
          "CarryWeightMin": 10,
          "CarryWeightMax": 20,
          "CarryWeightMinVs": 10,
          "CarryWeightMaxVs": 20,
          "Kira": 90,
          "Poko": 10
        },
        "OTAPUZZLEUNI": {
          "ActorName": "GOtaPuzzleUNI",
          "CarryWeightMin": 10,
          "CarryWeightMax": 20,
          "CarryWeightMinVs": 10,
          "CarryWeightMaxVs": 20,
          "Kira": 90,
          "Poko": 10
        },
        "OTAMACARONA": {
          "ActorName": "GOtaMacaronA",
          "CarryWeightMin": 3,
          "CarryWeightMax": 6,
          "CarryWeightMinVs": 3,
          "CarryWeightMaxVs": 6,
          "Kira": 40,
          "Poko": 3
        },
        "OTAMACARONB": {
          "ActorName": "GOtaMacaronB",
          "CarryWeightMin": 3,
          "CarryWeightMax": 6,
          "CarryWeightMinVs": 3,
          "CarryWeightMaxVs": 6,
          "Kira": 40,
          "Poko": 3
        },
        "OTAMACARONC": {
          "ActorName": "GOtaMacaronC",
          "CarryWeightMin": 3,
          "CarryWeightMax": 6,
          "CarryWeightMinVs": 3,
          "CarryWeightMaxVs": 6,
          "Kira": 40,
          "Poko": 3
        },
        "OTAGBASPUNI": {
          "ActorName": "GOtaGBASPUNI",
          "CarryWeightMin": 10,
          "CarryWeightMax": 20,
          "CarryWeightMinVs": 10,
          "CarryWeightMaxVs": 20,
          "Kira": 90,
          "Poko": 10
        },
        "OTAGBMICROUNI": {
          "ActorName": "GOtaGBMicroUNI",
          "CarryWeightMin": 10,
          "CarryWeightMax": 20,
          "CarryWeightMinVs": 10,
          "CarryWeightMaxVs": 20,
          "Kira": 90,
          "Poko": 10
        },
        "OTAMATDOLLSUNI": {
          "ActorName": "GOtaMatDollSUNI",
          "CarryWeightMin": 10,
          "CarryWeightMax": 20,
          "CarryWeightMinVs": 10,
          "CarryWeightMaxVs": 20,
          "Kira": 90,
          "Poko": 10
        },
        "OTAMATDOLLMUNI": {
          "ActorName": "GOtaMatDollMUNI",
          "CarryWeightMin": 10,
          "CarryWeightMax": 20,
          "CarryWeightMinVs": 10,
          "CarryWeightMaxVs": 20,
          "Kira": 90,
          "Poko": 10
        },
        "OTAMATDOLLLUNI": {
          "ActorName": "GOtaMatDollLUNI",
          "CarryWeightMin": 10,
          "CarryWeightMax": 20,
          "CarryWeightMinVs": 10,
          "CarryWeightMaxVs": 20,
          "Kira": 90,
          "Poko": 10
        }
      }
    }
  ],
  "Extra": {
    "BlobOfData": "00000000020000000000000000000000000000000100000000000000",
    "ExInitialHeader": {
      "FMappedNameName": 0,
      "FMappedNameSource": 0,
      "PackageFlags": 2147483648,
      "CookedHeaderSize": 13099,
      "NameMapOffset": 64,
      "NameMapSize": 8498,
      "NameMapHashesOffset": 8568,
      "NameMapHashesSize": 4744,
      "ImportMapOffset": 13312,
      "ExportMapOffset": 13352,
      "ExportBundlesOffset": 13424,
      "GraphDataOffset": 13448,
      "GraphDataSize": 4
    },
    "ExNameMap": [
      "/Game/Carrot4/Core/GActor/DT_OtakaraParameter",
      "/Script/Carrot4",
      "/Script/CoreUObject",
      "/Script/Engine",
      "ActorName",
      "CarryWeightMax",
      "CarryWeightMaxVs",
      "CarryWeightMin",
      "CarryWeightMinVs",
      "Class",
      "DataTable",
      "Default__DataTable",
      "DT_OtakaraParameter",
      "GKinkaiStation",
      "GOta3DMegane",
      "GOtaAmmolite",
      "GOtaApricot",
      "GOtaAvocado",
      "GOtaBanana",
      "GOtaBankCardA",
      "GOtaBankCardB",
      "GOtaBankCardBlank",
      "GOtaBankCardBlank2",
      "GOtaBankCardC",
      "GOtaBankCardD",
      "GOtaBankCardE",
      "GOtaBankCardF",
      "GOtaBilliardBall1",
      "GOtaBilliardBall2",
      "GOtaBilliardBall3",
      "GOtaBilliardBall4",
      "GOtaBilliardBall5",
      "GOtaBilliardBall6",
      "GOtaBilliardBall7",
      "GOtaBilliardBall8",
      "GOtaBilliardBall9",
      "GOtaBilliardBallCue",
      "GOtaBiwa",
      "GOtaBoardEraser",
      "GOtaBoat",
      "GOtaBottle",
      "GOtaBrushA",
      "GOtaBrushB",
      "GOtaButtonMetal",
      "GOtaButtonPlastic",
      "GOtaButtonWood",
      "GOtaCandle",
      "GOtaCandyStick",
      "GOtaCardDentaku",
      "GOtaCasinoChip1",
      "GOtaCasinoChip10",
      "GOtaCasinoChip100",
      "GOtaCasinoChip25",
      "GOtaCasinoChip50",
      "GOtaCastanets",
      "GOtaCherry",
      "GOtaCollar",
      "GOtaCompass",
      "GOtaCounter",
      "GOtaCroissant",
      "GOtaDarts",
      "GOtaDaruma",
      "GOtaDekopon",
      "GOtaDentaku",
      "GOtaDice12",
      "GOtaDice20",
      "GOtaDice4Sided",
      "GOtaDice6WHT",
      "GOtaDisc",
      "GOtaDoguHead",
      "GOtaDragonFruit",
      "GOtaDuckB",
      "GOtaDuckL",
      "GOtaDuckM",
      "GOtaDuckS",
      "GOtaEclair",
      "GOtaEffectsUnit",
      "GOtaEggplant",
      "GOtaEngageRing",
      "GOtaFeeddish",
      "GOtaFieldGlass",
      "GOtaFingerBoard",
      "GOtaFishCruet",
      "GOtaFruitsPickBLU",
      "GOtaFruitsPickGRN",
      "GOtaFruitsPickORN",
      "GOtaFruitsPickPNK",
      "GOtaFruitsPickYEL",
      "GOtaGamaguchi",
      "GOtaGaragara",
      "GOtaGBARomBLK",
      "GOtaGBARomYEL",
      "GOtaGBASP",
      "GOtaGBASPUNI",
      "GOtaGBMicroFC",
      "GOtaGBMicroUNI",
      "GOtaGCConWb",
      "GOtaGoddess",
      "GOtaGoldBar",
      "GOtaGoldfish",
      "GOtaGolfBall",
      "GOtaGrape",
      "GOtaGrapefruit",
      "GOtaGripper",
      "GOtaHairPin",
      "GOtaHam",
      "GOtaHanafudaA",
      "GOtaHanafudaB",
      "GOtaHanafudaC",
      "GOtaHanafudaD",
      "GOtaHanafudaE",
      "GOtaHandbell",
      "GOtaHandSpinner",
      "GOtaHardBall",
      "GOtaHarmonica",
      "GOtaHeroPartsA",
      "GOtaHeroPartsAA",
      "GOtaHeroPartsAB",
      "GOtaHeroPartsAC",
      "GOtaHeroPartsAD",
      "GOtaHeroPartsB",
      "GOtaHeroPartsC",
      "GOtaHeroPartsD",
      "GOtaHeroPartsE",
      "GOtaHeroPartsF",
      "GOtaHeroPartsG",
      "GOtaHeroPartsH",
      "GOtaHeroPartsI",
      "GOtaHeroPartsJ",
      "GOtaHeroPartsK",
      "GOtaHeroPartsL",
      "GOtaHeroPartsM",
      "GOtaHeroPartsN",
      "GOtaHeroPartsO",
      "GOtaHeroPartsP",
      "GOtaHeroPartsQ",
      "GOtaHeroPartsR",
      "GOtaHeroPartsS",
      "GOtaHeroPartsT",
      "GOtaHeroPartsU",
      "GOtaHeroPartsV",
      "GOtaHeroPartsW",
      "GOtaHeroPartsX",
      "GOtaHeroPartsY",
      "GOtaHeroPartsZ",
      "GOtaHimeFork",
      "GOtaHornBell",
      "GOtaIcePick",
      "GOtaIchigo",
      "GOtaIchijiku",
      "GOtaIsobeyaki",
      "GOtaJamIchigo",
      "GOtaJoyConL",
      "GOtaJoyConR",
      "GOtaKaki",
      "GOtaKendamaA",
      "GOtaKendamaB",
      "GOtaKendamaUNI",
      "GOtaKiwi",
      "GOtaKiwiGLD",
      "GOtaKushiyaki",
      "GOtaLaFrance",
      "GOtaLemon",
      "GOtaLightUpRingBLU",
      "GOtaLightUpRingRED",
      "GOtaLightUpRingYEL",
      "GOtaLime",
      "GOtaLoupe",
      "GOtaMacaronA",
      "GOtaMacaronB",
      "GOtaMacaronC",
      "GOtaManekiNeko",
      "GOtaMango",
      "GOtaMangosteen",
      "GOtaMask",
      "GOtaMatDollLA",
      "GOtaMatDollLB",
      "GOtaMatDollLUNI",
      "GOtaMatDollMA",
      "GOtaMatDollMB",
      "GOtaMatDollMUNI",
      "GOtaMatDollSA",
      "GOtaMatDollSB",
      "GOtaMatDollSUNI",
      "GOtaMelon",
      "GOtaMikan",
      "GOtaMoai",
      "GOtaMuscat",
      "GOtaMusicBoxA",
      "GOtaMusicBoxB",
      "GOtaMusicBoxC",
      "GOtaNashi",
      "GOtaNESClassicMini",
      "GOtaOcarinaBRN",
      "GOtaOshaburiBLU",
      "GOtaPadlock",
      "GOtaPaintsAQU",
      "GOtaPaintsBLK",
      "GOtaPaintsBLU",
      "GOtaPaintsGRN",
      "GOtaPaintsPNK",
      "GOtaPaintsPPL",
      "GOtaPaintsRED",
      "GOtaPaintsWHT",
      "GOtaPaintsYEL",
      "GOtaPapaya",
      "GOtaPaperballoon",
      "GOtaPaperCraneBLU",
      "GOtaPaperCraneGLD",
      "GOtaPaperCraneRED",
      "GOtaPeach",
      "GOtaPeanut",
      "GOtaPhotoframe",
      "GOtaPinBadgeA",
      "GOtaPinBadgeB",
      "GOtaPinBadgeC",
      "GOtaPinBadgeD",
      "GOtaPinBadgeE",
      "GOtaPlum",
      "GOtaPocketWatch",
      "GOtaPotato",
      "GOtaPretzel",
      "GOtaPudding",
      "GOtaPumpkin",
      "GOtaPuzzleA",
      "GOtaPuzzleB",
      "GOtaPuzzleC",
      "GOtaPuzzleD",
      "GOtaPuzzleE",
      "GOtaPuzzleF",
      "GOtaPuzzleG",
      "GOtaPuzzleH",
      "GOtaPuzzleI",
      "GOtaPuzzleJ",
      "GOtaPuzzleK",
      "GOtaPuzzleL",
      "GOtaPuzzleUNI",
      "GOtaRailwayLineA",
      "GOtaRailwayLineB",
      "GOtaRailwayLineC",
      "GOtaRailwayLineD",
      "GOtaRailwayLineE",
      "GOtaRailwayLineUNI",
      "GOtaRappa",
      "GOtaRaspberry",
      "GOtaRingo",
      "GOtaRingPop",
      "GOtaRoboBody",
      "GOtaRoboHandL",
      "GOtaRoboHandR",
      "GOtaRoboHead",
      "GOtaRoboLegL",
      "GOtaRoboLegR",
      "GOtaRoboUNI",
      "GOtaRodan",
      "GOtaSFCMouse",
      "GOtaShinjitsu",
      "GOtaShutterGlasses",
      "GOtaSmallBell",
      "GOtaSpeaker",
      "GOtaSpongeA",
      "GOtaSpongeB",
      "GOtaSpongeC",
      "GOtaSqueezer",
      "GOtaStarFruit",
      "GOtaSushiEbi",
      "GOtaSushiMaguro",
      "GOtaSushiTamago",
      "GOtaSweetPotato",
      "GOtaTakenoko",
      "GOtaTakoWiener",
      "GOtaTennisBall",
      "GOtaThermometer",
      "GOtaTomatoM",
      "GOtaTomatoS",
      "GOtaToothModel",
      "GOtaTrainA",
      "GOtaTrainB",
      "GOtaTrainC",
      "GOtaTrilobite",
      "GOtaVenus",
      "GOtaVSGLD",
      "GOtaWaffle",
      "GOtaWaterMelon",
      "GOtaWhistle",
      "GOtaYamashinju",
      "GOtaYoshiCookieA",
      "GOtaYoshiCookieB",
      "GOtaYoshiCookieC",
      "GOtaYoshiCookieD",
      "GOtaYoshiCookieE",
      "GOtaZucchini",
      "GVSDropStar",
      "GVSDropStarL",
      "GVSDropStarM",
      "GVSDropStarS",
      "GVSSPBomb",
      "IntProperty",
      "KINKAISTATION",
      "Kira",
      "NameProperty",
      "None",
      "ObjectProperty",
      "OTA3DMEGANE",
      "OTAAMMOLITE",
      "OTAAPRICOT",
      "OTAAVOCADO",
      "OTABANANA",
      "OTABANKCARDA",
      "OTABANKCARDB",
      "OTABANKCARDBLANK",
      "OTABANKCARDBLANK2",
      "OTABANKCARDC",
      "OTABANKCARDD",
      "OTABANKCARDE",
      "OTABANKCARDF",
      "OTABILLIARDBALL1",
      "OTABILLIARDBALL2",
      "OTABILLIARDBALL3",
      "OTABILLIARDBALL4",
      "OTABILLIARDBALL5",
      "OTABILLIARDBALL6",
      "OTABILLIARDBALL7",
      "OTABILLIARDBALL8",
      "OTABILLIARDBALL9",
      "OTABILLIARDBALLCUE",
      "OTABIWA",
      "OTABOARDERASER",
      "OTABOAT",
      "OTABOTTLE",
      "OTABRUSHA",
      "OTABRUSHB",
      "OTABUTTONMETAL",
      "OTABUTTONPLASTIC",
      "OTABUTTONWOOD",
      "OTACANDLE",
      "OTACANDYSTICK",
      "OTACARDDENTAKU",
      "OTACASINOCHIP1",
      "OTACASINOCHIP10",
      "OTACASINOCHIP100",
      "OTACASINOCHIP25",
      "OTACASINOCHIP50",
      "OTACASTANETS",
      "OTACHERRY",
      "OTACOLLAR",
      "OTACOMPASS",
      "OTACOUNTER",
      "OTACROISSANT",
      "OTADARTS",
      "OTADARUMA",
      "OTADEKOPON",
      "OTADENTAKU",
      "OTADICE12",
      "OTADICE20",
      "OTADICE4SIDED",
      "OTADICE6WHT",
      "OTADISC",
      "OTADOGUHEAD",
      "OTADRAGONFRUIT",
      "OTADUCKB",
      "OTADUCKL",
      "OTADUCKM",
      "OTADUCKS",
      "OTAECLAIR",
      "OTAEFFECTSUNIT",
      "OTAEGGPLANT",
      "OTAENGAGERING",
      "OTAFEEDDISH",
      "OTAFIELDGLASS",
      "OTAFINGERBOARD",
      "OTAFISHCRUET",
      "OTAFRUITSPICKBLU",
      "OTAFRUITSPICKGRN",
      "OTAFRUITSPICKORN",
      "OTAFRUITSPICKPNK",
      "OTAFRUITSPICKYEL",
      "OTAGAMAGUCHI",
      "OTAGARAGARA",
      "OTAGBAROMBLK",
      "OTAGBAROMYEL",
      "OTAGBASP",
      "OTAGBASPUNI",
      "OTAGBMICROFC",
      "OTAGBMICROUNI",
      "OTAGCCONWB",
      "OTAGODDESS",
      "OTAGOLDBAR",
      "OTAGOLDFISH",
      "OTAGOLFBALL",
      "OTAGRAPE",
      "OTAGRAPEFRUIT",
      "OTAGRIPPER",
      "OTAHAIRPIN",
      "OTAHAM",
      "OTAHANAFUDAA",
      "OTAHANAFUDAB",
      "OTAHANAFUDAC",
      "OTAHANAFUDAD",
      "OTAHANAFUDAE",
      "OTAHANDBELL",
      "OTAHANDSPINNER",
      "OTAHARDBALL",
      "OTAHARMONICA",
      "OTAHEROPARTSA",
      "OTAHEROPARTSAA",
      "OTAHEROPARTSAB",
      "OTAHEROPARTSAC",
      "OTAHEROPARTSAD",
      "OTAHEROPARTSB",
      "OTAHEROPARTSC",
      "OTAHEROPARTSD",
      "OTAHEROPARTSE",
      "OTAHEROPARTSF",
      "OTAHEROPARTSG",
      "OTAHEROPARTSH",
      "OTAHEROPARTSI",
      "OTAHEROPARTSJ",
      "OTAHEROPARTSK",
      "OTAHEROPARTSL",
      "OTAHEROPARTSM",
      "OTAHEROPARTSN",
      "OTAHEROPARTSO",
      "OTAHEROPARTSP",
      "OTAHEROPARTSQ",
      "OTAHEROPARTSR",
      "OTAHEROPARTSS",
      "OTAHEROPARTST",
      "OTAHEROPARTSU",
      "OTAHEROPARTSV",
      "OTAHEROPARTSW",
      "OTAHEROPARTSX",
      "OTAHEROPARTSY",
      "OTAHEROPARTSZ",
      "OTAHIMEFORK",
      "OTAHORNBELL",
      "OTAICEPICK",
      "OTAICHIGO",
      "OTAICHIJIKU",
      "OTAISOBEYAKI",
      "OTAJAMICHIGO",
      "OTAJOYCONL",
      "OTAJOYCONR",
      "OTAKAKI",
      "OtakaraParameterTableRow",
      "OTAKENDAMAA",
      "OTAKENDAMAB",
      "OTAKENDAMAUNI",
      "OTAKIWI",
      "OTAKIWIGLD",
      "OTAKUSHIYAKI",
      "OTALAFRANCE",
      "OTALEMON",
      "OTALIGHTUPRINGBLU",
      "OTALIGHTUPRINGRED",
      "OTALIGHTUPRINGYEL",
      "OTALIME",
      "OTALOUPE",
      "OTAMACARONA",
      "OTAMACARONB",
      "OTAMACARONC",
      "OTAMANEKINEKO",
      "OTAMANGO",
      "OTAMANGOSTEEN",
      "OTAMASK",
      "OTAMATDOLLLA",
      "OTAMATDOLLLB",
      "OTAMATDOLLLUNI",
      "OTAMATDOLLMA",
      "OTAMATDOLLMB",
      "OTAMATDOLLMUNI",
      "OTAMATDOLLSA",
      "OTAMATDOLLSB",
      "OTAMATDOLLSUNI",
      "OTAMELON",
      "OTAMIKAN",
      "OTAMOAI",
      "OTAMUSCAT",
      "OTAMUSICBOXA",
      "OTAMUSICBOXB",
      "OTAMUSICBOXC",
      "OTANASHI",
      "OTANESCLASSICMINI",
      "OTAOCARINABRN",
      "OTAOSHABURIBLU",
      "OTAPADLOCK",
      "OTAPAINTSAQU",
      "OTAPAINTSBLK",
      "OTAPAINTSBLU",
      "OTAPAINTSGRN",
      "OTAPAINTSPNK",
      "OTAPAINTSPPL",
      "OTAPAINTSRED",
      "OTAPAINTSWHT",
      "OTAPAINTSYEL",
      "OTAPAPAYA",
      "OTAPAPERBALLOON",
      "OTAPAPERCRANEBLU",
      "OTAPAPERCRANEGLD",
      "OTAPAPERCRANERED",
      "OTAPEACH",
      "OTAPEANUT",
      "OTAPHOTOFRAME",
      "OTAPINBADGEA",
      "OTAPINBADGEB",
      "OTAPINBADGEC",
      "OTAPINBADGED",
      "OTAPINBADGEE",
      "OTAPLUM",
      "OTAPOCKETWATCH",
      "OTAPOTATO",
      "OTAPRETZEL",
      "OTAPUDDING",
      "OTAPUMPKIN",
      "OTAPUZZLEA",
      "OTAPUZZLEB",
      "OTAPUZZLEC",
      "OTAPUZZLED",
      "OTAPUZZLEE",
      "OTAPUZZLEF",
      "OTAPUZZLEG",
      "OTAPUZZLEH",
      "OTAPUZZLEI",
      "OTAPUZZLEJ",
      "OTAPUZZLEK",
      "OTAPUZZLEL",
      "OTAPUZZLEUNI",
      "OTARAILWAYLINEA",
      "OTARAILWAYLINEB",
      "OTARAILWAYLINEC",
      "OTARAILWAYLINED",
      "OTARAILWAYLINEE",
      "OTARAILWAYLINEUNI",
      "OTARAPPA",
      "OTARASPBERRY",
      "OTARINGO",
      "OTARINGPOP",
      "OTAROBOBODY",
      "OTAROBOHANDL",
      "OTAROBOHANDR",
      "OTAROBOHEAD",
      "OTAROBOLEGL",
      "OTAROBOLEGR",
      "OTAROBOUNI",
      "OTARODAN",
      "OTASFCMOUSE",
      "OTASHINJITSU",
      "OTASHUTTERGLASSES",
      "OTASMALLBELL",
      "OTASPEAKER",
      "OTASPONGEA",
      "OTASPONGEB",
      "OTASPONGEC",
      "OTASQUEEZER",
      "OTASTARFRUIT",
      "OTASUSHIEBI",
      "OTASUSHIMAGURO",
      "OTASUSHITAMAGO",
      "OTASWEETPOTATO",
      "OTATAKENOKO",
      "OTATAKOWIENER",
      "OTATENNISBALL",
      "OTATHERMOMETER",
      "OTATOMATOM",
      "OTATOMATOS",
      "OTATOOTHMODEL",
      "OTATRAINA",
      "OTATRAINB",
      "OTATRAINC",
      "OTATRILOBITE",
      "OTAVENUS",
      "OTAVSGLD",
      "OTAWAFFLE",
      "OTAWATERMELON",
      "OTAWHISTLE",
      "OTAYAMASHINJU",
      "OTAYOSHICOOKIEA",
      "OTAYOSHICOOKIEB",
      "OTAYOSHICOOKIEC",
      "OTAYOSHICOOKIED",
      "OTAYOSHICOOKIEE",
      "OTAZUCCHINI",
      "Package",
      "Poko",
      "RowStruct",
      "ScriptStruct",
      "UInt32Property",
      "VSDROPSTAR",
      "VSDROPSTARL",
      "VSDROPSTARM",
      "VSDROPSTARS",
      "VSSPBOMB"
    ],
    "ExImports": [
      8206203013534831085,
      6350756229154467085,
      5298630410394656126,
      5885306222398933282,
      4760622626464911263
    ],
    "ExExports": [
      {
        "CookedSerialOffset": 13099,
        "CookedSerialSize": 63377,
        "ObjectName": "DT_OtakaraParameter",
        "OuterIndex": 18446744073709551615,
        "ClassIndex": 8206203013534831085,
        "SuperIndex": 18446744073709551615,
        "GlobalImportIndex": 6350756229154467085,
        "PublicExportHash": 12513582701574736915,
        "UnknownFlags": 11
      }
    ],
    "FileReferences": [
      "/Game/Carrot4/Core/GActor/DT_OtakaraParameter",
      "DT_OtakaraParameter"
    ]
  }
}