{
  "Content": [
    {
      "RowStruct": {
        "ObjectName": "OrimaEquipParameter",
        "ObjectPath": "/Script/Carrot4"
      }
    },
    {
      "Rows": {
        "0": {
          "BoostAntenna1": 1.25,
          "SensorRadius1": 2100.0,
          "BoostAntenna2": 1.5,
          "SensorRadius2": 2600.0,
          "BoostAntenna3": 2.0,
          "SensorRadius3": 3600.0,
          "VitalSystem1": 1.25,
          "VitalSystem2": 1.5,
          "VitalSystem3": 2.0,
          "MetalSystem1": 0.75,
          "MetalSystem2": 0.5,
          "MetalSystem3": 0.25,
          "DashBoots1": 1.3,
          "DashBoots2": 1.3,
          "DashBoots3": 1.3,
          "HeadLampNoneIntensity": 2.0,
          "HeadLampNoneAttenuationRadius": 100.0,
          "HeadLampNoneLightFalloffExponent": 1.0,
          "HeadLamp1Intensity": 2.0,
          "HeadLamp1AttenuationRadius": 400.0,
          "HeadLamp1LightFalloffExponent": 1.5,
          "HeadLamp2Intensity": 2.0,
          "HeadLamp2AttenuationRadius": 2000.0,
          "HeadLamp2LightFalloffExponent": 2.0,
          "RecoveryKitRate": 1.0,
          "RecoveryKitInvincibleTime": 2.0
        }
      }
    }
  ],
  "Extra": {
    "BlobOfData": "00000000020000000000000000000000000000000100000000000000",
    "ExInitialHeader": {
      "FMappedNameName": 0,
      "FMappedNameSource": 0,
      "PackageFlags": 2147483648,
      "CookedHeaderSize": 1512,
      "NameMapOffset": 64,
      "NameMapSize": 761,
      "NameMapHashesOffset": 832,
      "NameMapHashesSize": 344,
      "ImportMapOffset": 1176,
      "ExportMapOffset": 1216,
      "ExportBundlesOffset": 1288,
      "GraphDataOffset": 1312,
      "GraphDataSize": 4
    },
    "ExNameMap": [
      "/Game/Carrot4/Core/GActor/DT_OrimaEquipParameter",
      "/Script/Carrot4",
      "/Script/CoreUObject",
      "/Script/Engine",
      "0",
      "BoostAntenna1",
      "BoostAntenna2",
      "BoostAntenna3",
      "Class",
      "DashBoots1",
      "DashBoots2",
      "DashBoots3",
      "DataTable",
      "Default__DataTable",
      "DT_OrimaEquipParameter",
      "FloatProperty",
      "HeadLamp1AttenuationRadius",
      "HeadLamp1Intensity",
      "HeadLamp1LightFalloffExponent",
      "HeadLamp2AttenuationRadius",
      "HeadLamp2Intensity",
      "HeadLamp2LightFalloffExponent",
      "HeadLampNoneAttenuationRadius",
      "HeadLampNoneIntensity",
      "HeadLampNoneLightFalloffExponent",
      "MetalSystem1",
      "MetalSystem2",
      "MetalSystem3",
      "None",
      "ObjectProperty",
      "OrimaEquipParameter",
      "Package",
      "RecoveryKitInvincibleTime",
      "RecoveryKitRate",
      "RowStruct",
      "ScriptStruct",
      "SensorRadius1",
      "SensorRadius2",
      "SensorRadius3",
      "VitalSystem1",
      "VitalSystem2",
      "VitalSystem3"
    ],
    "ExImports": [
      8206203013534831085,
      6350756229154467085,
      5298630410394656126,
      5885306222398933282,
      8152898828385977658
    ],
    "ExExports": [
      {
        "CookedSerialOffset": 1512,
        "CookedSerialSize": 815,
        "ObjectName": "DT_OrimaEquipParameter",
        "OuterIndex": 18446744073709551615,
        "ClassIndex": 8206203013534831085,
        "SuperIndex": 18446744073709551615,
        "GlobalImportIndex": 6350756229154467085,
        "PublicExportHash": 9402304927601153330,
        "UnknownFlags": 11
      }
    ],
    "FileReferences": [
      "/Game/Carrot4/Core/GActor/DT_OrimaEquipParameter",
      "DT_OrimaEquipParameter"
    ]
  }
}