{
  "Content": [
    {
      "RowStruct": {
        "ObjectName": "PikminPropety",
        "ObjectPath": "/Script/Carrot4"
      }
    },
    {
      "Rows": {
        "Red": {
          "PikminColor": "EPikminColor::Red",
          "LeafSpeed": 140.0,
          "BudSpeed": 170.0,
          "FlowerSpeed": 200.0,
          "DopeSpeed": 220.0
        },
        "Blue": {
          "PikminColor": "EPikminColor::Blue",
          "LeafSpeed": 140.0,
          "BudSpeed": 170.0,
          "FlowerSpeed": 200.0,
          "DopeSpeed": 220.0
        },
        "Yellow": {
          "PikminColor": "EPikminColor::Yellow",
          "LeafSpeed": 140.0,
          "BudSpeed": 170.0,
          "FlowerSpeed": 200.0,
          "DopeSpeed": 220.0
        },
        "Rock": {
          "PikminColor": "EPikminColor::Rock",
          "LeafSpeed": 140.0,
          "BudSpeed": 170.0,
          "FlowerSpeed": 200.0,
          "DopeSpeed": 220.0
        },
        "Wing": {
          "PikminColor": "EPikminColor::Wing",
          "LeafSpeed": 140.0,
          "BudSpeed": 170.0,
          "FlowerSpeed": 200.0,
          "DopeSpeed": 220.0
        },
        "Purple": {
          "PikminColor": "EPikminColor::Purple",
          "LeafSpeed": 122.5,
          "BudSpeed": 148.75,
          "FlowerSpeed": 175.0,
          "DopeSpeed": 192.5
        },
        "White": {
          "PikminColor": "EPikminColor::White",
          "LeafSpeed": 168.0,
          "BudSpeed": 204.0,
          "FlowerSpeed": 240.0,
          "DopeSpeed": 264.0
        },
        "Ice": {
          "PikminColor": "EPikminColor::Ice",
          "LeafSpeed": 140.0,
          "BudSpeed": 170.0,
          "FlowerSpeed": 200.0,
          "DopeSpeed": 220.0
        },
        "Bean": {
          "PikminColor": "EPikminColor::Bean",
          "LeafSpeed": 140.0,
          "BudSpeed": 170.0,
          "FlowerSpeed": 200.0,
          "DopeSpeed": 220.0
        },
        "Photon": {
          "PikminColor": "EPikminColor::Photon",
          "LeafSpeed": 140.0,
          "BudSpeed": 170.0,
          "FlowerSpeed": 200.0,
          "DopeSpeed": 220.0
        },
        "Undef": {
          "PikminColor": "EPikminColor::Undef",
          "LeafSpeed": 140.0,
          "BudSpeed": 170.0,
          "FlowerSpeed": 200.0,
          "DopeSpeed": 220.0
        },
        "Ninjin": {
          "PikminColor": "EPikminColor::Ninjin",
          "LeafSpeed": 140.0,
          "BudSpeed": 170.0,
          "FlowerSpeed": 200.0,
          "DopeSpeed": 220.0
        },
        "DrkMinion": {
          "PikminColor": "EPikminColor::DrkMinion",
          "LeafSpeed": 140.0,
          "BudSpeed": 170.0,
          "FlowerSpeed": 200.0,
          "DopeSpeed": 220.0
        }
      }
    }
  ],
  "Extra": {
    "BlobOfData": "00000000020000000000000000000000000000000100000000000000",
    "ExInitialHeader": {
      "FMappedNameName": 0,
      "FMappedNameSource": 0,
      "PackageFlags": 2147483648,
      "CookedHeaderSize": 1485,
      "NameMapOffset": 64,
      "NameMapSize": 692,
      "NameMapHashesOffset": 760,
      "NameMapHashesSize": 392,
      "ImportMapOffset": 1152,
      "ExportMapOffset": 1192,
      "ExportBundlesOffset": 1264,
      "GraphDataOffset": 1288,
      "GraphDataSize": 4
    },
    "ExNameMap": [
      "/Game/Carrot4/Core/GActor/DT_PikminProperty",
      "/Script/Carrot4",
      "/Script/CoreUObject",
      "/Script/Engine",
      "Bean",
      "Blue",
      "BudSpeed",
      "Class",
      "DataTable",
      "Default__DataTable",
      "DopeSpeed",
      "DrkMinion",
      "DT_PikminProperty",
      "EnumProperty",
      "EPikminColor",
      "EPikminColor::Bean",
      "EPikminColor::Blue",
      "EPikminColor::DrkMinion",
      "EPikminColor::Ice",
      "EPikminColor::Ninjin",
      "EPikminColor::Photon",
      "EPikminColor::Purple",
      "EPikminColor::Red",
      "EPikminColor::Rock",
      "EPikminColor::Undef",
      "EPikminColor::White",
      "EPikminColor::Wing",
      "EPikminColor::Yellow",
      "FloatProperty",
      "FlowerSpeed",
      "Ice",
      "LeafSpeed",
      "Ninjin",
      "None",
      "ObjectProperty",
      "Package",
      "Photon",
      "PikminColor",
      "PikminPropety",
      "Purple",
      "Red",
      "Rock",
      "RowStruct",
      "ScriptStruct",
      "Undef",
      "White",
      "Wing",
      "Yellow"
    ],
    "ExImports": [
      8206203013534831085,
      6350756229154467085,
      5298630410394656126,
      5885306222398933282,
      8283802184979715547
    ],
    "ExExports": [
      {
        "CookedSerialOffset": 1485,
        "CookedSerialSize": 2294,
        "ObjectName": "DT_PikminProperty",
        "OuterIndex": 18446744073709551615,
        "ClassIndex": 8206203013534831085,
        "SuperIndex": 18446744073709551615,
        "GlobalImportIndex": 6350756229154467085,
        "PublicExportHash": 13584648615130694660,
        "UnknownFlags": 11
      }
    ],
    "FileReferences": [
      "/Game/Carrot4/Core/GActor/DT_PikminProperty",
      "DT_PikminProperty"
    ]
  }
}