{
  "Content": [
    {
      "RowStruct": {
        "ObjectName": "PikminInsteadItemDropTable",
        "ObjectPath": "/Script/Carrot4"
      }
    },
    {
      "Rows": {
        "Bomb": {
          "BPName": "GBomb",
          "Prob": 1.0
        },
        "IceBomb": {
          "BPName": "GIceBomb",
          "Prob": 1.0
        },
        "HotExtract": {
          "BPName": "GHotExtract",
          "Prob": 5.0
        },
        "Honey": {
          "BPName": "GHoney",
          "Prob": 80.0
        }
      }
    }
  ],
  "Extra": {
    "BlobOfData": "00000000020000000000000000000000000000000100000000000000",
    "ExInitialHeader": {
      "FMappedNameName": 0,
      "FMappedNameSource": 0,
      "PackageFlags": 2147483648,
      "CookedHeaderSize": 1000,
      "NameMapOffset": 64,
      "NameMapSize": 361,
      "NameMapHashesOffset": 432,
      "NameMapHashesSize": 216,
      "ImportMapOffset": 648,
      "ExportMapOffset": 688,
      "ExportBundlesOffset": 760,
      "GraphDataOffset": 784,
      "GraphDataSize": 4
    },
    "ExNameMap": [
      "/Game/Carrot4/Core/GActor/DT_PikminInsteadItem",
      "/Script/Carrot4",
      "/Script/CoreUObject",
      "/Script/Engine",
      "Bomb",
      "BPName",
      "Class",
      "DataTable",
      "Default__DataTable",
      "DT_PikminInsteadItem",
      "FloatProperty",
      "GBomb",
      "GHoney",
      "GHotExtract",
      "GIceBomb",
      "Honey",
      "HotExtract",
      "IceBomb",
      "NameProperty",
      "None",
      "ObjectProperty",
      "Package",
      "PikminInsteadItemDropTable",
      "Prob",
      "RowStruct",
      "ScriptStruct"
    ],
    "ExImports": [
      8206203013534831085,
      6350756229154467085,
      5298630410394656126,
      5885306222398933282,
      8536290198770428996
    ],
    "ExExports": [
      {
        "CookedSerialOffset": 1000,
        "CookedSerialSize": 357,
        "ObjectName": "DT_PikminInsteadItem",
        "OuterIndex": 18446744073709551615,
        "ClassIndex": 8206203013534831085,
        "SuperIndex": 18446744073709551615,
        "GlobalImportIndex": 6350756229154467085,
        "PublicExportHash": 11957632105748836981,
        "UnknownFlags": 11
      }
    ],
    "FileReferences": [
      "/Game/Carrot4/Core/GActor/DT_PikminInsteadItem",
      "DT_PikminInsteadItem"
    ]
  }
}