{
  "Content": [
    {
      "Red": {
        "R": 0.9046609997749329,
        "B": 0.008568000048398972,
        "G": 0.008568000048398972,
        "A": 1.0
      },
      "Yellow": {
        "R": 0.5775799751281738,
        "B": 0.3371640145778656,
        "G": 0.0,
        "A": 1.0
      },
      "Blue": {
        "R": 0.0,
        "B": 0.014444000087678432,
        "G": 0.7454040050506592,
        "A": 1.0
      },
      "Purple": {
        "R": 0.16202899813652039,
        "B": 0.0,
        "G": 0.4341540038585663,
        "A": 1.0
      },
      "White": {
        "R": 0.7379099726676941,
        "B": 0.5972020030021667,
        "G": 0.9215819835662842,
        "A": 1.0
      },
      "Rock": {
        "R": 0.05951099842786789,
        "B": 0.04970699921250343,
        "G": 0.078186996281147,
        "A": 1.0
      },
      "Wing": {
        "R": 1.0,
        "B": 0.07227200269699097,
        "G": 0.46778398752212524,
        "A": 1.0
      },
      "Ice": {
        "R": 0.14000000059604645,
        "B": 0.4266670048236847,
        "G": 1.0,
        "A": 1.0
      },
      "Undef": {
        "R": 0.5,
        "B": 0.5,
        "G": 0.5,
        "A": 1.0
      },
      "TeamA": {
        "R": 0.0,
        "B": 0.2666670083999634,
        "G": 0.4000000059604645,
        "A": 1.0
      },
      "TeamB": {
        "R": 0.699999988079071,
        "B": 0.0,
        "G": 0.12833300232887268,
        "A": 1.0
      }
    }
  ],
  "Extra": {
    "BlobOfData": "00000000020000000000000000000000000000000100000000000000",
    "ExInitialHeader": {
      "FMappedNameName": 0,
      "FMappedNameSource": 0,
      "PackageFlags": 2147483648,
      "CookedHeaderSize": 809,
      "NameMapOffset": 64,
      "NameMapSize": 258,
      "NameMapHashesOffset": 328,
      "NameMapHashesSize": 184,
      "ImportMapOffset": 512,
      "ExportMapOffset": 536,
      "ExportBundlesOffset": 608,
      "GraphDataOffset": 632,
      "GraphDataSize": 4
    },
    "ExNameMap": [
      "/Game/Carrot4/Core/GActor/OC_OnyonColor",
      "/Script/Carrot4",
      "/Script/CoreUObject",
      "Blue",
      "Class",
      "Default__OnyonColorData",
      "Ice",
      "LinearColor",
      "None",
      "OC_OnyonColor",
      "OnyonColorData",
      "Package",
      "Purple",
      "Red",
      "Rock",
      "StructProperty",
      "TeamA",
      "TeamB",
      "Undef",
      "White",
      "Wing",
      "Yellow"
    ],
    "ExImports": [
      6327658686130607031,
      7857569887164501845,
      5298630410394656126
    ],
    "ExExports": [
      {
        "CookedSerialOffset": 809,
        "CookedSerialSize": 727,
        "ObjectName": "OC_OnyonColor",
        "OuterIndex": 18446744073709551615,
        "ClassIndex": 6327658686130607031,
        "SuperIndex": 18446744073709551615,
        "GlobalImportIndex": 7857569887164501845,
        "PublicExportHash": 12244963921826963555,
        "UnknownFlags": 11
      }
    ],
    "FileReferences": [
      "/Game/Carrot4/Core/GActor/OC_OnyonColor",
      "OC_OnyonColor"
    ]
  }
}