{
  "Content": [
    {
      "LeafGreen": {
        "R": 0.0733330026268959,
        "B": 0.20000000298023224,
        "G": 0.009999999776482582,
        "A": 1.0
      },
      "FlowerWhite": {
        "R": 0.6499999761581421,
        "B": 0.6499999761581421,
        "G": 0.6499999761581421,
        "A": 1.0
      },
      "FlowerBluePurple": {
        "R": 0.10499999672174454,
        "B": 0.04374999925494194,
        "G": 0.3499999940395355,
        "A": 1.0
      },
      "FlowerRedPurple": {
        "R": 0.6499999761581421,
        "B": 0.032499998807907104,
        "G": 0.23833300173282623,
        "A": 1.0
      },
      "FlowerYellow": {
        "R": 0.800000011920929,
        "B": 0.4000000059604645,
        "G": 0.0,
        "A": 1.0
      },
      "FlowerPhoton": {
        "R": 1.25,
        "B": 0.5729159712791443,
        "G": 0.0,
        "A": 1.0
      },
      "TeamA": {
        "R": 0.0,
        "B": 0.18333299458026886,
        "G": 0.2750000059604645,
        "A": 1.0
      },
      "TeamB": {
        "R": 0.6000000238418579,
        "B": 0.0,
        "G": 0.10000000149011612,
        "A": 1.0
      },
      "FlowerGekikara": {
        "R": 0.20000000298023224,
        "B": 0.009999999776482582,
        "G": 0.009999999776482582,
        "A": 1.0
      },
      "FlowerPhotonGekikara": {
        "R": 2.25,
        "B": 0.11249999701976776,
        "G": 0.11249999701976776,
        "A": 1.0
      },
      "PhotonEmissiveIntensity": 1.0,
      "EmissiveIntensityGekikara": 1.5
    }
  ],
  "Extra": {
    "BlobOfData": "00000000020000000000000000000000000000000100000000000000",
    "ExInitialHeader": {
      "FMappedNameName": 0,
      "FMappedNameSource": 0,
      "PackageFlags": 2147483648,
      "CookedHeaderSize": 987,
      "NameMapOffset": 64,
      "NameMapSize": 422,
      "NameMapHashesOffset": 488,
      "NameMapHashesSize": 200,
      "ImportMapOffset": 688,
      "ExportMapOffset": 712,
      "ExportBundlesOffset": 784,
      "GraphDataOffset": 808,
      "GraphDataSize": 4
    },
    "ExNameMap": [
      "/Game/Carrot4/Core/GActor/PLC_PikminLeavesColor",
      "/Script/Carrot4",
      "/Script/CoreUObject",
      "Class",
      "Default__PikminLeavesColorData",
      "EmissiveIntensityGekikara",
      "FloatProperty",
      "FlowerBluePurple",
      "FlowerGekikara",
      "FlowerPhoton",
      "FlowerPhotonGekikara",
      "FlowerRedPurple",
      "FlowerWhite",
      "FlowerYellow",
      "LeafGreen",
      "LinearColor",
      "None",
      "Package",
      "PhotonEmissiveIntensity",
      "PikminLeavesColorData",
      "PLC_PikminLeavesColor",
      "StructProperty",
      "TeamA",
      "TeamB"
    ],
    "ExImports": [
      5165626420769238932,
      5298630410394656126,
      6218172083067938011
    ],
    "ExExports": [
      {
        "CookedSerialOffset": 987,
        "CookedSerialSize": 720,
        "ObjectName": "PLC_PikminLeavesColor",
        "OuterIndex": 18446744073709551615,
        "ClassIndex": 5165626420769238932,
        "SuperIndex": 18446744073709551615,
        "GlobalImportIndex": 6218172083067938011,
        "PublicExportHash": 9634022863703620337,
        "UnknownFlags": 11
      }
    ],
    "FileReferences": [
      "/Game/Carrot4/Core/GActor/PLC_PikminLeavesColor",
      "PLC_PikminLeavesColor"
    ]
  }
}