[
  {
    "Type": "BlueprintGeneratedClass",
    "Name": "Cave005_F00_Teki_C",
    "Class": "UScriptClass'BlueprintGeneratedClass'",
    "SuperStruct": {
      "ObjectName": "Class'LevelScriptActor'",
      "ObjectPath": "/Script/Engine"
    },
    "ChildProperties": [
      {
        "Type": "Int64Property",
        "Name": "LatestSerialId",
        "Flags": "RF_Public | RF_LoadCompleted",
        "ElementSize": 8,
        "PropertyFlags": "Edit | BlueprintVisible | DisableEditOnInstance"
      }
    ],
    "ClassFlags": 8653332,
    "ClassWithin": {
      "ObjectName": "Class'Object'",
      "ObjectPath": "/Script/CoreUObject"
    },
    "ClassConfigName": "Engine",
    "bCooked": true,
    "ClassDefaultObject": {
      "ObjectName": "Cave005_F00_Teki_C'Default__Cave005_F00_Teki_C'",
      "ObjectPath": "/Game/Carrot4/Maps/Madori/Cave/Cave005/Cave005_F00/Sublevels/Cave005_F00_Teki.1"
    }
  },
  {
    "Type": "Cave005_F00_Teki_C",
    "Name": "Default__Cave005_F00_Teki_C",
    "Class": "BlueprintGeneratedClass'/Game/Carrot4/Maps/Madori/Cave/Cave005/Cave005_F00/Sublevels/Cave005_F00_Teki.Cave005_F00_Teki_C'",
    "Properties": {
      "LatestSerialId": 16
    }
  },
  {
    "Type": "Cave005_F00_Teki_C",
    "Name": "Cave005_F00_Teki_C_0",
    "Outer": "PersistentLevel",
    "Template": "Default__Cave005_F00_Teki_C",
    "Class": "BlueprintGeneratedClass'/Game/Carrot4/Maps/Madori/Cave/Cave005/Cave005_F00/Sublevels/Cave005_F00_Teki.Cave005_F00_Teki_C'"
  },
  {
    "Type": "GGroupDropManager_C",
    "Name": "GGroupDropManager_2",
    "Outer": "PersistentLevel",
    "Template": "Default__GGroupDropManager_C",
    "Class": "BlueprintGeneratedClass'/Game/Carrot4/Placeables/Gimmicks/GroupDropManager/GGroupDropManager.GGroupDropManager_C'",
    "Properties": {
      "GroupDropManager": {
        "ObjectName": "GroupDropManagerComponent'Cave005_F00_Teki:PersistentLevel.GGroupDropManager_2.GroupDropManager'",
        "ObjectPath": "/Game/Carrot4/Maps/Madori/Cave/Cave005/Cave005_F00/Sublevels/Cave005_F00_Teki.4"
      },
      "DefaultSceneRoot": {
        "ObjectName": "SceneComponent'Cave005_F00_Teki:PersistentLevel.GGroupDropManager_2.DefaultSceneRoot'",
        "ObjectPath": "/Game/Carrot4/Maps/Madori/Cave/Cave005/Cave005_F00/Sublevels/Cave005_F00_Teki.9"
      },
      "GenerateInfo": {
        "DebugUniqueId": 4613093397605908493
      },
      "RootComponent": {
        "ObjectName": "SceneComponent'Cave005_F00_Teki:PersistentLevel.GGroupDropManager_2.DefaultSceneRoot'",
        "ObjectPath": "/Game/Carrot4/Maps/Madori/Cave/Cave005/Cave005_F00/Sublevels/Cave005_F00_Teki.9"
      },
      "BlueprintCreatedComponents": [
        {
          "ObjectName": "SceneComponent'Cave005_F00_Teki:PersistentLevel.GGroupDropManager_2.DefaultSceneRoot'",
          "ObjectPath": "/Game/Carrot4/Maps/Madori/Cave/Cave005/Cave005_F00/Sublevels/Cave005_F00_Teki.9"
        },
        {
          "ObjectName": "GroupDropManagerComponent'Cave005_F00_Teki:PersistentLevel.GGroupDropManager_2.GroupDropManager'",
          "ObjectPath": "/Game/Carrot4/Maps/Madori/Cave/Cave005/Cave005_F00/Sublevels/Cave005_F00_Teki.4"
        }
      ]
    }
  },
  {
    "Type": "GroupDropManagerComponent",
    "Name": "GroupDropManager",
    "Outer": "GGroupDropManager_2",
    "Template": "GroupDropManager_GEN_VARIABLE",
    "Class": "UScriptClass'GroupDropManagerComponent'",
    "Properties": {
      "GroupDropManagerAIParameter": {
        "GroupingRadius": 150.0,
        "DropParameter": {
          "DropItemParameter": [
            {
              "SpawnMiniInfo": {
                "DropActor": {
                  "ObjectName": "BlueprintGeneratedClass'GPiecePick_C'",
                  "ObjectPath": "/Game/Carrot4/Placeables/WorkObjects/Shizai/GPiecePick.0"
                },
                "CustomParameter": "None",
                "CustomFloatParameter": 0.0,
                "GameRulePermissionFlag": 269,
                "bSetTerritory": false,
                "Territory": {
                  "Center": {
                    "X": 0.0,
                    "Y": 0.0,
                    "Z": 0.0
                  },
                  "HalfHeight": 50.0,
                  "Radius": 100.0,
                  "SearchType": "ESearchAreaSearchType::LocationDirZ",
                  "bSearchOuterTerritory": true
                }
              },
              "UniqueId": 18446744073709551615,
              "MinNum": 5,
              "MaxNum": 5,
              "DropRatio": 1.0,
              "bRegistGenerator": false,
              "DropConditions": []
            }
          ],
          "DropActorParameter": {
            "Vel": {
              "X": 0.0,
              "Y": 19.246614,
              "Z": 320.0
            }
          }
        }
      },
      "UCSSerializationIndex": 0,
      "bNetAddressable": true,
      "CreationMethod": "EComponentCreationMethod::SimpleConstructionScript"
    }
  },
  {
    "Type": "Level",
    "Name": "PersistentLevel",
    "Outer": "Cave005_F00_Teki",
    "Class": "UScriptClass'Level'",
    "Properties": {
      "Model": {
        "ObjectName": "Model'Cave005_F00_Teki:PersistentLevel.Model_0'",
        "ObjectPath": "/Game/Carrot4/Maps/Madori/Cave/Cave005/Cave005_F00/Sublevels/Cave005_F00_Teki.6"
      },
      "LevelScriptActor": {
        "ObjectName": "Cave005_F00_Teki_C'Cave005_F00_Teki:PersistentLevel.Cave005_F00_Teki_C_0'",
        "ObjectPath": "/Game/Carrot4/Maps/Madori/Cave/Cave005/Cave005_F00/Sublevels/Cave005_F00_Teki.2"
      },
      "LevelBuildDataId": "FA273DC3-4CFB3C78-0729398A-891A7B6C",
      "MapBuildData": {
        "ObjectName": "MapBuildDataRegistry'Cave005_F00_Teki_BuiltData'",
        "ObjectPath": "/Game/Carrot4/Maps/Madori/Cave/Cave005/Cave005_F00/Sublevels/Cave005_F00_Teki_BuiltData.0"
      },
      "WorldSettings": {
        "ObjectName": "MyWorldSettings'Cave005_F00_Teki:PersistentLevel.MyWorldSettings'",
        "ObjectPath": "/Game/Carrot4/Maps/Madori/Cave/Cave005/Cave005_F00/Sublevels/Cave005_F00_Teki.7"
      }
    },
    "Actors": [
      {
        "ObjectName": "MyWorldSettings'Cave005_F00_Teki:PersistentLevel.MyWorldSettings'",
        "ObjectPath": "/Game/Carrot4/Maps/Madori/Cave/Cave005/Cave005_F00/Sublevels/Cave005_F00_Teki.7"
      },
      null,
      {
        "ObjectName": "GGroupDropManager_C'Cave005_F00_Teki:PersistentLevel.GGroupDropManager_2'",
        "ObjectPath": "/Game/Carrot4/Maps/Madori/Cave/Cave005/Cave005_F00/Sublevels/Cave005_F00_Teki.3"
      },
      {
        "ObjectName": "Cave005_F00_Teki_C'Cave005_F00_Teki:PersistentLevel.Cave005_F00_Teki_C_0'",
        "ObjectPath": "/Game/Carrot4/Maps/Madori/Cave/Cave005/Cave005_F00/Sublevels/Cave005_F00_Teki.2"
      }
    ],
    "URL": {
      "Protocol": "unreal",
      "Host": "",
      "Port": 7777,
      "Valid": true,
      "Map": "/Game/Test/Maps/Check/CheckRomEntry_P",
      "Op": [],
      "Portal": ""
    },
    "Model": {
      "ObjectName": "Model'Cave005_F00_Teki:PersistentLevel.Model_0'",
      "ObjectPath": "/Game/Carrot4/Maps/Madori/Cave/Cave005/Cave005_F00/Sublevels/Cave005_F00_Teki.6"
    },
    "ModelComponents": [],
    "LevelScriptActor": {
      "ObjectName": "Cave005_F00_Teki_C'Cave005_F00_Teki:PersistentLevel.Cave005_F00_Teki_C_0'",
      "ObjectPath": "/Game/Carrot4/Maps/Madori/Cave/Cave005/Cave005_F00/Sublevels/Cave005_F00_Teki.2"
    },
    "NavListStart": null,
    "NavListEnd": null,
    "PrecomputedVisibilityHandler": {
      "PrecomputedVisibilityCellBucketOriginXY": {
        "X": 0.0,
        "Y": 0.0
      },
      "PrecomputedVisibilityCellSizeXY": 0.0,
      "PrecomputedVisibilityCellSizeZ": 0.0,
      "PrecomputedVisibilityCellBucketSizeXY": 0,
      "PrecomputedVisibilityNumCellBuckets": 0,
      "PrecomputedVisibilityCellBuckets": []
    },
    "PrecomputedVolumeDistanceField": {
      "VolumeMaxDistance": 0.0,
      "VolumeBox": {
        "Min": {
          "X": 0.0,
          "Y": 0.0,
          "Z": 0.0
        },
        "Max": {
          "X": 0.0,
          "Y": 0.0,
          "Z": 0.0
        },
        "IsValid": 0
      },
      "VolumeSizeX": 0,
      "VolumeSizeY": 0,
      "VolumeSizeZ": 0,
      "Data": []
    }
  },
  {
    "Type": "Model",
    "Name": "Model_0",
    "Outer": "PersistentLevel",
    "Class": "UScriptClass'Model'",
    "Bounds": {
      "Origin": {
        "X": 0.0,
        "Y": 0.0,
        "Z": 0.0
      },
      "BoxExtent": {
        "X": 0.0,
        "Y": 0.0,
        "Z": 0.0
      },
      "SphereRadius": 0.0
    },
    "Vectors": [],
    "Points": [],
    "Nodes": [],
    "Surfs": [],
    "NumSharedSides": 4,
    "VertexBuffer": {
      "Vertices": []
    },
    "LightingGuid": "D091626F-447E22E7-6E5C9388-5123A68B",
    "LightmassSettings": []
  },
  {
    "Type": "MyWorldSettings",
    "Name": "MyWorldSettings",
    "Outer": "PersistentLevel",
    "Class": "UScriptClass'MyWorldSettings'",
    "Properties": {
      "bEnableNavigationSystem": false,
      "NavigationSystemConfig": {
        "ObjectName": "NavigationSystemModuleConfig'Cave005_F00_Teki:PersistentLevel.MyWorldSettings.NavigationSystemModuleConfig_0'",
        "ObjectPath": "/Game/Carrot4/Maps/Madori/Cave/Cave005/Cave005_F00/Sublevels/Cave005_F00_Teki.8"
      },
      "BookmarkArray": [
        null,
        null,
        null,
        null,
        null,
        null,
        null,
        null,
        null,
        null
      ]
    }
  },
  {
    "Type": "NavigationSystemModuleConfig",
    "Name": "NavigationSystemModuleConfig_0",
    "Outer": "MyWorldSettings",
    "Class": "UScriptClass'NavigationSystemModuleConfig'",
    "Properties": {
      "bStrictlyStatic": true,
      "bAutoSpawnMissingNavData": true,
      "NavigationSystemClass": {
        "AssetPathName": "/Script/Carrot4.CarrotNavigationSystem",
        "SubPathString": ""
      }
    }
  },
  {
    "Type": "SceneComponent",
    "Name": "DefaultSceneRoot",
    "Outer": "GGroupDropManager_2",
    "Template": "DefaultSceneRoot_GEN_VARIABLE",
    "Class": "UScriptClass'SceneComponent'",
    "Properties": {
      "RelativeLocation": {
        "X": -955.7699,
        "Y": 263.71045,
        "Z": 25.000122
      },
      "UCSSerializationIndex": 0,
      "bNetAddressable": true,
      "CreationMethod": "EComponentCreationMethod::SimpleConstructionScript",
      "UCSModifiedProperties": [
        {
          "MemberParent": {
            "ObjectName": "Class'SceneComponent'",
            "ObjectPath": "/Script/Engine"
          },
          "MemberName": "RelativeLocation",
          "MemberGuid": "00000000-00000000-00000000-00000000"
        }
      ]
    }
  },
  {
    "Type": "World",
    "Name": "Cave005_F00_Teki",
    "Class": "UScriptClass'World'",
    "PersistentLevel": {
      "ObjectName": "Level'Cave005_F00_Teki:PersistentLevel'",
      "ObjectPath": "/Game/Carrot4/Maps/Madori/Cave/Cave005/Cave005_F00/Sublevels/Cave005_F00_Teki.5"
    },
    "ExtraReferencedObjects": [],
    "StreamingLevels": []
  }
]