{
  "Content": [
    {
      "ActorGeneratorList": [
        {
          "AssetVersion": 8626647386,
          "GeneratorVersion": 8626647386,
          "GeneratorID": -1,
          "SoftRefActorClass": {
            "AssetPathName": "/Game/Carrot4/Placeables/Pod/GPod.GPod_C",
            "SubPathString": 0
          },
          "ExploreRateType": "EExploreRateTargetType::None",
          "ActorVersion": 1,
          "OutlineFolderPath": "Objects",
          "InitTransform": {
            "Rotation": {
              "X": 0.0,
              "Y": -0.0,
              "Z": 0.9999586939811707,
              "W": 0.009076237678527832
            },
            "Translation": {
              "X": 140.58241271972656,
              "Y": 1067.154541015625,
              "Z": 75.0000991821289
            },
            "Scale3D": {
              "X": 1.0,
              "Y": 1.0,
              "Z": 1.0
            }
          },
          "Transform": {
            "Rotation": {
              "X": 0.0,
              "Y": -0.0,
              "Z": 0.9999586939811707,
              "W": 0.009076237678527832
            },
            "Translation": {
              "X": 140.58241271972656,
              "Y": 1067.154541015625,
              "Z": 75.0000991821289
            },
            "Scale3D": {
              "X": 1.0,
              "Y": 1.0,
              "Z": 1.0
            }
          },
          "GenerateInfo": {
            "EnableSave": true,
            "DebugUniqueId": 17179869193,
            "ActorGlobalId": "None",
            "GenerateNum": 1,
            "GenerateRadius": 300.0,
            "WakeCond": [],
            "bOnceWakeCond": false,
            "SleepCond": [],
            "bNoChkCondWhenDead": false
          },
          "RebirthInfo": {
            "ActivityTime": "EActivityTime::Allday",
            "RebirthType": "ERebirthType::AlwaysRebirth",
            "BirthDay": 0,
            "DeadDay": 0,
            "ExpireDay": 0,
            "CurrNum": 1,
            "ExpireProgress": 0,
            "RebirthInterval": 0,
            "SaveFlag": "EGeneratorActorSaveFlag::FromAsset",
            "MyID": -1,
            "RefID": -1,
            "RebirthInfoFlags": 0,
            "BirthCond": [],
            "bIgnoreFullFillBirthCondWhenFirstAndNightTime": false,
            "EraseCond": []
          },
          "CarriedInfo": {
            "bEnableInitializeLocation": false,
            "InitializeInterval": 0,
            "bEnableCorrectLocation": false,
            "CarriedDay": 0,
            "LastCarriedDay": 0
          },
          "DropActorInfo": {
            "DropOwnerDebugUniqueId": 18446744073709551615,
            "DropIndex": -1,
            "bSalvagedOtakaraIndices": []
          },
          "ActorSerializeParameter": {
            "Hash": {
              "Static": [
                166,
                10,
                188,
                255
              ],
              "Dynamic": []
            },
            "CheckComp": [
              90,
              49,
              48,
              2,
              2,
              0,
              0,
              0,
              1,
              0,
              0,
              0,
              1,
              0,
              0,
              0,
              0,
              0,
              0,
              0,
              0,
              0,
              0,
              0,
              0,
              0,
              0,
              0,
              0,
              0,
              0,
              0,
              0,
              0,
              0,
              0,
              0,
              0,
              0,
              0,
              0,
              0,
              0,
              0,
              0,
              0,
              0,
              0,
              0,
              0,
              0,
              0,
              0,
              0,
              0,
              0,
              0,
              0,
              0,
              0,
              0,
              0,
              0,
              0,
              1,
              0,
              0,
              0,
              0,
              0,
              0,
              0,
              0,
              0,
              0,
              0,
              0,
              0,
              0,
              0,
              1,
              0,
              0,
              0,
              0,
              0,
              0,
              0,
              0,
              0,
              0,
              0
            ],
            "ActorParameter": {
              "Static": [
                5,
                0,
                0,
                0,
                71,
                80,
                111,
                100,
                0,
                0,
                0,
                0,
                0,
                1,
                0,
                0,
                0,
                1,
                0,
                0,
                0,
                5,
                0,
                0,
                0,
                78,
                111,
                110,
                101,
                0,
                5,
                0,
                0,
                0,
                78,
                111,
                110,
                101,
                0,
                0,
                0,
                0,
                0,
                0,
                0,
                128,
                191,
                0,
                0,
                128,
                191,
                1,
                0,
                0,
                0,
                1,
                0,
                0,
                0,
                0,
                0,
                128,
                191
              ],
              "Dynamic": []
            },
            "AI": {
              "Static": [
                0,
                0,
                0,
                0
              ],
              "Dynamic": [
                0,
                0,
                0,
                0,
                0,
                0,
                0,
                0,
                0,
                0,
                0,
                0
              ]
            },
            "SubAI": {
              "Static": [],
              "Dynamic": []
            },
            "Life": {
              "Static": [],
              "Dynamic": []
            },
            "PortalTrigger": {
              "Static": [],
              "Dynamic": []
            },
            "DemoTrigger": {
              "Static": [],
              "Dynamic": []
            },
            "Pikmin": {
              "Static": [],
              "Dynamic": []
            },
            "CharacterEdit": {
              "Static": [],
              "Dynamic": []
            },
            "PopPlace": {
              "Static": [],
              "Dynamic": []
            },
            "Strategy": {
              "Static": [],
              "Dynamic": []
            },
            "CakEmitterConfig": {
              "Static": [
                1,
                0,
                0,
                0,
                1,
                0,
                0,
                0,
                0,
                0,
                0,
                0,
                1,
                0,
                0,
                0,
                0,
                0,
                0,
                0
              ],
              "Dynamic": []
            },
            "CakSimpleState": {
              "Static": [],
              "Dynamic": []
            },
            "CakTrigger": {
              "Static": [],
              "Dynamic": []
            },
            "CakMultiplePosition": {
              "Static": [],
              "Dynamic": []
            },
            "CakAudioTable": {
              "Static": [
                0,
                0,
                0,
                0
              ],
              "Dynamic": []
            },
            "WaterTrigger": {
              "Static": [],
              "Dynamic": []
            },
            "NavMeshTrigger": {
              "Static": [],
              "Dynamic": []
            },
            "Affordance": {
              "Static": [],
              "Dynamic": []
            },
            "HiddenBoxTrigger": {
              "Static": [],
              "Dynamic": []
            },
            "NarrowSpaceBoxTrigger": {
              "Static": [],
              "Dynamic": []
            },
            "WarpTrigger": {
              "Static": [],
              "Dynamic": []
            },
            "ActionMarker": {
              "Static": [],
              "Dynamic": []
            }
          },
          "SubLevelName": "Cave006_F03",
          "TeamId": "ETeamIdEditor::No",
          "GenerateFlags": 0,
          "OriginalPhysicsRadiusZ": 0.0,
          "LastNavPos": {
            "X": 140.58241271972656,
            "Y": 1067.154541015625,
            "Z": 75.0000991821289
          },
          "CarcassFlags": 0,
          "RefOriginalGenID": -1
        },
        {
          "AssetVersion": 8626647386,
          "GeneratorVersion": 8626647386,
          "GeneratorID": -1,
          "SoftRefActorClass": {
            "AssetPathName": "/Game/Carrot4/Placeables/Gimmicks/Portal/GDungeonExit.GDungeonExit_C",
            "SubPathString": 0
          },
          "ExploreRateType": "EExploreRateTargetType::None",
          "ActorVersion": 1,
          "OutlineFolderPath": "Portal",
          "InitTransform": {
            "Rotation": {
              "X": 0.0,
              "Y": -0.0,
              "Z": 0.34013018012046814,
              "W": 0.9403783679008484
            },
            "Translation": {
              "X": 240.87042236328125,
              "Y": -1203.1849365234375,
              "Z": 9.918212890625e-05
            },
            "Scale3D": {
              "X": 1.0,
              "Y": 1.0,
              "Z": 1.0
            }
          },
          "Transform": {
            "Rotation": {
              "X": 0.0,
              "Y": -0.0,
              "Z": 0.34013018012046814,
              "W": 0.9403783679008484
            },
            "Translation": {
              "X": 240.87042236328125,
              "Y": -1203.1849365234375,
              "Z": 9.918212890625e-05
            },
            "Scale3D": {
              "X": 1.0,
              "Y": 1.0,
              "Z": 1.0
            }
          },
          "GenerateInfo": {
            "EnableSave": true,
            "DebugUniqueId": 17179869195,
            "ActorGlobalId": "None",
            "GenerateNum": 1,
            "GenerateRadius": 300.0,
            "WakeCond": [],
            "bOnceWakeCond": false,
            "SleepCond": [],
            "bNoChkCondWhenDead": false
          },
          "RebirthInfo": {
            "ActivityTime": "EActivityTime::Allday",
            "RebirthType": "ERebirthType::AlwaysRebirth",
            "BirthDay": 0,
            "DeadDay": 0,
            "ExpireDay": 0,
            "CurrNum": 1,
            "ExpireProgress": 0,
            "RebirthInterval": 0,
            "SaveFlag": "EGeneratorActorSaveFlag::FromAsset",
            "MyID": -1,
            "RefID": -1,
            "RebirthInfoFlags": 0,
            "BirthCond": [],
            "bIgnoreFullFillBirthCondWhenFirstAndNightTime": false,
            "EraseCond": []
          },
          "CarriedInfo": {
            "bEnableInitializeLocation": false,
            "InitializeInterval": 0,
            "bEnableCorrectLocation": false,
            "CarriedDay": 0,
            "LastCarriedDay": 0
          },
          "DropActorInfo": {
            "DropOwnerDebugUniqueId": 18446744073709551615,
            "DropIndex": -1,
            "bSalvagedOtakaraIndices": []
          },
          "ActorSerializeParameter": {
            "Hash": {
              "Static": [
                119,
                155,
                233,
                109
              ],
              "Dynamic": []
            },
            "CheckComp": [
              90,
              49,
              48,
              2,
              2,
              0,
              0,
              0,
              1,
              0,
              0,
              0,
              1,
              0,
              0,
              0,
              0,
              0,
              0,
              0,
              0,
              0,
              0,
              0,
              0,
              0,
              0,
              0,
              0,
              0,
              0,
              0,
              0,
              0,
              0,
              0,
              1,
              0,
              0,
              0,
              0,
              0,
              0,
              0,
              0,
              0,
              0,
              0,
              0,
              0,
              0,
              0,
              0,
              0,
              0,
              0,
              0,
              0,
              0,
              0,
              0,
              0,
              0,
              0,
              1,
              0,
              0,
              0,
              0,
              0,
              0,
              0,
              0,
              0,
              0,
              0,
              0,
              0,
              0,
              0,
              1,
              0,
              0,
              0,
              0,
              0,
              0,
              0,
              0,
              0,
              0,
              0
            ],
            "ActorParameter": {
              "Static": [
                13,
                0,
                0,
                0,
                71,
                68,
                117,
                110,
                103,
                101,
                111,
                110,
                69,
                120,
                105,
                116,
                0,
                0,
                0,
                0,
                0,
                1,
                0,
                0,
                0,
                1,
                0,
                0,
                0,
                5,
                0,
                0,
                0,
                78,
                111,
                110,
                101,
                0,
                5,
                0,
                0,
                0,
                78,
                111,
                110,
                101,
                0,
                0,
                0,
                0,
                0,
                0,
                0,
                128,
                191,
                0,
                0,
                128,
                191,
                1,
                0,
                0,
                0,
                1,
                0,
                0,
                0,
                0,
                0,
                128,
                191
              ],
              "Dynamic": []
            },
            "AI": {
              "Static": [
                0,
                0,
                0,
                0,
                255,
                255,
                255,
                255,
                5,
                0,
                0,
                0,
                78,
                111,
                110,
                101,
                0,
                0,
                0,
                0,
                0,
                0,
                0,
                0,
                0,
                0,
                0,
                0,
                0,
                0,
                0,
                0,
                0,
                0,
                0,
                150,
                66,
                0,
                128,
                187,
                67,
                0,
                0,
                0,
                0,
                0,
                0,
                112,
                65,
                0,
                0,
                240,
                65,
                0,
                0,
                0,
                0,
                0,
                0,
                0,
                0,
                0,
                0,
                0,
                0,
                0,
                0,
                0,
                0,
                0,
                0,
                0,
                0,
                0,
                0,
                0,
                0,
                0,
                0,
                0,
                0,
                0,
                0,
                0,
                0,
                0,
                0,
                0,
                0,
                0,
                0,
                0,
                0,
                0,
                0,
                0,
                0,
                0,
                0,
                1,
                0,
                0,
                0,
                0,
                0,
                0,
                0,
                0,
                0,
                0,
                0,
                0,
                0,
                0,
                0,
                5,
                0,
                0,
                0,
                78,
                111,
                110,
                101,
                0,
                5,
                0,
                0,
                0,
                78,
                111,
                110,
                101,
                0,
                5,
                0,
                0,
                0,
                78,
                111,
                110,
                101,
                0,
                0,
                0,
                0,
                0,
                0,
                0,
                0,
                0,
                0,
                0,
                0,
                0,
                0,
                1,
                0,
                0,
                0
              ],
              "Dynamic": [
                0,
                0,
                0,
                0,
                0,
                0,
                0,
                0,
                0,
                0,
                0,
                0
              ]
            },
            "SubAI": {
              "Static": [],
              "Dynamic": []
            },
            "Life": {
              "Static": [],
              "Dynamic": []
            },
            "PortalTrigger": {
              "Static": [
                2,
                1,
                0,
                0,
                0,
                8,
                0,
                0,
                0,
                65,
                114,
                101,
                97,
                48,
                48,
                50,
                0,
                5,
                0,
                0,
                0,
                78,
                111,
                110,
                101,
                0,
                50,
                0,
                0,
                0,
                1,
                0,
                0,
                0,
                66,
                0,
                0,
                0,
                47,
                71,
                97,
                109,
                101,
                47,
                67,
                97,
                114,
                114,
                111,
                116,
                52,
                47,
                68,
                101,
                109,
                111,
                47,
                80,
                108,
                97,
                121,
                80,
                97,
                114,
                97,
                109,
                47,
                67,
                111,
                109,
                109,
                111,
                110,
                47,
                68,
                80,
                80,
                95,
                69,
                115,
                99,
                97,
                112,
                101,
                67,
                97,
                118,
                101,
                46,
                68,
                80,
                80,
                95,
                69,
                115,
                99,
                97,
                112,
                101,
                67,
                97,
                118,
                101,
                0,
                0,
                0,
                0,
                0,
                62,
                0,
                0,
                0,
                47,
                71,
                97,
                109,
                101,
                47,
                67,
                97,
                114,
                114,
                111,
                116,
                52,
                47,
                68,
                101,
                109,
                111,
                47,
                80,
                108,
                97,
                121,
                80,
                97,
                114,
                97,
                109,
                47,
                67,
                111,
                109,
                109,
                111,
                110,
                47,
                68,
                80,
                80,
                95,
                69,
                120,
                105,
                116,
                67,
                97,
                118,
                101,
                46,
                68,
                80,
                80,
                95,
                69,
                120,
                105,
                116,
                67,
                97,
                118,
                101,
                0,
                0,
                0,
                0,
                0,
                0,
                0,
                0,
                0,
                255,
                255,
                255,
                255,
                0,
                0,
                0,
                0,
                0,
                0,
                0,
                0,
                0,
                0,
                250,
                67,
                0,
                0,
                150,
                67,
                0,
                0,
                0,
                0,
                0,
                0,
                0,
                0,
                0,
                0,
                0,
                0,
                0,
                0,
                0,
                0,
                0,
                0,
                200,
                66,
                0,
                0,
                180,
                66,
                0,
                0,
                72,
                66,
                166,
                17,
                116,
                67,
                230,
                224,
                150,
                196,
                26,
                0,
                112,
                66
              ],
              "Dynamic": [
                0,
                0,
                0,
                0,
                0,
                0,
                0,
                0,
                0,
                0,
                0,
                0,
                0,
                0,
                0,
                0
              ]
            },
            "DemoTrigger": {
              "Static": [],
              "Dynamic": []
            },
            "Pikmin": {
              "Static": [],
              "Dynamic": []
            },
            "CharacterEdit": {
              "Static": [],
              "Dynamic": []
            },
            "PopPlace": {
              "Static": [],
              "Dynamic": []
            },
            "Strategy": {
              "Static": [],
              "Dynamic": []
            },
            "CakEmitterConfig": {
              "Static": [
                0,
                0,
                0,
                0,
                0,
                0,
                0,
                0,
                0,
                0,
                0,
                0,
                1,
                0,
                0,
                0,
                0,
                0,
                0,
                0
              ],
              "Dynamic": []
            },
            "CakSimpleState": {
              "Static": [],
              "Dynamic": []
            },
            "CakTrigger": {
              "Static": [],
              "Dynamic": []
            },
            "CakMultiplePosition": {
              "Static": [],
              "Dynamic": []
            },
            "CakAudioTable": {
              "Static": [
                0,
                0,
                0,
                0
              ],
              "Dynamic": []
            },
            "WaterTrigger": {
              "Static": [],
              "Dynamic": []
            },
            "NavMeshTrigger": {
              "Static": [],
              "Dynamic": []
            },
            "Affordance": {
              "Static": [],
              "Dynamic": []
            },
            "HiddenBoxTrigger": {
              "Static": [],
              "Dynamic": []
            },
            "NarrowSpaceBoxTrigger": {
              "Static": [],
              "Dynamic": []
            },
            "WarpTrigger": {
              "Static": [],
              "Dynamic": []
            },
            "ActionMarker": {
              "Static": [],
              "Dynamic": []
            }
          },
          "SubLevelName": "Cave006_F03",
          "TeamId": "ETeamIdEditor::No",
          "GenerateFlags": 0,
          "OriginalPhysicsRadiusZ": 0.0,
          "LastNavPos": {
            "X": 240.87042236328125,
            "Y": -1203.1849365234375,
            "Z": 9.918212890625e-05
          },
          "CarcassFlags": 0,
          "RefOriginalGenID": -1
        },
        {
          "AssetVersion": 8626647386,
          "GeneratorVersion": 8626647386,
          "GeneratorID": -1,
          "SoftRefActorClass": {
            "AssetPathName": "/Game/Carrot4/Placeables/Gimmicks/TriggerDoor/GTriggerDoor.GTriggerDoor_C",
            "SubPathString": 0
          },
          "ExploreRateType": "EExploreRateTargetType::None",
          "ActorVersion": 1,
          "OutlineFolderPath": "Objects/Gimmick",
          "InitTransform": {
            "Rotation": {
              "X": 0.0,
              "Y": 0.0,
              "Z": 0.9999998807907104,
              "W": -1.1920928955078125e-07
            },
            "Translation": {
              "X": 57.513427734375,
              "Y": -847.792724609375,
              "Z": 0.00010013580322265625
            },
            "Scale3D": {
              "X": 1.0,
              "Y": 1.0,
              "Z": 1.0
            }
          },
          "Transform": {
            "Rotation": {
              "X": 0.0,
              "Y": 0.0,
              "Z": 0.9999998807907104,
              "W": -1.1920928955078125e-07
            },
            "Translation": {
              "X": 57.513427734375,
              "Y": -847.792724609375,
              "Z": 0.00010013580322265625
            },
            "Scale3D": {
              "X": 1.0,
              "Y": 1.0,
              "Z": 1.0
            }
          },
          "GenerateInfo": {
            "EnableSave": true,
            "DebugUniqueId": 17179869196,
            "ActorGlobalId": "None",
            "GenerateNum": 1,
            "GenerateRadius": 300.0,
            "WakeCond": [],
            "bOnceWakeCond": false,
            "SleepCond": [],
            "bNoChkCondWhenDead": false
          },
          "RebirthInfo": {
            "ActivityTime": "EActivityTime::Allday",
            "RebirthType": "ERebirthType::AlwaysRebirth",
            "BirthDay": 0,
            "DeadDay": 0,
            "ExpireDay": 0,
            "CurrNum": 1,
            "ExpireProgress": 0,
            "RebirthInterval": 0,
            "SaveFlag": "EGeneratorActorSaveFlag::SaveNumAndActors",
            "MyID": -1,
            "RefID": -1,
            "RebirthInfoFlags": 0,
            "BirthCond": [],
            "bIgnoreFullFillBirthCondWhenFirstAndNightTime": false,
            "EraseCond": []
          },
          "CarriedInfo": {
            "bEnableInitializeLocation": false,
            "InitializeInterval": 0,
            "bEnableCorrectLocation": false,
            "CarriedDay": 0,
            "LastCarriedDay": 0
          },
          "DropActorInfo": {
            "DropOwnerDebugUniqueId": 18446744073709551615,
            "DropIndex": -1,
            "bSalvagedOtakaraIndices": []
          },
          "ActorSerializeParameter": {
            "Hash": {
              "Static": [
                136,
                222,
                246,
                217
              ],
              "Dynamic": []
            },
            "CheckComp": [
              90,
              49,
              48,
              2,
              2,
              0,
              0,
              0,
              1,
              0,
              0,
              0,
              1,
              0,
              0,
              0,
              0,
              0,
              0,
              0,
              1,
              0,
              0,
              0,
              0,
              0,
              0,
              0,
              0,
              0,
              0,
              0,
              0,
              0,
              0,
              0,
              0,
              0,
              0,
              0,
              0,
              0,
              0,
              0,
              0,
              0,
              0,
              0,
              0,
              0,
              0,
              0,
              0,
              0,
              0,
              0,
              0,
              0,
              0,
              0,
              0,
              0,
              0,
              0,
              1,
              0,
              0,
              0,
              0,
              0,
              0,
              0,
              0,
              0,
              0,
              0,
              0,
              0,
              0,
              0,
              1,
              0,
              0,
              0,
              0,
              0,
              0,
              0,
              0,
              0,
              0,
              0
            ],
            "ActorParameter": {
              "Static": [
                5,
                0,
                0,
                0,
                78,
                111,
                110,
                101,
                0,
                0,
                0,
                0,
                0,
                0,
                0,
                0,
                0,
                0,
                0,
                0,
                0,
                5,
                0,
                0,
                0,
                78,
                111,
                110,
                101,
                0,
                5,
                0,
                0,
                0,
                78,
                111,
                110,
                101,
                0,
                0,
                0,
                0,
                0,
                0,
                0,
                128,
                191,
                0,
                0,
                128,
                191,
                1,
                0,
                0,
                0,
                1,
                0,
                0,
                0,
                0,
                0,
                128,
                191,
                2,
                0,
                0,
                0,
                0,
                0,
                0,
                0
              ],
              "Dynamic": []
            },
            "AI": {
              "Static": [
                0,
                0,
                0,
                0,
                255,
                255,
                255,
                255,
                5,
                0,
                0,
                0,
                78,
                111,
                110,
                101,
                0,
                0,
                0,
                0,
                0,
                0,
                0,
                0,
                0,
                0,
                0,
                0,
                0,
                0,
                0,
                0,
                0,
                0,
                0,
                150,
                66,
                0,
                128,
                187,
                67,
                0,
                0,
                0,
                0,
                0,
                0,
                112,
                65,
                0,
                0,
                240,
                65,
                0,
                0,
                0,
                0,
                0,
                0,
                0,
                0,
                0,
                0,
                0,
                0,
                0,
                0,
                0,
                0,
                0,
                0,
                0,
                0,
                0,
                0,
                0,
                0,
                0,
                0,
                0,
                0,
                0,
                0,
                0,
                0,
                0,
                0,
                0,
                0,
                0,
                0,
                0,
                0,
                0,
                0,
                0,
                0,
                0,
                0,
                1,
                0,
                0,
                0,
                0,
                0,
                0,
                0,
                0,
                0,
                0,
                0,
                0,
                0,
                0,
                0,
                5,
                0,
                0,
                0,
                78,
                111,
                110,
                101,
                0,
                5,
                0,
                0,
                0,
                78,
                111,
                110,
                101,
                0,
                5,
                0,
                0,
                0,
                78,
                111,
                110,
                101,
                0,
                0,
                0,
                0,
                0,
                0,
                0,
                0,
                0,
                0,
                0,
                0,
                0,
                0,
                9,
                0,
                0,
                0,
                115,
                119,
                105,
                116,
                99,
                104,
                48,
                48,
                0,
                13,
                0,
                0,
                0,
                0,
                0,
                0,
                0,
                1,
                0,
                0,
                0,
                0,
                0,
                0,
                0,
                0,
                0,
                0,
                0,
                0,
                0,
                0,
                0,
                0,
                0,
                0,
                0,
                0,
                0,
                128,
                63,
                115,
                248,
                72,
                66,
                20,
                65,
                49,
                196,
                200,
                108,
                100,
                66,
                0,
                0,
                128,
                63,
                0,
                0,
                128,
                63,
                0,
                0,
                128,
                63,
                174,
                230,
                24,
                67,
                58,
                157,
                52,
                67,
                0,
                0,
                22,
                67,
                1,
                0,
                0,
                0,
                4,
                0,
                0,
                0,
                77,
                65,
                82,
                0
              ],
              "Dynamic": [
                0,
                0,
                0,
                0,
                0,
                0,
                0,
                0,
                0,
                0,
                0,
                0,
                0,
                0,
                0,
                0
              ]
            },
            "SubAI": {
              "Static": [],
              "Dynamic": []
            },
            "Life": {
              "Static": [],
              "Dynamic": []
            },
            "PortalTrigger": {
              "Static": [],
              "Dynamic": []
            },
            "DemoTrigger": {
              "Static": [],
              "Dynamic": []
            },
            "Pikmin": {
              "Static": [],
              "Dynamic": []
            },
            "CharacterEdit": {
              "Static": [],
              "Dynamic": []
            },
            "PopPlace": {
              "Static": [],
              "Dynamic": []
            },
            "Strategy": {
              "Static": [],
              "Dynamic": []
            },
            "CakEmitterConfig": {
              "Static": [
                0,
                0,
                0,
                0,
                0,
                0,
                0,
                0,
                0,
                0,
                0,
                0,
                1,
                0,
                0,
                0,
                0,
                0,
                0,
                0
              ],
              "Dynamic": []
            },
            "CakSimpleState": {
              "Static": [],
              "Dynamic": []
            },
            "CakTrigger": {
              "Static": [],
              "Dynamic": []
            },
            "CakMultiplePosition": {
              "Static": [],
              "Dynamic": []
            },
            "CakAudioTable": {
              "Static": [
                0,
                0,
                0,
                0
              ],
              "Dynamic": []
            },
            "WaterTrigger": {
              "Static": [],
              "Dynamic": []
            },
            "NavMeshTrigger": {
              "Static": [],
              "Dynamic": []
            },
            "Affordance": {
              "Static": [
                1,
                0,
                0,
                0,
                0,
                0,
                0,
                0,
                1,
                0,
                0,
                0,
                0,
                0,
                0,
                0,
                0,
                0,
                0,
                0,
                0,
                0,
                0,
                0,
                0,
                0,
                0,
                0,
                0,
                0,
                0,
                0,
                1,
                0,
                0,
                0,
                0,
                1,
                0,
                0,
                0,
                0,
                0,
                0,
                0,
                0,
                0,
                128,
                191,
                5,
                0,
                0,
                0,
                78,
                111,
                110,
                101,
                0,
                0,
                0,
                0,
                0,
                0,
                0,
                0,
                0,
                0,
                0,
                0,
                0,
                1,
                0,
                0,
                0
              ],
              "Dynamic": [
                0,
                0,
                0,
                0,
                0,
                0,
                0,
                0,
                0,
                0,
                0,
                0,
                0,
                0,
                0,
                0,
                0,
                0,
                0,
                0,
                0,
                0,
                0,
                0
              ]
            },
            "HiddenBoxTrigger": {
              "Static": [],
              "Dynamic": []
            },
            "NarrowSpaceBoxTrigger": {
              "Static": [],
              "Dynamic": []
            },
            "WarpTrigger": {
              "Static": [],
              "Dynamic": []
            },
            "ActionMarker": {
              "Static": [],
              "Dynamic": []
            }
          },
          "SubLevelName": "Cave006_F03",
          "TeamId": "ETeamIdEditor::No",
          "GenerateFlags": 0,
          "OriginalPhysicsRadiusZ": 0.0,
          "LastNavPos": {
            "X": 57.513427734375,
            "Y": -847.792724609375,
            "Z": 0.00010013580322265625
          },
          "CarcassFlags": 0,
          "RefOriginalGenID": -1
        },
        {
          "AssetVersion": 8626647386,
          "GeneratorVersion": 8626647386,
          "GeneratorID": -1,
          "SoftRefActorClass": {
            "AssetPathName": "/Game/Carrot4/Placeables/Gimmicks/NoraSpawner/GNoraSpawnerPikminLock.GNoraSpawnerPikminLock_C",
            "SubPathString": 0
          },
          "ExploreRateType": "EExploreRateTargetType::None",
          "ActorVersion": 1,
          "OutlineFolderPath": "Objects/Pikmin",
          "InitTransform": {
            "Rotation": {
              "X": -0.0,
              "Y": 0.0,
              "Z": -0.7071067690849304,
              "W": 0.7071067094802856
            },
            "Translation": {
              "X": 427.0,
              "Y": -142.0,
              "Z": 100.00009155273438
            },
            "Scale3D": {
              "X": 1.0,
              "Y": 1.0,
              "Z": 1.0
            }
          },
          "Transform": {
            "Rotation": {
              "X": -0.0,
              "Y": 0.0,
              "Z": -0.7071067690849304,
              "W": 0.7071067094802856
            },
            "Translation": {
              "X": 427.0,
              "Y": -142.0,
              "Z": 100.00009155273438
            },
            "Scale3D": {
              "X": 1.0,
              "Y": 1.0,
              "Z": 1.0
            }
          },
          "GenerateInfo": {
            "EnableSave": true,
            "DebugUniqueId": 4613378184002404370,
            "ActorGlobalId": "None",
            "GenerateNum": 1,
            "GenerateRadius": 300.0,
            "WakeCond": [],
            "bOnceWakeCond": false,
            "SleepCond": [],
            "bNoChkCondWhenDead": false
          },
          "RebirthInfo": {
            "ActivityTime": "EActivityTime::Allday",
            "RebirthType": "ERebirthType::AlwaysRebirth",
            "BirthDay": 0,
            "DeadDay": 0,
            "ExpireDay": 0,
            "CurrNum": 1,
            "ExpireProgress": 0,
            "RebirthInterval": 0,
            "SaveFlag": "EGeneratorActorSaveFlag::SaveNumAndActors",
            "MyID": -1,
            "RefID": -1,
            "RebirthInfoFlags": 0,
            "BirthCond": [],
            "bIgnoreFullFillBirthCondWhenFirstAndNightTime": false,
            "EraseCond": []
          },
          "CarriedInfo": {
            "bEnableInitializeLocation": false,
            "InitializeInterval": 0,
            "bEnableCorrectLocation": false,
            "CarriedDay": 0,
            "LastCarriedDay": 0
          },
          "DropActorInfo": {
            "DropOwnerDebugUniqueId": 18446744073709551615,
            "DropIndex": -1,
            "bSalvagedOtakaraIndices": []
          },
          "ActorSerializeParameter": {
            "Hash": {
              "Static": [
                252,
                180,
                126,
                114
              ],
              "Dynamic": []
            },
            "CheckComp": [
              90,
              49,
              48,
              2,
              2,
              0,
              0,
              0,
              1,
              0,
              0,
              0,
              1,
              0,
              0,
              0,
              0,
              0,
              0,
              0,
              0,
              0,
              0,
              0,
              0,
              0,
              0,
              0,
              0,
              0,
              0,
              0,
              0,
              0,
              0,
              0,
              0,
              0,
              0,
              0,
              0,
              0,
              0,
              0,
              0,
              0,
              0,
              0,
              0,
              0,
              0,
              0,
              0,
              0,
              0,
              0,
              0,
              0,
              0,
              0,
              0,
              0,
              0,
              0,
              0,
              0,
              0,
              0,
              0,
              0,
              0,
              0,
              0,
              0,
              0,
              0,
              0,
              0,
              0,
              0,
              0,
              0,
              0,
              0,
              0,
              0,
              0,
              0,
              0,
              0,
              0,
              0
            ],
            "ActorParameter": {
              "Static": [
                5,
                0,
                0,
                0,
                78,
                111,
                110,
                101,
                0,
                0,
                0,
                0,
                0,
                1,
                0,
                0,
                0,
                1,
                0,
                0,
                0,
                5,
                0,
                0,
                0,
                78,
                111,
                110,
                101,
                0,
                5,
                0,
                0,
                0,
                78,
                111,
                110,
                101,
                0,
                0,
                0,
                0,
                0,
                0,
                0,
                128,
                191,
                0,
                0,
                128,
                191,
                1,
                0,
                0,
                0,
                1,
                0,
                0,
                0,
                0,
                0,
                128,
                191
              ],
              "Dynamic": []
            },
            "AI": {
              "Static": [
                5,
                0,
                0,
                0,
                0,
                0,
                72,
                66,
                0,
                0,
                64,
                66,
                7,
                1,
                0,
                0,
                0,
                2,
                50,
                0,
                0,
                0,
                255,
                255,
                255,
                255,
                0,
                0,
                0,
                0,
                255,
                255,
                255,
                255,
                0,
                0,
                0,
                0,
                0,
                1,
                0,
                0,
                0,
                0,
                0,
                0,
                0,
                7,
                14,
                0,
                0,
                0,
                78,
                111,
                114,
                97,
                68,
                101,
                102,
                97,
                117,
                108,
                116,
                48,
                49,
                0,
                0,
                0,
                0,
                0,
                2,
                0,
                0,
                0,
                0,
                0,
                0,
                0,
                0,
                0,
                0,
                0,
                0,
                0,
                0,
                0,
                0,
                0,
                0,
                128,
                191,
                1,
                0,
                0,
                0,
                49,
                0,
                0,
                0,
                47,
                71,
                97,
                109,
                101,
                47,
                67,
                97,
                114,
                114,
                111,
                116,
                52,
                47,
                80,
                108,
                97,
                99,
                101,
                97,
                98,
                108,
                101,
                115,
                47,
                79,
                98,
                106,
                101,
                99,
                116,
                115,
                47,
                69,
                103,
                103,
                47,
                71,
                69,
                103,
                103,
                46,
                71,
                69,
                103,
                103,
                95,
                67,
                0,
                5,
                0,
                0,
                0,
                78,
                111,
                110,
                101,
                0,
                0,
                0,
                0,
                0,
                0,
                0,
                0,
                0,
                0,
                0,
                1,
                0,
                0,
                0,
                1,
                0,
                0,
                0,
                0,
                0,
                47,
                67,
                0,
                0,
                0,
                0,
                0,
                0,
                160,
                194,
                0,
                0,
                0,
                0
              ],
              "Dynamic": [
                0,
                0,
                0,
                0,
                5,
                0,
                0,
                0,
                78,
                111,
                110,
                101,
                0,
                0,
                0,
                0,
                0,
                0,
                0,
                0,
                0,
                0,
                0,
                0,
                0,
                0,
                0,
                0,
                0,
                0,
                0,
                0,
                0,
                0,
                0,
                0,
                0
              ]
            },
            "SubAI": {
              "Static": [],
              "Dynamic": []
            },
            "Life": {
              "Static": [],
              "Dynamic": []
            },
            "PortalTrigger": {
              "Static": [],
              "Dynamic": []
            },
            "DemoTrigger": {
              "Static": [],
              "Dynamic": []
            },
            "Pikmin": {
              "Static": [],
              "Dynamic": []
            },
            "CharacterEdit": {
              "Static": [],
              "Dynamic": []
            },
            "PopPlace": {
              "Static": [],
              "Dynamic": []
            },
            "Strategy": {
              "Static": [],
              "Dynamic": []
            },
            "CakEmitterConfig": {
              "Static": [],
              "Dynamic": []
            },
            "CakSimpleState": {
              "Static": [],
              "Dynamic": []
            },
            "CakTrigger": {
              "Static": [],
              "Dynamic": []
            },
            "CakMultiplePosition": {
              "Static": [],
              "Dynamic": []
            },
            "CakAudioTable": {
              "Static": [],
              "Dynamic": []
            },
            "WaterTrigger": {
              "Static": [],
              "Dynamic": []
            },
            "NavMeshTrigger": {
              "Static": [],
              "Dynamic": []
            },
            "Affordance": {
              "Static": [],
              "Dynamic": []
            },
            "HiddenBoxTrigger": {
              "Static": [],
              "Dynamic": []
            },
            "NarrowSpaceBoxTrigger": {
              "Static": [],
              "Dynamic": []
            },
            "WarpTrigger": {
              "Static": [],
              "Dynamic": []
            },
            "ActionMarker": {
              "Static": [],
              "Dynamic": []
            }
          },
          "SubLevelName": "Cave006_F03",
          "TeamId": "ETeamIdEditor::No",
          "GenerateFlags": 0,
          "OriginalPhysicsRadiusZ": 0.0,
          "LastNavPos": {
            "X": 427.0,
            "Y": -142.0,
            "Z": 100.00009155273438
          },
          "CarcassFlags": 0,
          "RefOriginalGenID": -1
        },
        {
          "AssetVersion": 8626647386,
          "GeneratorVersion": 8626647386,
          "GeneratorID": -1,
          "SoftRefActorClass": {
            "AssetPathName": "/Game/Carrot4/Placeables/Objects/Otakara/GOtaBilliardBall2.GOtaBilliardBall2_C",
            "SubPathString": 0
          },
          "ExploreRateType": "EExploreRateTargetType::Otakara",
          "ActorVersion": 1,
          "OutlineFolderPath": "Objects/Otakara",
          "InitTransform": {
            "Rotation": {
              "X": 0.25734949111938477,
              "Y": -0.16854773461818695,
              "Z": -0.026240915060043335,
              "W": 0.9511436820030212
            },
            "Translation": {
              "X": 32.32611083984375,
              "Y": -1042.931640625,
              "Z": 31.15509796142578
            },
            "Scale3D": {
              "X": 1.0,
              "Y": 1.0,
              "Z": 1.0
            }
          },
          "Transform": {
            "Rotation": {
              "X": 0.25734949111938477,
              "Y": -0.16854773461818695,
              "Z": -0.026240915060043335,
              "W": 0.9511436820030212
            },
            "Translation": {
              "X": 32.32611083984375,
              "Y": -1042.931640625,
              "Z": 31.15509796142578
            },
            "Scale3D": {
              "X": 1.0,
              "Y": 1.0,
              "Z": 1.0
            }
          },
          "GenerateInfo": {
            "EnableSave": true,
            "DebugUniqueId": 4613378184002404372,
            "ActorGlobalId": "None",
            "GenerateNum": 1,
            "GenerateRadius": 300.0,
            "WakeCond": [],
            "bOnceWakeCond": false,
            "SleepCond": [],
            "bNoChkCondWhenDead": false
          },
          "RebirthInfo": {
            "ActivityTime": "EActivityTime::Allday",
            "RebirthType": "ERebirthType::NoRebirth",
            "BirthDay": 0,
            "DeadDay": 0,
            "ExpireDay": 0,
            "CurrNum": 1,
            "ExpireProgress": 0,
            "RebirthInterval": 0,
            "SaveFlag": "EGeneratorActorSaveFlag::SaveNumAndActors",
            "MyID": -1,
            "RefID": -1,
            "RebirthInfoFlags": 0,
            "BirthCond": [],
            "bIgnoreFullFillBirthCondWhenFirstAndNightTime": false,
            "EraseCond": []
          },
          "CarriedInfo": {
            "bEnableInitializeLocation": true,
            "InitializeInterval": 3,
            "bEnableCorrectLocation": false,
            "CarriedDay": 0,
            "LastCarriedDay": 0
          },
          "DropActorInfo": {
            "DropOwnerDebugUniqueId": 18446744073709551615,
            "DropIndex": -1,
            "bSalvagedOtakaraIndices": []
          },
          "ActorSerializeParameter": {
            "Hash": {
              "Static": [
                21,
                238,
                42,
                212
              ],
              "Dynamic": []
            },
            "CheckComp": [
              90,
              49,
              48,
              2,
              2,
              0,
              0,
              0,
              1,
              0,
              0,
              0,
              1,
              0,
              0,
              0,
              0,
              0,
              0,
              0,
              1,
              0,
              0,
              0,
              0,
              0,
              0,
              0,
              0,
              0,
              0,
              0,
              1,
              0,
              0,
              0,
              0,
              0,
              0,
              0,
              0,
              0,
              0,
              0,
              0,
              0,
              0,
              0,
              0,
              0,
              0,
              0,
              0,
              0,
              0,
              0,
              0,
              0,
              0,
              0,
              0,
              0,
              0,
              0,
              1,
              0,
              0,
              0,
              0,
              0,
              0,
              0,
              0,
              0,
              0,
              0,
              0,
              0,
              0,
              0,
              1,
              0,
              0,
              0,
              0,
              0,
              0,
              0,
              0,
              0,
              0,
              0
            ],
            "ActorParameter": {
              "Static": [
                5,
                0,
                0,
                0,
                78,
                111,
                110,
                101,
                0,
                0,
                0,
                0,
                0,
                1,
                0,
                0,
                0,
                1,
                0,
                0,
                0,
                5,
                0,
                0,
                0,
                78,
                111,
                110,
                101,
                0,
                5,
                0,
                0,
                0,
                78,
                111,
                110,
                101,
                0,
                0,
                0,
                0,
                0,
                0,
                0,
                128,
                191,
                0,
                0,
                128,
                191,
                1,
                0,
                0,
                0,
                1,
                0,
                0,
                0,
                0,
                0,
                128,
                191
              ],
              "Dynamic": []
            },
            "AI": {
              "Static": [
                0,
                0,
                0,
                0,
                0,
                0,
                0,
                0,
                0,
                0,
                0,
                0,
                0,
                0,
                0,
                0,
                0,
                0,
                0,
                0,
                0,
                0,
                0,
                0,
                0,
                0,
                0,
                0,
                0,
                0,
                0,
                0,
                0,
                0,
                0,
                0,
                0,
                0,
                0,
                0,
                0,
                0,
                0,
                0,
                0,
                0,
                0,
                0,
                0
              ],
              "Dynamic": [
                0,
                0,
                0,
                0,
                0,
                0,
                0,
                0,
                0,
                0,
                0,
                0,
                0,
                0,
                0,
                0,
                0,
                0,
                0,
                0,
                0,
                0,
                128,
                63,
                0,
                0,
                0,
                0,
                0,
                0,
                0,
                0,
                0,
                0,
                0,
                0,
                0,
                0,
                128,
                63,
                0,
                0,
                128,
                63,
                0,
                0,
                128,
                63,
                0,
                0,
                0,
                0,
                0,
                0,
                0,
                0,
                0,
                0,
                0,
                0
              ]
            },
            "SubAI": {
              "Static": [],
              "Dynamic": []
            },
            "Life": {
              "Static": [],
              "Dynamic": []
            },
            "PortalTrigger": {
              "Static": [],
              "Dynamic": []
            },
            "DemoTrigger": {
              "Static": [],
              "Dynamic": []
            },
            "Pikmin": {
              "Static": [],
              "Dynamic": []
            },
            "CharacterEdit": {
              "Static": [],
              "Dynamic": []
            },
            "PopPlace": {
              "Static": [],
              "Dynamic": []
            },
            "Strategy": {
              "Static": [
                5,
                0,
                0,
                0,
                78,
                111,
                110,
                101,
                0,
                0,
                0,
                0,
                0,
                0,
                0,
                0,
                0,
                0,
                0,
                0,
                0
              ],
              "Dynamic": []
            },
            "CakEmitterConfig": {
              "Static": [
                0,
                0,
                0,
                0,
                0,
                0,
                0,
                0,
                0,
                0,
                0,
                0,
                1,
                0,
                0,
                0,
                0,
                0,
                0,
                0
              ],
              "Dynamic": []
            },
            "CakSimpleState": {
              "Static": [],
              "Dynamic": []
            },
            "CakTrigger": {
              "Static": [],
              "Dynamic": []
            },
            "CakMultiplePosition": {
              "Static": [],
              "Dynamic": []
            },
            "CakAudioTable": {
              "Static": [
                0,
                0,
                0,
                0
              ],
              "Dynamic": []
            },
            "WaterTrigger": {
              "Static": [],
              "Dynamic": []
            },
            "NavMeshTrigger": {
              "Static": [],
              "Dynamic": []
            },
            "Affordance": {
              "Static": [
                1,
                0,
                0,
                0,
                0,
                0,
                0,
                0,
                1,
                0,
                0,
                0,
                0,
                0,
                0,
                0,
                0,
                0,
                0,
                0,
                0,
                0,
                0,
                0,
                0,
                0,
                0,
                0,
                0,
                0,
                0,
                0,
                1,
                0,
                0,
                0,
                0,
                1,
                0,
                0,
                0,
                0,
                0,
                0,
                0,
                0,
                0,
                128,
                191,
                5,
                0,
                0,
                0,
                78,
                111,
                110,
                101,
                0,
                0,
                0,
                0,
                0,
                0,
                0,
                0,
                0,
                0,
                0,
                0,
                0,
                1,
                0,
                0,
                0
              ],
              "Dynamic": [
                0,
                0,
                0,
                0,
                0,
                0,
                0,
                0,
                0,
                0,
                0,
                0,
                0,
                0,
                0,
                0,
                0,
                0,
                0,
                0,
                0,
                0,
                0,
                0
              ]
            },
            "HiddenBoxTrigger": {
              "Static": [],
              "Dynamic": []
            },
            "NarrowSpaceBoxTrigger": {
              "Static": [],
              "Dynamic": []
            },
            "WarpTrigger": {
              "Static": [],
              "Dynamic": []
            },
            "ActionMarker": {
              "Static": [],
              "Dynamic": []
            }
          },
          "SubLevelName": "Cave006_F03",
          "TeamId": "ETeamIdEditor::No",
          "GenerateFlags": 1,
          "OriginalPhysicsRadiusZ": 29.600000381469727,
          "LastNavPos": {
            "X": 32.32611083984375,
            "Y": -1042.931640625,
            "Z": 31.15509796142578
          },
          "CarcassFlags": 0,
          "RefOriginalGenID": -1
        },
        {
          "AssetVersion": 8626647386,
          "GeneratorVersion": 8626647386,
          "GeneratorID": -1,
          "SoftRefActorClass": {
            "AssetPathName": "/Game/Carrot4/Placeables/Objects/Camp/GPodCampCave00.GPodCampCave00_C",
            "SubPathString": 0
          },
          "ExploreRateType": "EExploreRateTargetType::None",
          "ActorVersion": 1,
          "OutlineFolderPath": "None",
          "InitTransform": {
            "Rotation": {
              "X": 0.0,
              "Y": -0.0,
              "Z": 0.9999586939811707,
              "W": 0.009076237678527832
            },
            "Translation": {
              "X": 140.58241271972656,
              "Y": 1067.154541015625,
              "Z": 75.0000991821289
            },
            "Scale3D": {
              "X": 1.0,
              "Y": 1.0,
              "Z": 1.0
            }
          },
          "Transform": {
            "Rotation": {
              "X": 0.0,
              "Y": -0.0,
              "Z": 0.9999586939811707,
              "W": 0.009076237678527832
            },
            "Translation": {
              "X": 140.58241271972656,
              "Y": 1067.154541015625,
              "Z": 75.0000991821289
            },
            "Scale3D": {
              "X": 1.0,
              "Y": 1.0,
              "Z": 1.0
            }
          },
          "GenerateInfo": {
            "EnableSave": true,
            "DebugUniqueId": 4613378184002404373,
            "ActorGlobalId": "None",
            "GenerateNum": 1,
            "GenerateRadius": 300.0,
            "WakeCond": [],
            "bOnceWakeCond": false,
            "SleepCond": [],
            "bNoChkCondWhenDead": false
          },
          "RebirthInfo": {
            "ActivityTime": "EActivityTime::Allday",
            "RebirthType": "ERebirthType::AlwaysRebirth",
            "BirthDay": 0,
            "DeadDay": 0,
            "ExpireDay": 0,
            "CurrNum": 1,
            "ExpireProgress": 0,
            "RebirthInterval": 0,
            "SaveFlag": "EGeneratorActorSaveFlag::SaveNumAndActors",
            "MyID": -1,
            "RefID": -1,
            "RebirthInfoFlags": 0,
            "BirthCond": [],
            "bIgnoreFullFillBirthCondWhenFirstAndNightTime": false,
            "EraseCond": []
          },
          "CarriedInfo": {
            "bEnableInitializeLocation": false,
            "InitializeInterval": 0,
            "bEnableCorrectLocation": false,
            "CarriedDay": 0,
            "LastCarriedDay": 0
          },
          "DropActorInfo": {
            "DropOwnerDebugUniqueId": 18446744073709551615,
            "DropIndex": -1,
            "bSalvagedOtakaraIndices": []
          },
          "ActorSerializeParameter": {
            "Hash": {
              "Static": [
                18,
                169,
                100,
                231
              ],
              "Dynamic": []
            },
            "CheckComp": [
              90,
              49,
              48,
              2,
              2,
              0,
              0,
              0,
              1,
              0,
              0,
              0,
              1,
              0,
              0,
              0,
              0,
              0,
              0,
              0,
              0,
              0,
              0,
              0,
              0,
              0,
              0,
              0,
              0,
              0,
              0,
              0,
              0,
              0,
              0,
              0,
              0,
              0,
              0,
              0,
              0,
              0,
              0,
              0,
              0,
              0,
              0,
              0,
              0,
              0,
              0,
              0,
              0,
              0,
              0,
              0,
              0,
              0,
              0,
              0,
              0,
              0,
              0,
              0,
              1,
              0,
              0,
              0,
              0,
              0,
              0,
              0,
              0,
              0,
              0,
              0,
              0,
              0,
              0,
              0,
              1,
              0,
              0,
              0,
              0,
              0,
              0,
              0,
              0,
              0,
              0,
              0
            ],
            "ActorParameter": {
              "Static": [
                5,
                0,
                0,
                0,
                78,
                111,
                110,
                101,
                0,
                0,
                0,
                0,
                0,
                1,
                0,
                0,
                0,
                1,
                0,
                0,
                0,
                5,
                0,
                0,
                0,
                78,
                111,
                110,
                101,
                0,
                5,
                0,
                0,
                0,
                78,
                111,
                110,
                101,
                0,
                0,
                0,
                0,
                0,
                0,
                0,
                128,
                191,
                0,
                0,
                128,
                191,
                1,
                0,
                0,
                0,
                1,
                0,
                0,
                0,
                0,
                0,
                128,
                191
              ],
              "Dynamic": []
            },
            "AI": {
              "Static": [
                0,
                0,
                0,
                0,
                255,
                255,
                255,
                255,
                5,
                0,
                0,
                0,
                78,
                111,
                110,
                101,
                0,
                0,
                0,
                0,
                0,
                0,
                0,
                0,
                0,
                0,
                0,
                0,
                0,
                0,
                0,
                0,
                0,
                0,
                0,
                150,
                66,
                0,
                128,
                187,
                67,
                0,
                0,
                0,
                0,
                0,
                0,
                112,
                65,
                0,
                0,
                240,
                65,
                0,
                0,
                0,
                0,
                0,
                0,
                0,
                0,
                0,
                0,
                0,
                0,
                0,
                0,
                0,
                0,
                0,
                0,
                0,
                0,
                0,
                0,
                0,
                0,
                0,
                0,
                0,
                0,
                0,
                0,
                0,
                0,
                0,
                0,
                0,
                0,
                0,
                0,
                0,
                0,
                0,
                0,
                0,
                0,
                0,
                0,
                1,
                0,
                0,
                0,
                0,
                0,
                0,
                0,
                0,
                0,
                0,
                0,
                0,
                0,
                0,
                0,
                5,
                0,
                0,
                0,
                78,
                111,
                110,
                101,
                0,
                5,
                0,
                0,
                0,
                78,
                111,
                110,
                101,
                0,
                5,
                0,
                0,
                0,
                78,
                111,
                110,
                101,
                0,
                0,
                0,
                0,
                0,
                0,
                0,
                0,
                0,
                0,
                0,
                0,
                0,
                0,
                0,
                0,
                0,
                0,
                0,
                0,
                0,
                0,
                0,
                0,
                22,
                67,
                0,
                0,
                0,
                0,
                0,
                0,
                0,
                0,
                0,
                0,
                0,
                0,
                0,
                0,
                0,
                0,
                0,
                0,
                0,
                0,
                0,
                0,
                0,
                0,
                0,
                0,
                122,
                68,
                51,
                51,
                51,
                63,
                0,
                0,
                0,
                0,
                0,
                0,
                0,
                0
              ],
              "Dynamic": [
                0,
                0,
                0,
                0,
                0,
                0,
                0,
                0,
                0,
                0,
                0,
                0,
                2,
                0,
                0,
                0,
                0
              ]
            },
            "SubAI": {
              "Static": [],
              "Dynamic": []
            },
            "Life": {
              "Static": [],
              "Dynamic": []
            },
            "PortalTrigger": {
              "Static": [],
              "Dynamic": []
            },
            "DemoTrigger": {
              "Static": [],
              "Dynamic": []
            },
            "Pikmin": {
              "Static": [],
              "Dynamic": []
            },
            "CharacterEdit": {
              "Static": [],
              "Dynamic": []
            },
            "PopPlace": {
              "Static": [],
              "Dynamic": []
            },
            "Strategy": {
              "Static": [],
              "Dynamic": []
            },
            "CakEmitterConfig": {
              "Static": [
                0,
                0,
                0,
                0,
                0,
                0,
                0,
                0,
                0,
                0,
                0,
                0,
                1,
                0,
                0,
                0,
                0,
                0,
                0,
                0
              ],
              "Dynamic": []
            },
            "CakSimpleState": {
              "Static": [],
              "Dynamic": []
            },
            "CakTrigger": {
              "Static": [],
              "Dynamic": []
            },
            "CakMultiplePosition": {
              "Static": [],
              "Dynamic": []
            },
            "CakAudioTable": {
              "Static": [
                0,
                0,
                0,
                0
              ],
              "Dynamic": []
            },
            "WaterTrigger": {
              "Static": [],
              "Dynamic": []
            },
            "NavMeshTrigger": {
              "Static": [],
              "Dynamic": []
            },
            "Affordance": {
              "Static": [],
              "Dynamic": []
            },
            "HiddenBoxTrigger": {
              "Static": [],
              "Dynamic": []
            },
            "NarrowSpaceBoxTrigger": {
              "Static": [],
              "Dynamic": []
            },
            "WarpTrigger": {
              "Static": [],
              "Dynamic": []
            },
            "ActionMarker": {
              "Static": [],
              "Dynamic": []
            }
          },
          "SubLevelName": "Cave006_F03",
          "TeamId": "ETeamIdEditor::No",
          "GenerateFlags": 0,
          "OriginalPhysicsRadiusZ": 0.0,
          "LastNavPos": {
            "X": 140.58241271972656,
            "Y": 1067.154541015625,
            "Z": 75.0000991821289
          },
          "CarcassFlags": 0,
          "RefOriginalGenID": -1
        }
      ]
    }
  ],
  "Extra": {
    "BlobOfData": "00000000020000000000000000000000000000000100000000000000",
    "ExInitialHeader": {
      "FMappedNameName": 0,
      "FMappedNameSource": 0,
      "PackageFlags": 2147483648,
      "CookedHeaderSize": 4347,
      "NameMapOffset": 64,
      "NameMapSize": 2949,
      "NameMapHashesOffset": 3016,
      "NameMapHashesSize": 1152,
      "ImportMapOffset": 4168,
      "ExportMapOffset": 4192,
      "ExportBundlesOffset": 4264,
      "GraphDataOffset": 4288,
      "GraphDataSize": 4
    },
    "ExNameMap": [
      "/Game/Carrot4/Maps/Madori/Cave/Cave006/Cave006_F03/ActorPlacementInfo/AP_Cave006_F03_P_Objects",
      "/Game/Carrot4/Placeables/Gimmicks/NoraSpawner/GNoraSpawnerPikminLock",
      "/Game/Carrot4/Placeables/Gimmicks/NoraSpawner/GNoraSpawnerPikminLock.GNoraSpawnerPikminLock_C",
      "/Game/Carrot4/Placeables/Gimmicks/Portal/GDungeonExit",
      "/Game/Carrot4/Placeables/Gimmicks/Portal/GDungeonExit.GDungeonExit_C",
      "/Game/Carrot4/Placeables/Gimmicks/TriggerDoor/GTriggerDoor",
      "/Game/Carrot4/Placeables/Gimmicks/TriggerDoor/GTriggerDoor.GTriggerDoor_C",
      "/Game/Carrot4/Placeables/Objects/Camp/GPodCampCave00",
      "/Game/Carrot4/Placeables/Objects/Camp/GPodCampCave00.GPodCampCave00_C",
      "/Game/Carrot4/Placeables/Objects/Otakara/GOtaBilliardBall2",
      "/Game/Carrot4/Placeables/Objects/Otakara/GOtaBilliardBall2.GOtaBilliardBall2_C",
      "/Game/Carrot4/Placeables/Pod/GPod",
      "/Game/Carrot4/Placeables/Pod/GPod.GPod_C",
      "/Script/Carrot4",
      "/Script/CoreUObject",
      "ActionMarker",
      "ActivityTime",
      "ActorGenerator",
      "ActorGeneratorList",
      "ActorGlobalId",
      "ActorParameter",
      "ActorPlacementAppearanceCondition",
      "ActorPlacementCondition",
      "ActorPlacementInfoAsset",
      "ActorSerializeParameter",
      "ActorVersion",
      "Affordance",
      "AI",
      "AP_Cave006_F03_P_Objects",
      "ArrayProperty",
      "AssetVersion",
      "bEnableCorrectLocation",
      "bEnableInitializeLocation",
      "bIgnoreFullFillBirthCondWhenFirstAndNightTime",
      "BirthCond",
      "BirthDay",
      "bNoChkCondWhenDead",
      "bOnceWakeCond",
      "BoolProperty",
      "bSalvagedOtakaraIndices",
      "ByteProperty",
      "CakAudioTable",
      "CakEmitterConfig",
      "CakMultiplePosition",
      "CakSimpleState",
      "CakTrigger",
      "CarcassFlags",
      "CarriedActorInfo",
      "CarriedDay",
      "CarriedInfo",
      "Cave006_F03",
      "CharacterEdit",
      "CheckComp",
      "Class",
      "CurrNum",
      "DeadDay",
      "DebugUniqueId",
      "Default__ActorPlacementInfoAsset",
      "DemoTrigger",
      "DropActorInfo",
      "DropIndex",
      "DropOwnerDebugUniqueId",
      "Dynamic",
      "EActivityTime",
      "EActivityTime::Allday",
      "EExploreRateTargetType",
      "EExploreRateTargetType::None",
      "EExploreRateTargetType::Otakara",
      "EGeneratorActorSaveFlag",
      "EGeneratorActorSaveFlag::FromAsset",
      "EGeneratorActorSaveFlag::SaveNumAndActors",
      "EnableSave",
      "EnumProperty",
      "EraseCond",
      "ERebirthType",
      "ERebirthType::AlwaysRebirth",
      "ERebirthType::NoRebirth",
      "ETeamIdEditor",
      "ETeamIdEditor::No",
      "ExpireDay",
      "ExpireProgress",
      "ExploreRateType",
      "FloatProperty",
      "GenerateActorInfo",
      "GenerateFlags",
      "GenerateInfo",
      "GenerateNum",
      "GenerateRadius",
      "GeneratorID",
      "GeneratorVersion",
      "Hash",
      "HiddenBoxTrigger",
      "InitializeInterval",
      "InitTransform",
      "IntProperty",
      "LastCarriedDay",
      "LastNavPos",
      "Life",
      "MyID",
      "NameProperty",
      "NarrowSpaceBoxTrigger",
      "NavMeshTrigger",
      "None",
      "Objects",
      "Objects/Gimmick",
      "Objects/Otakara",
      "Objects/Pikmin",
      "OriginalPhysicsRadiusZ",
      "OutlineFolderPath",
      "Package",
      "Pikmin",
      "PopPlace",
      "Portal",
      "PortalTrigger",
      "Quat",
      "RebirthActorInfo",
      "RebirthInfo",
      "RebirthInfoFlags",
      "RebirthInterval",
      "RebirthType",
      "RefID",
      "RefOriginalGenID",
      "Rotation",
      "SaveFlag",
      "Scale3D",
      "SerializeParam",
      "SleepCond",
      "SoftObjectProperty",
      "SoftRefActorClass",
      "Static",
      "Strategy",
      "StructProperty",
      "SubAI",
      "SubLevelName",
      "TeamId",
      "Transform",
      "Translation",
      "UInt32Property",
      "UInt64Property",
      "Vector",
      "WakeCond",
      "WarpTrigger",
      "WaterTrigger"
    ],
    "ExImports": [
      7699818445968994208,
      6809543636033933067,
      5298630410394656126
    ],
    "ExExports": [
      {
        "CookedSerialOffset": 4347,
        "CookedSerialSize": 35831,
        "ObjectName": "AP_Cave006_F03_P_Objects",
        "OuterIndex": 18446744073709551615,
        "ClassIndex": 6809543636033933067,
        "SuperIndex": 18446744073709551615,
        "GlobalImportIndex": 7699818445968994208,
        "PublicExportHash": 13628740810921096629,
        "UnknownFlags": 3
      }
    ],
    "FileReferences": [
      "/Game/Carrot4/Maps/Madori/Cave/Cave006/Cave006_F03/ActorPlacementInfo/AP_Cave006_F03_P_Objects",
      "AP_Cave006_F03_P_Objects"
    ]
  }
}