{
  "Content": [
    {
      "AssetList": [
        -4926948482255968257,
        -5820231564127893655
      ]
    }
  ],
  "Extra": {
    "BlobOfData": "0000000002000000000000000000000000000000010000000200000061c379fc32ebeb34010000000000000000000000a4d9f6263df7773c010000000000000000000000",
    "ExInitialHeader": {
      "FMappedNameName": 2,
      "FMappedNameSource": 2,
      "PackageFlags": 2147483648,
      "CookedHeaderSize": 1176,
      "NameMapOffset": 64,
      "NameMapSize": 540,
      "NameMapHashesOffset": 608,
      "NameMapHashesSize": 144,
      "ImportMapOffset": 752,
      "ExportMapOffset": 808,
      "ExportBundlesOffset": 880,
      "GraphDataOffset": 904,
      "GraphDataSize": 44
    },
    "ExNameMap": [
      "/Game/Carrot4/Maps/Madori/Cave/Cave006/Cave006_F00/ActorPlacementInfo/AP_Cave006_F00_P_Objects",
      "/Game/Carrot4/Maps/Madori/Cave/Cave006/Cave006_F00/ActorPlacementInfo/AP_Cave006_F00_P_Teki",
      "/Game/Carrot4/Maps/Madori/Cave/Cave006/Cave006_F00/ActorPlacementInfo/APL_Cave006_F00_P",
      "/Script/Carrot4",
      "/Script/CoreUObject",
      "ActorPlacementInfoAsset",
      "ActorPlacementInfoListAsset",
      "AP_Cave006_F00_P_Objects",
      "AP_Cave006_F00_P_Teki",
      "APL_Cave006_F00_P",
      "ArrayProperty",
      "AssetList",
      "Class",
      "Default__ActorPlacementInfoListAsset",
      "None",
      "ObjectProperty",
      "Package"
    ],
    "ExImports": [
      -5820231564127893655,
      -4926948482255968257,
      6104969007828482806,
      7845125110740142718,
      -1,
      -1,
      5298630410394656126
    ],
    "ExExports": [
      {
        "CookedSerialOffset": 1176,
        "CookedSerialSize": 57,
        "ObjectName": "APL_Cave006_F00_P",
        "OuterIndex": 18446744073709551615,
        "ClassIndex": 7845125110740142718,
        "SuperIndex": 18446744073709551615,
        "GlobalImportIndex": 6104969007828482806,
        "PublicExportHash": 13212335635191451604,
        "UnknownFlags": 3
      }
    ],
    "FileReferences": [
      "/Game/Carrot4/Maps/Madori/Cave/Cave006/Cave006_F00/ActorPlacementInfo/APL_Cave006_F00_P",
      "APL_Cave006_F00_P"
    ]
  }
}