{
  "Content": [
    {
      "LevelLightingQuality": {
        "EnumClass": "ELightingBuildQuality",
        "EnumValue": "Quality_Production"
      }
    }
  ],
  "Extra": {
    "BlobOfData": "00000000020000000000000000000000000000000100000000000000",
    "ExInitialHeader": {
      "FMappedNameName": 0,
      "FMappedNameSource": 0,
      "PackageFlags": 2147500032,
      "CookedHeaderSize": 796,
      "NameMapOffset": 64,
      "NameMapSize": 308,
      "NameMapHashesOffset": 376,
      "NameMapHashesSize": 112,
      "ImportMapOffset": 488,
      "ExportMapOffset": 512,
      "ExportBundlesOffset": 584,
      "GraphDataOffset": 608,
      "GraphDataSize": 4
    },
    "ExNameMap": [
      "/Game/Carrot4/Maps/Madori/Cave/Cave000/Cave000_F00/Sublevels/Cave000_F00_Teki_BuiltData",
      "/Script/CoreUObject",
      "/Script/Engine",
      "ByteProperty",
      "Cave000_F00_Teki_BuiltData",
      "Class",
      "Default__MapBuildDataRegistry",
      "ELightingBuildQuality",
      "LevelLightingQuality",
      "MapBuildDataRegistry",
      "None",
      "Package",
      "Quality_Production"
    ],
    "ExImports": [
      4861298208663796588,
      8304201596276390994,
      5885306222398933282
    ],
    "ExExports": [
      {
        "CookedSerialOffset": 796,
        "CookedSerialSize": 79,
        "ObjectName": "Cave000_F00_Teki_BuiltData",
        "OuterIndex": 18446744073709551615,
        "ClassIndex": 4861298208663796588,
        "SuperIndex": 18446744073709551615,
        "GlobalImportIndex": 8304201596276390994,
        "PublicExportHash": 9663849467938298931,
        "UnknownFlags": 3
      }
    ],
    "FileReferences": [
      "/Game/Carrot4/Maps/Madori/Cave/Cave000/Cave000_F00/Sublevels/Cave000_F00_Teki_BuiltData",
      "Cave000_F00_Teki_BuiltData"
    ]
  }
}