[
  {
    "Type": "BlueprintGeneratedClass",
    "Name": "Cave000_F00_Teki_C",
    "Class": "UScriptClass'BlueprintGeneratedClass'",
    "SuperStruct": {
      "ObjectName": "Class'LevelScriptActor'",
      "ObjectPath": "/Script/Engine"
    },
    "ChildProperties": [
      {
        "Type": "Int64Property",
        "Name": "LatestSerialId",
        "Flags": "RF_Public | RF_LoadCompleted",
        "ElementSize": 8,
        "PropertyFlags": "Edit | BlueprintVisible | DisableEditOnInstance"
      }
    ],
    "ClassFlags": 8653332,
    "ClassWithin": {
      "ObjectName": "Class'Object'",
      "ObjectPath": "/Script/CoreUObject"
    },
    "ClassConfigName": "Engine",
    "bCooked": true,
    "ClassDefaultObject": {
      "ObjectName": "Cave000_F00_Teki_C'Default__Cave000_F00_Teki_C'",
      "ObjectPath": "/Game/Carrot4/Maps/Madori/Cave/Cave000/Cave000_F00/Sublevels/Cave000_F00_Teki.1"
    }
  },
  {
    "Type": "Cave000_F00_Teki_C",
    "Name": "Default__Cave000_F00_Teki_C",
    "Class": "BlueprintGeneratedClass'/Game/Carrot4/Maps/Madori/Cave/Cave000/Cave000_F00/Sublevels/Cave000_F00_Teki.Cave000_F00_Teki_C'",
    "Properties": {
      "LatestSerialId": 32
    }
  },
  {
    "Type": "AkComponent",
    "Name": "Ak",
    "Outer": "GBaby2",
    "Template": "Ak_GEN_VARIABLE",
    "Class": "UScriptClass'AkComponent'",
    "Properties": {
      "AttachParent": {
        "ObjectName": "CarrotSkeletalMeshComponent'Cave000_F00_Teki:PersistentLevel.GBaby2.CarrotSkeletalMesh'",
        "ObjectPath": "/Game/Carrot4/Maps/Madori/Cave/Cave000/Cave000_F00/Sublevels/Cave000_F00_Teki.35"
      },
      "UCSSerializationIndex": 0,
      "bNetAddressable": true,
      "CreationMethod": "EComponentCreationMethod::SimpleConstructionScript",
      "OnComponentActivated": {
        "InvocationList": [
          {
            "Object": {
              "ObjectName": "AkComponent'Cave000_F00_Teki:PersistentLevel.GBaby2.Ak'",
              "ObjectPath": "/Game/Carrot4/Maps/Madori/Cave/Cave000/Cave000_F00/Sublevels/Cave000_F00_Teki.2"
            },
            "FunctionName": "OnActivated"
          }
        ]
      },
      "OnComponentDeactivated": {
        "InvocationList": [
          {
            "Object": {
              "ObjectName": "AkComponent'Cave000_F00_Teki:PersistentLevel.GBaby2.Ak'",
              "ObjectPath": "/Game/Carrot4/Maps/Madori/Cave/Cave000/Cave000_F00/Sublevels/Cave000_F00_Teki.2"
            },
            "FunctionName": "OnDeactivated"
          }
        ]
      }
    }
  },
  {
    "Type": "AkComponent",
    "Name": "Ak",
    "Outer": "GBaby3",
    "Template": "Ak_GEN_VARIABLE",
    "Class": "UScriptClass'AkComponent'",
    "Properties": {
      "AttachParent": {
        "ObjectName": "CarrotSkeletalMeshComponent'Cave000_F00_Teki:PersistentLevel.GBaby3.CarrotSkeletalMesh'",
        "ObjectPath": "/Game/Carrot4/Maps/Madori/Cave/Cave000/Cave000_F00/Sublevels/Cave000_F00_Teki.37"
      },
      "UCSSerializationIndex": 0,
      "bNetAddressable": true,
      "CreationMethod": "EComponentCreationMethod::SimpleConstructionScript",
      "OnComponentActivated": {
        "InvocationList": [
          {
            "Object": {
              "ObjectName": "AkComponent'Cave000_F00_Teki:PersistentLevel.GBaby3.Ak'",
              "ObjectPath": "/Game/Carrot4/Maps/Madori/Cave/Cave000/Cave000_F00/Sublevels/Cave000_F00_Teki.3"
            },
            "FunctionName": "OnActivated"
          }
        ]
      },
      "OnComponentDeactivated": {
        "InvocationList": [
          {
            "Object": {
              "ObjectName": "AkComponent'Cave000_F00_Teki:PersistentLevel.GBaby3.Ak'",
              "ObjectPath": "/Game/Carrot4/Maps/Madori/Cave/Cave000/Cave000_F00/Sublevels/Cave000_F00_Teki.3"
            },
            "FunctionName": "OnDeactivated"
          }
        ]
      }
    }
  },
  {
    "Type": "AkComponent",
    "Name": "Ak",
    "Outer": "GBaby_2",
    "Template": "Ak_GEN_VARIABLE",
    "Class": "UScriptClass'AkComponent'",
    "Properties": {
      "AttachParent": {
        "ObjectName": "CarrotSkeletalMeshComponent'Cave000_F00_Teki:PersistentLevel.GBaby_2.CarrotSkeletalMesh'",
        "ObjectPath": "/Game/Carrot4/Maps/Madori/Cave/Cave000/Cave000_F00/Sublevels/Cave000_F00_Teki.39"
      },
      "UCSSerializationIndex": 0,
      "bNetAddressable": true,
      "CreationMethod": "EComponentCreationMethod::SimpleConstructionScript",
      "OnComponentActivated": {
        "InvocationList": [
          {
            "Object": {
              "ObjectName": "AkComponent'Cave000_F00_Teki:PersistentLevel.GBaby_2.Ak'",
              "ObjectPath": "/Game/Carrot4/Maps/Madori/Cave/Cave000/Cave000_F00/Sublevels/Cave000_F00_Teki.4"
            },
            "FunctionName": "OnActivated"
          }
        ]
      },
      "OnComponentDeactivated": {
        "InvocationList": [
          {
            "Object": {
              "ObjectName": "AkComponent'Cave000_F00_Teki:PersistentLevel.GBaby_2.Ak'",
              "ObjectPath": "/Game/Carrot4/Maps/Madori/Cave/Cave000/Cave000_F00/Sublevels/Cave000_F00_Teki.4"
            },
            "FunctionName": "OnDeactivated"
          }
        ]
      }
    }
  },
  {
    "Type": "AttackAffordanceComponent",
    "Name": "AttackAffordance",
    "Outer": "GBaby2",
    "Template": "AttackAffordance_GEN_VARIABLE",
    "Class": "UScriptClass'AttackAffordanceComponent'",
    "Properties": {
      "UCSSerializationIndex": 0,
      "bNetAddressable": true,
      "CreationMethod": "EComponentCreationMethod::SimpleConstructionScript"
    }
  },
  {
    "Type": "AttackAffordanceComponent",
    "Name": "AttackAffordance",
    "Outer": "GBaby3",
    "Template": "AttackAffordance_GEN_VARIABLE",
    "Class": "UScriptClass'AttackAffordanceComponent'",
    "Properties": {
      "UCSSerializationIndex": 0,
      "bNetAddressable": true,
      "CreationMethod": "EComponentCreationMethod::SimpleConstructionScript"
    }
  },
  {
    "Type": "AttackAffordanceComponent",
    "Name": "AttackAffordance",
    "Outer": "GBaby_2",
    "Template": "AttackAffordance_GEN_VARIABLE",
    "Class": "UScriptClass'AttackAffordanceComponent'",
    "Properties": {
      "UCSSerializationIndex": 0,
      "bNetAddressable": true,
      "CreationMethod": "EComponentCreationMethod::SimpleConstructionScript"
    }
  },
  {
    "Type": "BabyAIComponent",
    "Name": "BabyAI",
    "Outer": "GBaby2",
    "Template": "BabyAI_GEN_VARIABLE",
    "Class": "UScriptClass'BabyAIComponent'",
    "Properties": {
      "BabyAIParameter": {
        "bPatrolType": true
      },
      "TekiAIParameter": {
        "Territory": {
          "Radius": 100.0
        },
        "DropParameter": {
          "DropItemParameter": []
        }
      },
      "UCSSerializationIndex": 0,
      "bNetAddressable": true,
      "CreationMethod": "EComponentCreationMethod::SimpleConstructionScript"
    }
  },
  {
    "Type": "BabyAIComponent",
    "Name": "BabyAI",
    "Outer": "GBaby3",
    "Template": "BabyAI_GEN_VARIABLE",
    "Class": "UScriptClass'BabyAIComponent'",
    "Properties": {
      "BabyAIParameter": {
        "bPatrolType": true
      },
      "TekiAIParameter": {
        "Territory": {
          "Radius": 100.0
        },
        "DropParameter": {
          "DropItemParameter": []
        }
      },
      "UCSSerializationIndex": 0,
      "bNetAddressable": true,
      "CreationMethod": "EComponentCreationMethod::SimpleConstructionScript"
    }
  },
  {
    "Type": "BabyAIComponent",
    "Name": "BabyAI",
    "Outer": "GBaby_2",
    "Template": "BabyAI_GEN_VARIABLE",
    "Class": "UScriptClass'BabyAIComponent'",
    "Properties": {
      "BabyAIParameter": {
        "bPatrolType": true
      },
      "TekiAIParameter": {
        "Territory": {
          "Radius": 100.0
        },
        "DropParameter": {
          "DropItemParameter": []
        }
      },
      "UCSSerializationIndex": 0,
      "bNetAddressable": true,
      "CreationMethod": "EComponentCreationMethod::SimpleConstructionScript"
    }
  },
  {
    "Type": "C4StickComponent",
    "Name": "C4Stick",
    "Outer": "GBaby2",
    "Template": "C4Stick_GEN_VARIABLE",
    "Class": "UScriptClass'C4StickComponent'",
    "Properties": {
      "UCSSerializationIndex": 0,
      "bNetAddressable": true,
      "CreationMethod": "EComponentCreationMethod::SimpleConstructionScript"
    }
  },
  {
    "Type": "C4StickComponent",
    "Name": "C4Stick",
    "Outer": "GBaby3",
    "Template": "C4Stick_GEN_VARIABLE",
    "Class": "UScriptClass'C4StickComponent'",
    "Properties": {
      "UCSSerializationIndex": 0,
      "bNetAddressable": true,
      "CreationMethod": "EComponentCreationMethod::SimpleConstructionScript"
    }
  },
  {
    "Type": "C4StickComponent",
    "Name": "C4Stick",
    "Outer": "GBaby_2",
    "Template": "C4Stick_GEN_VARIABLE",
    "Class": "UScriptClass'C4StickComponent'",
    "Properties": {
      "UCSSerializationIndex": 0,
      "bNetAddressable": true,
      "CreationMethod": "EComponentCreationMethod::SimpleConstructionScript"
    }
  },
  {
    "Type": "CakAudioFlagComponent",
    "Name": "CakAudioFlag",
    "Outer": "GBaby2",
    "Template": "CakAudioFlag_GEN_VARIABLE",
    "Class": "UScriptClass'CakAudioFlagComponent'",
    "Properties": {
      "UCSSerializationIndex": 0,
      "bNetAddressable": true,
      "CreationMethod": "EComponentCreationMethod::SimpleConstructionScript"
    }
  },
  {
    "Type": "CakAudioFlagComponent",
    "Name": "CakAudioFlag",
    "Outer": "GBaby3",
    "Template": "CakAudioFlag_GEN_VARIABLE",
    "Class": "UScriptClass'CakAudioFlagComponent'",
    "Properties": {
      "UCSSerializationIndex": 0,
      "bNetAddressable": true,
      "CreationMethod": "EComponentCreationMethod::SimpleConstructionScript"
    }
  },
  {
    "Type": "CakAudioFlagComponent",
    "Name": "CakAudioFlag",
    "Outer": "GBaby_2",
    "Template": "CakAudioFlag_GEN_VARIABLE",
    "Class": "UScriptClass'CakAudioFlagComponent'",
    "Properties": {
      "UCSSerializationIndex": 0,
      "bNetAddressable": true,
      "CreationMethod": "EComponentCreationMethod::SimpleConstructionScript"
    }
  },
  {
    "Type": "CakAudioTableComponent",
    "Name": "CakAudioTable",
    "Outer": "GBaby2",
    "Template": "CakAudioTable_GEN_VARIABLE",
    "Class": "UScriptClass'CakAudioTableComponent'",
    "Properties": {
      "UCSSerializationIndex": 0,
      "bNetAddressable": true,
      "CreationMethod": "EComponentCreationMethod::SimpleConstructionScript"
    }
  },
  {
    "Type": "CakAudioTableComponent",
    "Name": "CakAudioTable",
    "Outer": "GBaby3",
    "Template": "CakAudioTable_GEN_VARIABLE",
    "Class": "UScriptClass'CakAudioTableComponent'",
    "Properties": {
      "UCSSerializationIndex": 0,
      "bNetAddressable": true,
      "CreationMethod": "EComponentCreationMethod::SimpleConstructionScript"
    }
  },
  {
    "Type": "CakAudioTableComponent",
    "Name": "CakAudioTable",
    "Outer": "GBaby_2",
    "Template": "CakAudioTable_GEN_VARIABLE",
    "Class": "UScriptClass'CakAudioTableComponent'",
    "Properties": {
      "UCSSerializationIndex": 0,
      "bNetAddressable": true,
      "CreationMethod": "EComponentCreationMethod::SimpleConstructionScript"
    }
  },
  {
    "Type": "CakEmitterConfigComponent",
    "Name": "CakEmitterConfig",
    "Outer": "GBaby2",
    "Template": "CakEmitterConfig_GEN_VARIABLE",
    "Class": "UScriptClass'CakEmitterConfigComponent'",
    "Properties": {
      "UCSSerializationIndex": 0,
      "bNetAddressable": true,
      "CreationMethod": "EComponentCreationMethod::SimpleConstructionScript"
    }
  },
  {
    "Type": "CakEmitterConfigComponent",
    "Name": "CakEmitterConfig",
    "Outer": "GBaby3",
    "Template": "CakEmitterConfig_GEN_VARIABLE",
    "Class": "UScriptClass'CakEmitterConfigComponent'",
    "Properties": {
      "UCSSerializationIndex": 0,
      "bNetAddressable": true,
      "CreationMethod": "EComponentCreationMethod::SimpleConstructionScript"
    }
  },
  {
    "Type": "CakEmitterConfigComponent",
    "Name": "CakEmitterConfig",
    "Outer": "GBaby_2",
    "Template": "CakEmitterConfig_GEN_VARIABLE",
    "Class": "UScriptClass'CakEmitterConfigComponent'",
    "Properties": {
      "UCSSerializationIndex": 0,
      "bNetAddressable": true,
      "CreationMethod": "EComponentCreationMethod::SimpleConstructionScript"
    }
  },
  {
    "Type": "CakEventHandlerComponent",
    "Name": "CakEventHandler",
    "Outer": "GBaby2",
    "Template": "CakEventHandler_GEN_VARIABLE",
    "Class": "UScriptClass'CakEventHandlerComponent'",
    "Properties": {
      "StaticUnits": [
        {
          "ObjectName": "CakSinkRatioControlUnit'Cave000_F00_Teki:PersistentLevel.GBaby2.CakEventHandler.CakSinkRatioControlUnit_1'",
          "ObjectPath": "/Game/Carrot4/Maps/Madori/Cave/Cave000/Cave000_F00/Sublevels/Cave000_F00_Teki.26"
        },
        {
          "ObjectName": "CakTerrainSwitchingUnit'Cave000_F00_Teki:PersistentLevel.GBaby2.CakEventHandler.CakTerrainSwitchingUnit_1'",
          "ObjectPath": "/Game/Carrot4/Maps/Madori/Cave/Cave000/Cave000_F00/Sublevels/Cave000_F00_Teki.29"
        }
      ],
      "UCSSerializationIndex": 0,
      "bNetAddressable": true,
      "CreationMethod": "EComponentCreationMethod::SimpleConstructionScript"
    }
  },
  {
    "Type": "CakEventHandlerComponent",
    "Name": "CakEventHandler",
    "Outer": "GBaby3",
    "Template": "CakEventHandler_GEN_VARIABLE",
    "Class": "UScriptClass'CakEventHandlerComponent'",
    "Properties": {
      "StaticUnits": [
        {
          "ObjectName": "CakSinkRatioControlUnit'Cave000_F00_Teki:PersistentLevel.GBaby3.CakEventHandler.CakSinkRatioControlUnit_1'",
          "ObjectPath": "/Game/Carrot4/Maps/Madori/Cave/Cave000/Cave000_F00/Sublevels/Cave000_F00_Teki.27"
        },
        {
          "ObjectName": "CakTerrainSwitchingUnit'Cave000_F00_Teki:PersistentLevel.GBaby3.CakEventHandler.CakTerrainSwitchingUnit_1'",
          "ObjectPath": "/Game/Carrot4/Maps/Madori/Cave/Cave000/Cave000_F00/Sublevels/Cave000_F00_Teki.30"
        }
      ],
      "UCSSerializationIndex": 0,
      "bNetAddressable": true,
      "CreationMethod": "EComponentCreationMethod::SimpleConstructionScript"
    }
  },
  {
    "Type": "CakEventHandlerComponent",
    "Name": "CakEventHandler",
    "Outer": "GBaby_2",
    "Template": "CakEventHandler_GEN_VARIABLE",
    "Class": "UScriptClass'CakEventHandlerComponent'",
    "Properties": {
      "StaticUnits": [
        {
          "ObjectName": "CakSinkRatioControlUnit'Cave000_F00_Teki:PersistentLevel.GBaby_2.CakEventHandler.CakSinkRatioControlUnit_1'",
          "ObjectPath": "/Game/Carrot4/Maps/Madori/Cave/Cave000/Cave000_F00/Sublevels/Cave000_F00_Teki.28"
        },
        {
          "ObjectName": "CakTerrainSwitchingUnit'Cave000_F00_Teki:PersistentLevel.GBaby_2.CakEventHandler.CakTerrainSwitchingUnit_1'",
          "ObjectPath": "/Game/Carrot4/Maps/Madori/Cave/Cave000/Cave000_F00/Sublevels/Cave000_F00_Teki.31"
        }
      ],
      "UCSSerializationIndex": 0,
      "bNetAddressable": true,
      "CreationMethod": "EComponentCreationMethod::SimpleConstructionScript"
    }
  },
  {
    "Type": "CakSinkRatioControlUnit",
    "Name": "CakSinkRatioControlUnit_1",
    "Outer": "CakEventHandler",
    "Template": "CakSinkRatioControlUnit_1",
    "Class": "UScriptClass'CakSinkRatioControlUnit'"
  },
  {
    "Type": "CakSinkRatioControlUnit",
    "Name": "CakSinkRatioControlUnit_1",
    "Outer": "CakEventHandler",
    "Template": "CakSinkRatioControlUnit_1",
    "Class": "UScriptClass'CakSinkRatioControlUnit'"
  },
  {
    "Type": "CakSinkRatioControlUnit",
    "Name": "CakSinkRatioControlUnit_1",
    "Outer": "CakEventHandler",
    "Template": "CakSinkRatioControlUnit_1",
    "Class": "UScriptClass'CakSinkRatioControlUnit'"
  },
  {
    "Type": "CakTerrainSwitchingUnit",
    "Name": "CakTerrainSwitchingUnit_1",
    "Outer": "CakEventHandler",
    "Template": "CakTerrainSwitchingUnit_1",
    "Class": "UScriptClass'CakTerrainSwitchingUnit'"
  },
  {
    "Type": "CakTerrainSwitchingUnit",
    "Name": "CakTerrainSwitchingUnit_1",
    "Outer": "CakEventHandler",
    "Template": "CakTerrainSwitchingUnit_1",
    "Class": "UScriptClass'CakTerrainSwitchingUnit'"
  },
  {
    "Type": "CakTerrainSwitchingUnit",
    "Name": "CakTerrainSwitchingUnit_1",
    "Outer": "CakEventHandler",
    "Template": "CakTerrainSwitchingUnit_1",
    "Class": "UScriptClass'CakTerrainSwitchingUnit'"
  },
  {
    "Type": "CarrotMoveComponent",
    "Name": "CarrotMove",
    "Outer": "GBaby2",
    "Template": "CarrotMove_GEN_VARIABLE",
    "Class": "UScriptClass'CarrotMoveComponent'",
    "Properties": {
      "UCSSerializationIndex": 0,
      "bNetAddressable": true,
      "CreationMethod": "EComponentCreationMethod::SimpleConstructionScript"
    }
  },
  {
    "Type": "CarrotMoveComponent",
    "Name": "CarrotMove",
    "Outer": "GBaby3",
    "Template": "CarrotMove_GEN_VARIABLE",
    "Class": "UScriptClass'CarrotMoveComponent'",
    "Properties": {
      "UCSSerializationIndex": 0,
      "bNetAddressable": true,
      "CreationMethod": "EComponentCreationMethod::SimpleConstructionScript"
    }
  },
  {
    "Type": "CarrotMoveComponent",
    "Name": "CarrotMove",
    "Outer": "GBaby_2",
    "Template": "CarrotMove_GEN_VARIABLE",
    "Class": "UScriptClass'CarrotMoveComponent'",
    "Properties": {
      "UCSSerializationIndex": 0,
      "bNetAddressable": true,
      "CreationMethod": "EComponentCreationMethod::SimpleConstructionScript"
    }
  },
  {
    "Type": "CarrotSkeletalMeshComponent",
    "Name": "CarrotSkeletalMesh",
    "Outer": "GBaby2",
    "Template": "CarrotSkeletalMesh_GEN_VARIABLE",
    "Class": "UScriptClass'CarrotSkeletalMeshComponent'",
    "Properties": {
      "bC4UseDistanceLOD": true,
      "AttachParent": {
        "ObjectName": "SphereComponent'Cave000_F00_Teki:PersistentLevel.GBaby2.Sphere'",
        "ObjectPath": "/Game/Carrot4/Maps/Madori/Cave/Cave000/Cave000_F00/Sublevels/Cave000_F00_Teki.64"
      },
      "UCSSerializationIndex": 0,
      "bNetAddressable": true,
      "CreationMethod": "EComponentCreationMethod::SimpleConstructionScript",
      "UCSModifiedProperties": [
        {
          "MemberParent": {
            "ObjectName": "Class'SkinnedMeshComponent'",
            "ObjectPath": "/Script/Engine"
          },
          "MemberName": "bC4UseDistanceLOD",
          "MemberGuid": "00000000-00000000-00000000-00000000"
        }
      ]
    }
  },
  {
    "Type": "CarrotSkeletalMeshComponent",
    "Name": "ShadowMesh",
    "Outer": "GBaby2",
    "Template": "ShadowMesh_GEN_VARIABLE",
    "Class": "UScriptClass'CarrotSkeletalMeshComponent'",
    "Properties": {
      "MasterPoseComponent": {
        "ObjectName": "CarrotSkeletalMeshComponent'Cave000_F00_Teki:PersistentLevel.GBaby2.CarrotSkeletalMesh'",
        "ObjectPath": "/Game/Carrot4/Maps/Madori/Cave/Cave000/Cave000_F00/Sublevels/Cave000_F00_Teki.35"
      },
      "bC4UseDistanceLOD": true,
      "AttachParent": {
        "ObjectName": "CarrotSkeletalMeshComponent'Cave000_F00_Teki:PersistentLevel.GBaby2.CarrotSkeletalMesh'",
        "ObjectPath": "/Game/Carrot4/Maps/Madori/Cave/Cave000/Cave000_F00/Sublevels/Cave000_F00_Teki.35"
      },
      "PrimaryComponentTick": {
        "EndTickGroup": "TG_PostPhysics"
      },
      "UCSSerializationIndex": 0,
      "bNetAddressable": true,
      "CreationMethod": "EComponentCreationMethod::SimpleConstructionScript",
      "UCSModifiedProperties": [
        {
          "MemberParent": {
            "ObjectName": "Class'SkinnedMeshComponent'",
            "ObjectPath": "/Script/Engine"
          },
          "MemberName": "bC4UseDistanceLOD",
          "MemberGuid": "00000000-00000000-00000000-00000000"
        }
      ]
    }
  },
  {
    "Type": "CarrotSkeletalMeshComponent",
    "Name": "CarrotSkeletalMesh",
    "Outer": "GBaby3",
    "Template": "CarrotSkeletalMesh_GEN_VARIABLE",
    "Class": "UScriptClass'CarrotSkeletalMeshComponent'",
    "Properties": {
      "bC4UseDistanceLOD": true,
      "AttachParent": {
        "ObjectName": "SphereComponent'Cave000_F00_Teki:PersistentLevel.GBaby3.Sphere'",
        "ObjectPath": "/Game/Carrot4/Maps/Madori/Cave/Cave000/Cave000_F00/Sublevels/Cave000_F00_Teki.66"
      },
      "UCSSerializationIndex": 0,
      "bNetAddressable": true,
      "CreationMethod": "EComponentCreationMethod::SimpleConstructionScript",
      "UCSModifiedProperties": [
        {
          "MemberParent": {
            "ObjectName": "Class'SkinnedMeshComponent'",
            "ObjectPath": "/Script/Engine"
          },
          "MemberName": "bC4UseDistanceLOD",
          "MemberGuid": "00000000-00000000-00000000-00000000"
        }
      ]
    }
  },
  {
    "Type": "CarrotSkeletalMeshComponent",
    "Name": "ShadowMesh",
    "Outer": "GBaby3",
    "Template": "ShadowMesh_GEN_VARIABLE",
    "Class": "UScriptClass'CarrotSkeletalMeshComponent'",
    "Properties": {
      "MasterPoseComponent": {
        "ObjectName": "CarrotSkeletalMeshComponent'Cave000_F00_Teki:PersistentLevel.GBaby3.CarrotSkeletalMesh'",
        "ObjectPath": "/Game/Carrot4/Maps/Madori/Cave/Cave000/Cave000_F00/Sublevels/Cave000_F00_Teki.37"
      },
      "bC4UseDistanceLOD": true,
      "AttachParent": {
        "ObjectName": "CarrotSkeletalMeshComponent'Cave000_F00_Teki:PersistentLevel.GBaby3.CarrotSkeletalMesh'",
        "ObjectPath": "/Game/Carrot4/Maps/Madori/Cave/Cave000/Cave000_F00/Sublevels/Cave000_F00_Teki.37"
      },
      "PrimaryComponentTick": {
        "EndTickGroup": "TG_PostPhysics"
      },
      "UCSSerializationIndex": 0,
      "bNetAddressable": true,
      "CreationMethod": "EComponentCreationMethod::SimpleConstructionScript",
      "UCSModifiedProperties": [
        {
          "MemberParent": {
            "ObjectName": "Class'SkinnedMeshComponent'",
            "ObjectPath": "/Script/Engine"
          },
          "MemberName": "bC4UseDistanceLOD",
          "MemberGuid": "00000000-00000000-00000000-00000000"
        }
      ]
    }
  },
  {
    "Type": "CarrotSkeletalMeshComponent",
    "Name": "CarrotSkeletalMesh",
    "Outer": "GBaby_2",
    "Template": "CarrotSkeletalMesh_GEN_VARIABLE",
    "Class": "UScriptClass'CarrotSkeletalMeshComponent'",
    "Properties": {
      "bC4UseDistanceLOD": true,
      "AttachParent": {
        "ObjectName": "SphereComponent'Cave000_F00_Teki:PersistentLevel.GBaby_2.Sphere'",
        "ObjectPath": "/Game/Carrot4/Maps/Madori/Cave/Cave000/Cave000_F00/Sublevels/Cave000_F00_Teki.68"
      },
      "UCSSerializationIndex": 0,
      "bNetAddressable": true,
      "CreationMethod": "EComponentCreationMethod::SimpleConstructionScript",
      "UCSModifiedProperties": [
        {
          "MemberParent": {
            "ObjectName": "Class'SkinnedMeshComponent'",
            "ObjectPath": "/Script/Engine"
          },
          "MemberName": "bC4UseDistanceLOD",
          "MemberGuid": "00000000-00000000-00000000-00000000"
        }
      ]
    }
  },
  {
    "Type": "CarrotSkeletalMeshComponent",
    "Name": "ShadowMesh",
    "Outer": "GBaby_2",
    "Template": "ShadowMesh_GEN_VARIABLE",
    "Class": "UScriptClass'CarrotSkeletalMeshComponent'",
    "Properties": {
      "MasterPoseComponent": {
        "ObjectName": "CarrotSkeletalMeshComponent'Cave000_F00_Teki:PersistentLevel.GBaby_2.CarrotSkeletalMesh'",
        "ObjectPath": "/Game/Carrot4/Maps/Madori/Cave/Cave000/Cave000_F00/Sublevels/Cave000_F00_Teki.39"
      },
      "bC4UseDistanceLOD": true,
      "AttachParent": {
        "ObjectName": "CarrotSkeletalMeshComponent'Cave000_F00_Teki:PersistentLevel.GBaby_2.CarrotSkeletalMesh'",
        "ObjectPath": "/Game/Carrot4/Maps/Madori/Cave/Cave000/Cave000_F00/Sublevels/Cave000_F00_Teki.39"
      },
      "PrimaryComponentTick": {
        "EndTickGroup": "TG_PostPhysics"
      },
      "UCSSerializationIndex": 0,
      "bNetAddressable": true,
      "CreationMethod": "EComponentCreationMethod::SimpleConstructionScript",
      "UCSModifiedProperties": [
        {
          "MemberParent": {
            "ObjectName": "Class'SkinnedMeshComponent'",
            "ObjectPath": "/Script/Engine"
          },
          "MemberName": "bC4UseDistanceLOD",
          "MemberGuid": "00000000-00000000-00000000-00000000"
        }
      ]
    }
  },
  {
    "Type": "Cave000_F00_Teki_C",
    "Name": "Cave000_F00_Teki_C_0",
    "Outer": "PersistentLevel",
    "Template": "Default__Cave000_F00_Teki_C",
    "Class": "BlueprintGeneratedClass'/Game/Carrot4/Maps/Madori/Cave/Cave000/Cave000_F00/Sublevels/Cave000_F00_Teki.Cave000_F00_Teki_C'"
  },
  {
    "Type": "CircleShadowMeshComponent",
    "Name": "CircleShadowMesh",
    "Outer": "GBaby2",
    "Template": "CircleShadowMesh_GEN_VARIABLE",
    "Class": "UScriptClass'CircleShadowMeshComponent'",
    "Properties": {
      "BodyInstance": {
        "MaxAngularVelocity": 3599.9998
      },
      "AttachParent": {
        "ObjectName": "SphereComponent'Cave000_F00_Teki:PersistentLevel.GBaby2.Sphere'",
        "ObjectPath": "/Game/Carrot4/Maps/Madori/Cave/Cave000/Cave000_F00/Sublevels/Cave000_F00_Teki.64"
      },
      "UCSSerializationIndex": 0,
      "bNetAddressable": true,
      "CreationMethod": "EComponentCreationMethod::SimpleConstructionScript"
    }
  },
  {
    "Type": "CircleShadowMeshComponent",
    "Name": "CircleShadowMesh",
    "Outer": "GBaby3",
    "Template": "CircleShadowMesh_GEN_VARIABLE",
    "Class": "UScriptClass'CircleShadowMeshComponent'",
    "Properties": {
      "BodyInstance": {
        "MaxAngularVelocity": 3599.9998
      },
      "AttachParent": {
        "ObjectName": "SphereComponent'Cave000_F00_Teki:PersistentLevel.GBaby3.Sphere'",
        "ObjectPath": "/Game/Carrot4/Maps/Madori/Cave/Cave000/Cave000_F00/Sublevels/Cave000_F00_Teki.66"
      },
      "UCSSerializationIndex": 0,
      "bNetAddressable": true,
      "CreationMethod": "EComponentCreationMethod::SimpleConstructionScript"
    }
  },
  {
    "Type": "CircleShadowMeshComponent",
    "Name": "CircleShadowMesh",
    "Outer": "GBaby_2",
    "Template": "CircleShadowMesh_GEN_VARIABLE",
    "Class": "UScriptClass'CircleShadowMeshComponent'",
    "Properties": {
      "BodyInstance": {
        "MaxAngularVelocity": 3599.9998
      },
      "AttachParent": {
        "ObjectName": "SphereComponent'Cave000_F00_Teki:PersistentLevel.GBaby_2.Sphere'",
        "ObjectPath": "/Game/Carrot4/Maps/Madori/Cave/Cave000/Cave000_F00/Sublevels/Cave000_F00_Teki.68"
      },
      "UCSSerializationIndex": 0,
      "bNetAddressable": true,
      "CreationMethod": "EComponentCreationMethod::SimpleConstructionScript"
    }
  },
  {
    "Type": "CollTreeComponent",
    "Name": "CollTree",
    "Outer": "GBaby2",
    "Template": "CollTree_GEN_VARIABLE",
    "Class": "UScriptClass'CollTreeComponent'",
    "Properties": {
      "UCSSerializationIndex": 0,
      "bNetAddressable": true,
      "CreationMethod": "EComponentCreationMethod::SimpleConstructionScript"
    }
  },
  {
    "Type": "CollTreeComponent",
    "Name": "CollTree",
    "Outer": "GBaby3",
    "Template": "CollTree_GEN_VARIABLE",
    "Class": "UScriptClass'CollTreeComponent'",
    "Properties": {
      "UCSSerializationIndex": 0,
      "bNetAddressable": true,
      "CreationMethod": "EComponentCreationMethod::SimpleConstructionScript"
    }
  },
  {
    "Type": "CollTreeComponent",
    "Name": "CollTree",
    "Outer": "GBaby_2",
    "Template": "CollTree_GEN_VARIABLE",
    "Class": "UScriptClass'CollTreeComponent'",
    "Properties": {
      "UCSSerializationIndex": 0,
      "bNetAddressable": true,
      "CreationMethod": "EComponentCreationMethod::SimpleConstructionScript"
    }
  },
  {
    "Type": "GBaby_C",
    "Name": "GBaby2",
    "Outer": "PersistentLevel",
    "Template": "Default__GBaby_C",
    "Class": "BlueprintGeneratedClass'/Game/Carrot4/Placeables/Teki/GBaby.GBaby_C'",
    "Properties": {
      "ShadowMesh": {
        "ObjectName": "CarrotSkeletalMeshComponent'Cave000_F00_Teki:PersistentLevel.GBaby2.ShadowMesh'",
        "ObjectPath": "/Game/Carrot4/Maps/Madori/Cave/Cave000/Cave000_F00/Sublevels/Cave000_F00_Teki.36"
      },
      "CircleShadowMesh": {
        "ObjectName": "CircleShadowMeshComponent'Cave000_F00_Teki:PersistentLevel.GBaby2.CircleShadowMesh'",
        "ObjectPath": "/Game/Carrot4/Maps/Madori/Cave/Cave000/Cave000_F00/Sublevels/Cave000_F00_Teki.42"
      },
      "CakAudioFlag": {
        "ObjectName": "CakAudioFlagComponent'Cave000_F00_Teki:PersistentLevel.GBaby2.CakAudioFlag'",
        "ObjectPath": "/Game/Carrot4/Maps/Madori/Cave/Cave000/Cave000_F00/Sublevels/Cave000_F00_Teki.14"
      },
      "CollTree_Body": {
        "ObjectName": "SphereComponent'Cave000_F00_Teki:PersistentLevel.GBaby2.CollTree_Body'",
        "ObjectPath": "/Game/Carrot4/Maps/Madori/Cave/Cave000/Cave000_F00/Sublevels/Cave000_F00_Teki.63"
      },
      "BabyAI": {
        "ObjectName": "BabyAIComponent'Cave000_F00_Teki:PersistentLevel.GBaby2.BabyAI'",
        "ObjectPath": "/Game/Carrot4/Maps/Madori/Cave/Cave000/Cave000_F00/Sublevels/Cave000_F00_Teki.8"
      },
      "CarrotMove": {
        "ObjectName": "CarrotMoveComponent'Cave000_F00_Teki:PersistentLevel.GBaby2.CarrotMove'",
        "ObjectPath": "/Game/Carrot4/Maps/Madori/Cave/Cave000/Cave000_F00/Sublevels/Cave000_F00_Teki.32"
      },
      "AttackAffordance": {
        "ObjectName": "AttackAffordanceComponent'Cave000_F00_Teki:PersistentLevel.GBaby2.AttackAffordance'",
        "ObjectPath": "/Game/Carrot4/Maps/Madori/Cave/Cave000/Cave000_F00/Sublevels/Cave000_F00_Teki.5"
      },
      "Ak": {
        "ObjectName": "AkComponent'Cave000_F00_Teki:PersistentLevel.GBaby2.Ak'",
        "ObjectPath": "/Game/Carrot4/Maps/Madori/Cave/Cave000/Cave000_F00/Sublevels/Cave000_F00_Teki.2"
      },
      "C4Stick": {
        "ObjectName": "C4StickComponent'Cave000_F00_Teki:PersistentLevel.GBaby2.C4Stick'",
        "ObjectPath": "/Game/Carrot4/Maps/Madori/Cave/Cave000/Cave000_F00/Sublevels/Cave000_F00_Teki.11"
      },
      "Life": {
        "ObjectName": "LifeComponent'Cave000_F00_Teki:PersistentLevel.GBaby2.Life'",
        "ObjectPath": "/Game/Carrot4/Maps/Madori/Cave/Cave000/Cave000_F00/Sublevels/Cave000_F00_Teki.53"
      },
      "CakAudioTable": {
        "ObjectName": "CakAudioTableComponent'Cave000_F00_Teki:PersistentLevel.GBaby2.CakAudioTable'",
        "ObjectPath": "/Game/Carrot4/Maps/Madori/Cave/Cave000/Cave000_F00/Sublevels/Cave000_F00_Teki.17"
      },
      "CakEmitterConfig": {
        "ObjectName": "CakEmitterConfigComponent'Cave000_F00_Teki:PersistentLevel.GBaby2.CakEmitterConfig'",
        "ObjectPath": "/Game/Carrot4/Maps/Madori/Cave/Cave000/Cave000_F00/Sublevels/Cave000_F00_Teki.20"
      },
      "CakEventHandler": {
        "ObjectName": "CakEventHandlerComponent'Cave000_F00_Teki:PersistentLevel.GBaby2.CakEventHandler'",
        "ObjectPath": "/Game/Carrot4/Maps/Madori/Cave/Cave000/Cave000_F00/Sublevels/Cave000_F00_Teki.23"
      },
      "PointerAssist": {
        "ObjectName": "PointerAssistComponent'Cave000_F00_Teki:PersistentLevel.GBaby2.PointerAssist'",
        "ObjectPath": "/Game/Carrot4/Maps/Madori/Cave/Cave000/Cave000_F00/Sublevels/Cave000_F00_Teki.59"
      },
      "CollTree": {
        "ObjectName": "CollTreeComponent'Cave000_F00_Teki:PersistentLevel.GBaby2.CollTree'",
        "ObjectPath": "/Game/Carrot4/Maps/Madori/Cave/Cave000/Cave000_F00/Sublevels/Cave000_F00_Teki.45"
      },
      "CarrotSkeletalMesh": {
        "ObjectName": "CarrotSkeletalMeshComponent'Cave000_F00_Teki:PersistentLevel.GBaby2.CarrotSkeletalMesh'",
        "ObjectPath": "/Game/Carrot4/Maps/Madori/Cave/Cave000/Cave000_F00/Sublevels/Cave000_F00_Teki.35"
      },
      "Sphere": {
        "ObjectName": "SphereComponent'Cave000_F00_Teki:PersistentLevel.GBaby2.Sphere'",
        "ObjectPath": "/Game/Carrot4/Maps/Madori/Cave/Cave000/Cave000_F00/Sublevels/Cave000_F00_Teki.64"
      },
      "CarrotMoveComponent": {
        "ObjectName": "CarrotMoveComponent'Cave000_F00_Teki:PersistentLevel.GBaby2.CarrotMove'",
        "ObjectPath": "/Game/Carrot4/Maps/Madori/Cave/Cave000/Cave000_F00/Sublevels/Cave000_F00_Teki.32"
      },
      "SkeletalMeshComponent": {
        "ObjectName": "CarrotSkeletalMeshComponent'Cave000_F00_Teki:PersistentLevel.GBaby2.CarrotSkeletalMesh'",
        "ObjectPath": "/Game/Carrot4/Maps/Madori/Cave/Cave000/Cave000_F00/Sublevels/Cave000_F00_Teki.35"
      },
      "AffordanceComponent": {
        "ObjectName": "AttackAffordanceComponent'Cave000_F00_Teki:PersistentLevel.GBaby2.AttackAffordance'",
        "ObjectPath": "/Game/Carrot4/Maps/Madori/Cave/Cave000/Cave000_F00/Sublevels/Cave000_F00_Teki.5"
      },
      "AttackAffordanceComponent": {
        "ObjectName": "AttackAffordanceComponent'Cave000_F00_Teki:PersistentLevel.GBaby2.AttackAffordance'",
        "ObjectPath": "/Game/Carrot4/Maps/Madori/Cave/Cave000/Cave000_F00/Sublevels/Cave000_F00_Teki.5"
      },
      "StickComponent": {
        "ObjectName": "C4StickComponent'Cave000_F00_Teki:PersistentLevel.GBaby2.C4Stick'",
        "ObjectPath": "/Game/Carrot4/Maps/Madori/Cave/Cave000/Cave000_F00/Sublevels/Cave000_F00_Teki.11"
      },
      "LifeComponent": {
        "ObjectName": "LifeComponent'Cave000_F00_Teki:PersistentLevel.GBaby2.Life'",
        "ObjectPath": "/Game/Carrot4/Maps/Madori/Cave/Cave000/Cave000_F00/Sublevels/Cave000_F00_Teki.53"
      },
      "WaterBoxFollowContext": {
        "bCheck": false
      },
      "bEnableAutoCorrect": false,
      "GenerateInfo": {
        "DebugUniqueId": 4294967321
      },
      "RebirthInfo": {
        "RebirthType": "ERebirthType::NoRebirth"
      },
      "RootComponent": {
        "ObjectName": "SphereComponent'Cave000_F00_Teki:PersistentLevel.GBaby2.Sphere'",
        "ObjectPath": "/Game/Carrot4/Maps/Madori/Cave/Cave000/Cave000_F00/Sublevels/Cave000_F00_Teki.64"
      },
      "BlueprintCreatedComponents": [
        {
          "ObjectName": "SphereComponent'Cave000_F00_Teki:PersistentLevel.GBaby2.Sphere'",
          "ObjectPath": "/Game/Carrot4/Maps/Madori/Cave/Cave000/Cave000_F00/Sublevels/Cave000_F00_Teki.64"
        },
        {
          "ObjectName": "CarrotSkeletalMeshComponent'Cave000_F00_Teki:PersistentLevel.GBaby2.CarrotSkeletalMesh'",
          "ObjectPath": "/Game/Carrot4/Maps/Madori/Cave/Cave000/Cave000_F00/Sublevels/Cave000_F00_Teki.35"
        },
        {
          "ObjectName": "AkComponent'Cave000_F00_Teki:PersistentLevel.GBaby2.Ak'",
          "ObjectPath": "/Game/Carrot4/Maps/Madori/Cave/Cave000/Cave000_F00/Sublevels/Cave000_F00_Teki.2"
        },
        {
          "ObjectName": "CollTreeComponent'Cave000_F00_Teki:PersistentLevel.GBaby2.CollTree'",
          "ObjectPath": "/Game/Carrot4/Maps/Madori/Cave/Cave000/Cave000_F00/Sublevels/Cave000_F00_Teki.45"
        },
        {
          "ObjectName": "PointerAssistComponent'Cave000_F00_Teki:PersistentLevel.GBaby2.PointerAssist'",
          "ObjectPath": "/Game/Carrot4/Maps/Madori/Cave/Cave000/Cave000_F00/Sublevels/Cave000_F00_Teki.59"
        },
        {
          "ObjectName": "CakEventHandlerComponent'Cave000_F00_Teki:PersistentLevel.GBaby2.CakEventHandler'",
          "ObjectPath": "/Game/Carrot4/Maps/Madori/Cave/Cave000/Cave000_F00/Sublevels/Cave000_F00_Teki.23"
        },
        {
          "ObjectName": "CakEmitterConfigComponent'Cave000_F00_Teki:PersistentLevel.GBaby2.CakEmitterConfig'",
          "ObjectPath": "/Game/Carrot4/Maps/Madori/Cave/Cave000/Cave000_F00/Sublevels/Cave000_F00_Teki.20"
        },
        {
          "ObjectName": "CakAudioTableComponent'Cave000_F00_Teki:PersistentLevel.GBaby2.CakAudioTable'",
          "ObjectPath": "/Game/Carrot4/Maps/Madori/Cave/Cave000/Cave000_F00/Sublevels/Cave000_F00_Teki.17"
        },
        {
          "ObjectName": "LifeComponent'Cave000_F00_Teki:PersistentLevel.GBaby2.Life'",
          "ObjectPath": "/Game/Carrot4/Maps/Madori/Cave/Cave000/Cave000_F00/Sublevels/Cave000_F00_Teki.53"
        },
        {
          "ObjectName": "C4StickComponent'Cave000_F00_Teki:PersistentLevel.GBaby2.C4Stick'",
          "ObjectPath": "/Game/Carrot4/Maps/Madori/Cave/Cave000/Cave000_F00/Sublevels/Cave000_F00_Teki.11"
        },
        {
          "ObjectName": "AttackAffordanceComponent'Cave000_F00_Teki:PersistentLevel.GBaby2.AttackAffordance'",
          "ObjectPath": "/Game/Carrot4/Maps/Madori/Cave/Cave000/Cave000_F00/Sublevels/Cave000_F00_Teki.5"
        },
        {
          "ObjectName": "CarrotMoveComponent'Cave000_F00_Teki:PersistentLevel.GBaby2.CarrotMove'",
          "ObjectPath": "/Game/Carrot4/Maps/Madori/Cave/Cave000/Cave000_F00/Sublevels/Cave000_F00_Teki.32"
        },
        {
          "ObjectName": "BabyAIComponent'Cave000_F00_Teki:PersistentLevel.GBaby2.BabyAI'",
          "ObjectPath": "/Game/Carrot4/Maps/Madori/Cave/Cave000/Cave000_F00/Sublevels/Cave000_F00_Teki.8"
        },
        {
          "ObjectName": "SphereComponent'Cave000_F00_Teki:PersistentLevel.GBaby2.CollTree_Body'",
          "ObjectPath": "/Game/Carrot4/Maps/Madori/Cave/Cave000/Cave000_F00/Sublevels/Cave000_F00_Teki.63"
        },
        {
          "ObjectName": "CakAudioFlagComponent'Cave000_F00_Teki:PersistentLevel.GBaby2.CakAudioFlag'",
          "ObjectPath": "/Game/Carrot4/Maps/Madori/Cave/Cave000/Cave000_F00/Sublevels/Cave000_F00_Teki.14"
        },
        {
          "ObjectName": "CircleShadowMeshComponent'Cave000_F00_Teki:PersistentLevel.GBaby2.CircleShadowMesh'",
          "ObjectPath": "/Game/Carrot4/Maps/Madori/Cave/Cave000/Cave000_F00/Sublevels/Cave000_F00_Teki.42"
        },
        {
          "ObjectName": "CarrotSkeletalMeshComponent'Cave000_F00_Teki:PersistentLevel.GBaby2.ShadowMesh'",
          "ObjectPath": "/Game/Carrot4/Maps/Madori/Cave/Cave000/Cave000_F00/Sublevels/Cave000_F00_Teki.36"
        }
      ]
    }
  },
  {
    "Type": "GBaby_C",
    "Name": "GBaby3",
    "Outer": "PersistentLevel",
    "Template": "Default__GBaby_C",
    "Class": "BlueprintGeneratedClass'/Game/Carrot4/Placeables/Teki/GBaby.GBaby_C'",
    "Properties": {
      "ShadowMesh": {
        "ObjectName": "CarrotSkeletalMeshComponent'Cave000_F00_Teki:PersistentLevel.GBaby3.ShadowMesh'",
        "ObjectPath": "/Game/Carrot4/Maps/Madori/Cave/Cave000/Cave000_F00/Sublevels/Cave000_F00_Teki.38"
      },
      "CircleShadowMesh": {
        "ObjectName": "CircleShadowMeshComponent'Cave000_F00_Teki:PersistentLevel.GBaby3.CircleShadowMesh'",
        "ObjectPath": "/Game/Carrot4/Maps/Madori/Cave/Cave000/Cave000_F00/Sublevels/Cave000_F00_Teki.43"
      },
      "CakAudioFlag": {
        "ObjectName": "CakAudioFlagComponent'Cave000_F00_Teki:PersistentLevel.GBaby3.CakAudioFlag'",
        "ObjectPath": "/Game/Carrot4/Maps/Madori/Cave/Cave000/Cave000_F00/Sublevels/Cave000_F00_Teki.15"
      },
      "CollTree_Body": {
        "ObjectName": "SphereComponent'Cave000_F00_Teki:PersistentLevel.GBaby3.CollTree_Body'",
        "ObjectPath": "/Game/Carrot4/Maps/Madori/Cave/Cave000/Cave000_F00/Sublevels/Cave000_F00_Teki.65"
      },
      "BabyAI": {
        "ObjectName": "BabyAIComponent'Cave000_F00_Teki:PersistentLevel.GBaby3.BabyAI'",
        "ObjectPath": "/Game/Carrot4/Maps/Madori/Cave/Cave000/Cave000_F00/Sublevels/Cave000_F00_Teki.9"
      },
      "CarrotMove": {
        "ObjectName": "CarrotMoveComponent'Cave000_F00_Teki:PersistentLevel.GBaby3.CarrotMove'",
        "ObjectPath": "/Game/Carrot4/Maps/Madori/Cave/Cave000/Cave000_F00/Sublevels/Cave000_F00_Teki.33"
      },
      "AttackAffordance": {
        "ObjectName": "AttackAffordanceComponent'Cave000_F00_Teki:PersistentLevel.GBaby3.AttackAffordance'",
        "ObjectPath": "/Game/Carrot4/Maps/Madori/Cave/Cave000/Cave000_F00/Sublevels/Cave000_F00_Teki.6"
      },
      "Ak": {
        "ObjectName": "AkComponent'Cave000_F00_Teki:PersistentLevel.GBaby3.Ak'",
        "ObjectPath": "/Game/Carrot4/Maps/Madori/Cave/Cave000/Cave000_F00/Sublevels/Cave000_F00_Teki.3"
      },
      "C4Stick": {
        "ObjectName": "C4StickComponent'Cave000_F00_Teki:PersistentLevel.GBaby3.C4Stick'",
        "ObjectPath": "/Game/Carrot4/Maps/Madori/Cave/Cave000/Cave000_F00/Sublevels/Cave000_F00_Teki.12"
      },
      "Life": {
        "ObjectName": "LifeComponent'Cave000_F00_Teki:PersistentLevel.GBaby3.Life'",
        "ObjectPath": "/Game/Carrot4/Maps/Madori/Cave/Cave000/Cave000_F00/Sublevels/Cave000_F00_Teki.54"
      },
      "CakAudioTable": {
        "ObjectName": "CakAudioTableComponent'Cave000_F00_Teki:PersistentLevel.GBaby3.CakAudioTable'",
        "ObjectPath": "/Game/Carrot4/Maps/Madori/Cave/Cave000/Cave000_F00/Sublevels/Cave000_F00_Teki.18"
      },
      "CakEmitterConfig": {
        "ObjectName": "CakEmitterConfigComponent'Cave000_F00_Teki:PersistentLevel.GBaby3.CakEmitterConfig'",
        "ObjectPath": "/Game/Carrot4/Maps/Madori/Cave/Cave000/Cave000_F00/Sublevels/Cave000_F00_Teki.21"
      },
      "CakEventHandler": {
        "ObjectName": "CakEventHandlerComponent'Cave000_F00_Teki:PersistentLevel.GBaby3.CakEventHandler'",
        "ObjectPath": "/Game/Carrot4/Maps/Madori/Cave/Cave000/Cave000_F00/Sublevels/Cave000_F00_Teki.24"
      },
      "PointerAssist": {
        "ObjectName": "PointerAssistComponent'Cave000_F00_Teki:PersistentLevel.GBaby3.PointerAssist'",
        "ObjectPath": "/Game/Carrot4/Maps/Madori/Cave/Cave000/Cave000_F00/Sublevels/Cave000_F00_Teki.60"
      },
      "CollTree": {
        "ObjectName": "CollTreeComponent'Cave000_F00_Teki:PersistentLevel.GBaby3.CollTree'",
        "ObjectPath": "/Game/Carrot4/Maps/Madori/Cave/Cave000/Cave000_F00/Sublevels/Cave000_F00_Teki.46"
      },
      "CarrotSkeletalMesh": {
        "ObjectName": "CarrotSkeletalMeshComponent'Cave000_F00_Teki:PersistentLevel.GBaby3.CarrotSkeletalMesh'",
        "ObjectPath": "/Game/Carrot4/Maps/Madori/Cave/Cave000/Cave000_F00/Sublevels/Cave000_F00_Teki.37"
      },
      "Sphere": {
        "ObjectName": "SphereComponent'Cave000_F00_Teki:PersistentLevel.GBaby3.Sphere'",
        "ObjectPath": "/Game/Carrot4/Maps/Madori/Cave/Cave000/Cave000_F00/Sublevels/Cave000_F00_Teki.66"
      },
      "CarrotMoveComponent": {
        "ObjectName": "CarrotMoveComponent'Cave000_F00_Teki:PersistentLevel.GBaby3.CarrotMove'",
        "ObjectPath": "/Game/Carrot4/Maps/Madori/Cave/Cave000/Cave000_F00/Sublevels/Cave000_F00_Teki.33"
      },
      "SkeletalMeshComponent": {
        "ObjectName": "CarrotSkeletalMeshComponent'Cave000_F00_Teki:PersistentLevel.GBaby3.CarrotSkeletalMesh'",
        "ObjectPath": "/Game/Carrot4/Maps/Madori/Cave/Cave000/Cave000_F00/Sublevels/Cave000_F00_Teki.37"
      },
      "AffordanceComponent": {
        "ObjectName": "AttackAffordanceComponent'Cave000_F00_Teki:PersistentLevel.GBaby3.AttackAffordance'",
        "ObjectPath": "/Game/Carrot4/Maps/Madori/Cave/Cave000/Cave000_F00/Sublevels/Cave000_F00_Teki.6"
      },
      "AttackAffordanceComponent": {
        "ObjectName": "AttackAffordanceComponent'Cave000_F00_Teki:PersistentLevel.GBaby3.AttackAffordance'",
        "ObjectPath": "/Game/Carrot4/Maps/Madori/Cave/Cave000/Cave000_F00/Sublevels/Cave000_F00_Teki.6"
      },
      "StickComponent": {
        "ObjectName": "C4StickComponent'Cave000_F00_Teki:PersistentLevel.GBaby3.C4Stick'",
        "ObjectPath": "/Game/Carrot4/Maps/Madori/Cave/Cave000/Cave000_F00/Sublevels/Cave000_F00_Teki.12"
      },
      "LifeComponent": {
        "ObjectName": "LifeComponent'Cave000_F00_Teki:PersistentLevel.GBaby3.Life'",
        "ObjectPath": "/Game/Carrot4/Maps/Madori/Cave/Cave000/Cave000_F00/Sublevels/Cave000_F00_Teki.54"
      },
      "WaterBoxFollowContext": {
        "bCheck": false
      },
      "bEnableAutoCorrect": false,
      "GenerateInfo": {
        "DebugUniqueId": 4611686022722355231
      },
      "RebirthInfo": {
        "RebirthType": "ERebirthType::NoRebirth"
      },
      "RootComponent": {
        "ObjectName": "SphereComponent'Cave000_F00_Teki:PersistentLevel.GBaby3.Sphere'",
        "ObjectPath": "/Game/Carrot4/Maps/Madori/Cave/Cave000/Cave000_F00/Sublevels/Cave000_F00_Teki.66"
      },
      "BlueprintCreatedComponents": [
        {
          "ObjectName": "SphereComponent'Cave000_F00_Teki:PersistentLevel.GBaby3.Sphere'",
          "ObjectPath": "/Game/Carrot4/Maps/Madori/Cave/Cave000/Cave000_F00/Sublevels/Cave000_F00_Teki.66"
        },
        {
          "ObjectName": "CarrotSkeletalMeshComponent'Cave000_F00_Teki:PersistentLevel.GBaby3.CarrotSkeletalMesh'",
          "ObjectPath": "/Game/Carrot4/Maps/Madori/Cave/Cave000/Cave000_F00/Sublevels/Cave000_F00_Teki.37"
        },
        {
          "ObjectName": "AkComponent'Cave000_F00_Teki:PersistentLevel.GBaby3.Ak'",
          "ObjectPath": "/Game/Carrot4/Maps/Madori/Cave/Cave000/Cave000_F00/Sublevels/Cave000_F00_Teki.3"
        },
        {
          "ObjectName": "CollTreeComponent'Cave000_F00_Teki:PersistentLevel.GBaby3.CollTree'",
          "ObjectPath": "/Game/Carrot4/Maps/Madori/Cave/Cave000/Cave000_F00/Sublevels/Cave000_F00_Teki.46"
        },
        {
          "ObjectName": "PointerAssistComponent'Cave000_F00_Teki:PersistentLevel.GBaby3.PointerAssist'",
          "ObjectPath": "/Game/Carrot4/Maps/Madori/Cave/Cave000/Cave000_F00/Sublevels/Cave000_F00_Teki.60"
        },
        {
          "ObjectName": "CakEventHandlerComponent'Cave000_F00_Teki:PersistentLevel.GBaby3.CakEventHandler'",
          "ObjectPath": "/Game/Carrot4/Maps/Madori/Cave/Cave000/Cave000_F00/Sublevels/Cave000_F00_Teki.24"
        },
        {
          "ObjectName": "CakEmitterConfigComponent'Cave000_F00_Teki:PersistentLevel.GBaby3.CakEmitterConfig'",
          "ObjectPath": "/Game/Carrot4/Maps/Madori/Cave/Cave000/Cave000_F00/Sublevels/Cave000_F00_Teki.21"
        },
        {
          "ObjectName": "CakAudioTableComponent'Cave000_F00_Teki:PersistentLevel.GBaby3.CakAudioTable'",
          "ObjectPath": "/Game/Carrot4/Maps/Madori/Cave/Cave000/Cave000_F00/Sublevels/Cave000_F00_Teki.18"
        },
        {
          "ObjectName": "LifeComponent'Cave000_F00_Teki:PersistentLevel.GBaby3.Life'",
          "ObjectPath": "/Game/Carrot4/Maps/Madori/Cave/Cave000/Cave000_F00/Sublevels/Cave000_F00_Teki.54"
        },
        {
          "ObjectName": "C4StickComponent'Cave000_F00_Teki:PersistentLevel.GBaby3.C4Stick'",
          "ObjectPath": "/Game/Carrot4/Maps/Madori/Cave/Cave000/Cave000_F00/Sublevels/Cave000_F00_Teki.12"
        },
        {
          "ObjectName": "AttackAffordanceComponent'Cave000_F00_Teki:PersistentLevel.GBaby3.AttackAffordance'",
          "ObjectPath": "/Game/Carrot4/Maps/Madori/Cave/Cave000/Cave000_F00/Sublevels/Cave000_F00_Teki.6"
        },
        {
          "ObjectName": "CarrotMoveComponent'Cave000_F00_Teki:PersistentLevel.GBaby3.CarrotMove'",
          "ObjectPath": "/Game/Carrot4/Maps/Madori/Cave/Cave000/Cave000_F00/Sublevels/Cave000_F00_Teki.33"
        },
        {
          "ObjectName": "BabyAIComponent'Cave000_F00_Teki:PersistentLevel.GBaby3.BabyAI'",
          "ObjectPath": "/Game/Carrot4/Maps/Madori/Cave/Cave000/Cave000_F00/Sublevels/Cave000_F00_Teki.9"
        },
        {
          "ObjectName": "SphereComponent'Cave000_F00_Teki:PersistentLevel.GBaby3.CollTree_Body'",
          "ObjectPath": "/Game/Carrot4/Maps/Madori/Cave/Cave000/Cave000_F00/Sublevels/Cave000_F00_Teki.65"
        },
        {
          "ObjectName": "CakAudioFlagComponent'Cave000_F00_Teki:PersistentLevel.GBaby3.CakAudioFlag'",
          "ObjectPath": "/Game/Carrot4/Maps/Madori/Cave/Cave000/Cave000_F00/Sublevels/Cave000_F00_Teki.15"
        },
        {
          "ObjectName": "CircleShadowMeshComponent'Cave000_F00_Teki:PersistentLevel.GBaby3.CircleShadowMesh'",
          "ObjectPath": "/Game/Carrot4/Maps/Madori/Cave/Cave000/Cave000_F00/Sublevels/Cave000_F00_Teki.43"
        },
        {
          "ObjectName": "CarrotSkeletalMeshComponent'Cave000_F00_Teki:PersistentLevel.GBaby3.ShadowMesh'",
          "ObjectPath": "/Game/Carrot4/Maps/Madori/Cave/Cave000/Cave000_F00/Sublevels/Cave000_F00_Teki.38"
        }
      ]
    }
  },
  {
    "Type": "GBaby_C",
    "Name": "GBaby_2",
    "Outer": "PersistentLevel",
    "Template": "Default__GBaby_C",
    "Class": "BlueprintGeneratedClass'/Game/Carrot4/Placeables/Teki/GBaby.GBaby_C'",
    "Properties": {
      "ShadowMesh": {
        "ObjectName": "CarrotSkeletalMeshComponent'Cave000_F00_Teki:PersistentLevel.GBaby_2.ShadowMesh'",
        "ObjectPath": "/Game/Carrot4/Maps/Madori/Cave/Cave000/Cave000_F00/Sublevels/Cave000_F00_Teki.40"
      },
      "CircleShadowMesh": {
        "ObjectName": "CircleShadowMeshComponent'Cave000_F00_Teki:PersistentLevel.GBaby_2.CircleShadowMesh'",
        "ObjectPath": "/Game/Carrot4/Maps/Madori/Cave/Cave000/Cave000_F00/Sublevels/Cave000_F00_Teki.44"
      },
      "CakAudioFlag": {
        "ObjectName": "CakAudioFlagComponent'Cave000_F00_Teki:PersistentLevel.GBaby_2.CakAudioFlag'",
        "ObjectPath": "/Game/Carrot4/Maps/Madori/Cave/Cave000/Cave000_F00/Sublevels/Cave000_F00_Teki.16"
      },
      "CollTree_Body": {
        "ObjectName": "SphereComponent'Cave000_F00_Teki:PersistentLevel.GBaby_2.CollTree_Body'",
        "ObjectPath": "/Game/Carrot4/Maps/Madori/Cave/Cave000/Cave000_F00/Sublevels/Cave000_F00_Teki.67"
      },
      "BabyAI": {
        "ObjectName": "BabyAIComponent'Cave000_F00_Teki:PersistentLevel.GBaby_2.BabyAI'",
        "ObjectPath": "/Game/Carrot4/Maps/Madori/Cave/Cave000/Cave000_F00/Sublevels/Cave000_F00_Teki.10"
      },
      "CarrotMove": {
        "ObjectName": "CarrotMoveComponent'Cave000_F00_Teki:PersistentLevel.GBaby_2.CarrotMove'",
        "ObjectPath": "/Game/Carrot4/Maps/Madori/Cave/Cave000/Cave000_F00/Sublevels/Cave000_F00_Teki.34"
      },
      "AttackAffordance": {
        "ObjectName": "AttackAffordanceComponent'Cave000_F00_Teki:PersistentLevel.GBaby_2.AttackAffordance'",
        "ObjectPath": "/Game/Carrot4/Maps/Madori/Cave/Cave000/Cave000_F00/Sublevels/Cave000_F00_Teki.7"
      },
      "Ak": {
        "ObjectName": "AkComponent'Cave000_F00_Teki:PersistentLevel.GBaby_2.Ak'",
        "ObjectPath": "/Game/Carrot4/Maps/Madori/Cave/Cave000/Cave000_F00/Sublevels/Cave000_F00_Teki.4"
      },
      "C4Stick": {
        "ObjectName": "C4StickComponent'Cave000_F00_Teki:PersistentLevel.GBaby_2.C4Stick'",
        "ObjectPath": "/Game/Carrot4/Maps/Madori/Cave/Cave000/Cave000_F00/Sublevels/Cave000_F00_Teki.13"
      },
      "Life": {
        "ObjectName": "LifeComponent'Cave000_F00_Teki:PersistentLevel.GBaby_2.Life'",
        "ObjectPath": "/Game/Carrot4/Maps/Madori/Cave/Cave000/Cave000_F00/Sublevels/Cave000_F00_Teki.55"
      },
      "CakAudioTable": {
        "ObjectName": "CakAudioTableComponent'Cave000_F00_Teki:PersistentLevel.GBaby_2.CakAudioTable'",
        "ObjectPath": "/Game/Carrot4/Maps/Madori/Cave/Cave000/Cave000_F00/Sublevels/Cave000_F00_Teki.19"
      },
      "CakEmitterConfig": {
        "ObjectName": "CakEmitterConfigComponent'Cave000_F00_Teki:PersistentLevel.GBaby_2.CakEmitterConfig'",
        "ObjectPath": "/Game/Carrot4/Maps/Madori/Cave/Cave000/Cave000_F00/Sublevels/Cave000_F00_Teki.22"
      },
      "CakEventHandler": {
        "ObjectName": "CakEventHandlerComponent'Cave000_F00_Teki:PersistentLevel.GBaby_2.CakEventHandler'",
        "ObjectPath": "/Game/Carrot4/Maps/Madori/Cave/Cave000/Cave000_F00/Sublevels/Cave000_F00_Teki.25"
      },
      "PointerAssist": {
        "ObjectName": "PointerAssistComponent'Cave000_F00_Teki:PersistentLevel.GBaby_2.PointerAssist'",
        "ObjectPath": "/Game/Carrot4/Maps/Madori/Cave/Cave000/Cave000_F00/Sublevels/Cave000_F00_Teki.61"
      },
      "CollTree": {
        "ObjectName": "CollTreeComponent'Cave000_F00_Teki:PersistentLevel.GBaby_2.CollTree'",
        "ObjectPath": "/Game/Carrot4/Maps/Madori/Cave/Cave000/Cave000_F00/Sublevels/Cave000_F00_Teki.47"
      },
      "CarrotSkeletalMesh": {
        "ObjectName": "CarrotSkeletalMeshComponent'Cave000_F00_Teki:PersistentLevel.GBaby_2.CarrotSkeletalMesh'",
        "ObjectPath": "/Game/Carrot4/Maps/Madori/Cave/Cave000/Cave000_F00/Sublevels/Cave000_F00_Teki.39"
      },
      "Sphere": {
        "ObjectName": "SphereComponent'Cave000_F00_Teki:PersistentLevel.GBaby_2.Sphere'",
        "ObjectPath": "/Game/Carrot4/Maps/Madori/Cave/Cave000/Cave000_F00/Sublevels/Cave000_F00_Teki.68"
      },
      "CarrotMoveComponent": {
        "ObjectName": "CarrotMoveComponent'Cave000_F00_Teki:PersistentLevel.GBaby_2.CarrotMove'",
        "ObjectPath": "/Game/Carrot4/Maps/Madori/Cave/Cave000/Cave000_F00/Sublevels/Cave000_F00_Teki.34"
      },
      "SkeletalMeshComponent": {
        "ObjectName": "CarrotSkeletalMeshComponent'Cave000_F00_Teki:PersistentLevel.GBaby_2.CarrotSkeletalMesh'",
        "ObjectPath": "/Game/Carrot4/Maps/Madori/Cave/Cave000/Cave000_F00/Sublevels/Cave000_F00_Teki.39"
      },
      "AffordanceComponent": {
        "ObjectName": "AttackAffordanceComponent'Cave000_F00_Teki:PersistentLevel.GBaby_2.AttackAffordance'",
        "ObjectPath": "/Game/Carrot4/Maps/Madori/Cave/Cave000/Cave000_F00/Sublevels/Cave000_F00_Teki.7"
      },
      "AttackAffordanceComponent": {
        "ObjectName": "AttackAffordanceComponent'Cave000_F00_Teki:PersistentLevel.GBaby_2.AttackAffordance'",
        "ObjectPath": "/Game/Carrot4/Maps/Madori/Cave/Cave000/Cave000_F00/Sublevels/Cave000_F00_Teki.7"
      },
      "StickComponent": {
        "ObjectName": "C4StickComponent'Cave000_F00_Teki:PersistentLevel.GBaby_2.C4Stick'",
        "ObjectPath": "/Game/Carrot4/Maps/Madori/Cave/Cave000/Cave000_F00/Sublevels/Cave000_F00_Teki.13"
      },
      "LifeComponent": {
        "ObjectName": "LifeComponent'Cave000_F00_Teki:PersistentLevel.GBaby_2.Life'",
        "ObjectPath": "/Game/Carrot4/Maps/Madori/Cave/Cave000/Cave000_F00/Sublevels/Cave000_F00_Teki.55"
      },
      "WaterBoxFollowContext": {
        "bCheck": false
      },
      "bEnableAutoCorrect": false,
      "GenerateInfo": {
        "DebugUniqueId": 4294967319
      },
      "RebirthInfo": {
        "RebirthType": "ERebirthType::NoRebirth"
      },
      "RootComponent": {
        "ObjectName": "SphereComponent'Cave000_F00_Teki:PersistentLevel.GBaby_2.Sphere'",
        "ObjectPath": "/Game/Carrot4/Maps/Madori/Cave/Cave000/Cave000_F00/Sublevels/Cave000_F00_Teki.68"
      },
      "BlueprintCreatedComponents": [
        {
          "ObjectName": "SphereComponent'Cave000_F00_Teki:PersistentLevel.GBaby_2.Sphere'",
          "ObjectPath": "/Game/Carrot4/Maps/Madori/Cave/Cave000/Cave000_F00/Sublevels/Cave000_F00_Teki.68"
        },
        {
          "ObjectName": "CarrotSkeletalMeshComponent'Cave000_F00_Teki:PersistentLevel.GBaby_2.CarrotSkeletalMesh'",
          "ObjectPath": "/Game/Carrot4/Maps/Madori/Cave/Cave000/Cave000_F00/Sublevels/Cave000_F00_Teki.39"
        },
        {
          "ObjectName": "AkComponent'Cave000_F00_Teki:PersistentLevel.GBaby_2.Ak'",
          "ObjectPath": "/Game/Carrot4/Maps/Madori/Cave/Cave000/Cave000_F00/Sublevels/Cave000_F00_Teki.4"
        },
        {
          "ObjectName": "CollTreeComponent'Cave000_F00_Teki:PersistentLevel.GBaby_2.CollTree'",
          "ObjectPath": "/Game/Carrot4/Maps/Madori/Cave/Cave000/Cave000_F00/Sublevels/Cave000_F00_Teki.47"
        },
        {
          "ObjectName": "PointerAssistComponent'Cave000_F00_Teki:PersistentLevel.GBaby_2.PointerAssist'",
          "ObjectPath": "/Game/Carrot4/Maps/Madori/Cave/Cave000/Cave000_F00/Sublevels/Cave000_F00_Teki.61"
        },
        {
          "ObjectName": "CakEventHandlerComponent'Cave000_F00_Teki:PersistentLevel.GBaby_2.CakEventHandler'",
          "ObjectPath": "/Game/Carrot4/Maps/Madori/Cave/Cave000/Cave000_F00/Sublevels/Cave000_F00_Teki.25"
        },
        {
          "ObjectName": "CakEmitterConfigComponent'Cave000_F00_Teki:PersistentLevel.GBaby_2.CakEmitterConfig'",
          "ObjectPath": "/Game/Carrot4/Maps/Madori/Cave/Cave000/Cave000_F00/Sublevels/Cave000_F00_Teki.22"
        },
        {
          "ObjectName": "CakAudioTableComponent'Cave000_F00_Teki:PersistentLevel.GBaby_2.CakAudioTable'",
          "ObjectPath": "/Game/Carrot4/Maps/Madori/Cave/Cave000/Cave000_F00/Sublevels/Cave000_F00_Teki.19"
        },
        {
          "ObjectName": "LifeComponent'Cave000_F00_Teki:PersistentLevel.GBaby_2.Life'",
          "ObjectPath": "/Game/Carrot4/Maps/Madori/Cave/Cave000/Cave000_F00/Sublevels/Cave000_F00_Teki.55"
        },
        {
          "ObjectName": "C4StickComponent'Cave000_F00_Teki:PersistentLevel.GBaby_2.C4Stick'",
          "ObjectPath": "/Game/Carrot4/Maps/Madori/Cave/Cave000/Cave000_F00/Sublevels/Cave000_F00_Teki.13"
        },
        {
          "ObjectName": "AttackAffordanceComponent'Cave000_F00_Teki:PersistentLevel.GBaby_2.AttackAffordance'",
          "ObjectPath": "/Game/Carrot4/Maps/Madori/Cave/Cave000/Cave000_F00/Sublevels/Cave000_F00_Teki.7"
        },
        {
          "ObjectName": "CarrotMoveComponent'Cave000_F00_Teki:PersistentLevel.GBaby_2.CarrotMove'",
          "ObjectPath": "/Game/Carrot4/Maps/Madori/Cave/Cave000/Cave000_F00/Sublevels/Cave000_F00_Teki.34"
        },
        {
          "ObjectName": "BabyAIComponent'Cave000_F00_Teki:PersistentLevel.GBaby_2.BabyAI'",
          "ObjectPath": "/Game/Carrot4/Maps/Madori/Cave/Cave000/Cave000_F00/Sublevels/Cave000_F00_Teki.10"
        },
        {
          "ObjectName": "SphereComponent'Cave000_F00_Teki:PersistentLevel.GBaby_2.CollTree_Body'",
          "ObjectPath": "/Game/Carrot4/Maps/Madori/Cave/Cave000/Cave000_F00/Sublevels/Cave000_F00_Teki.67"
        },
        {
          "ObjectName": "CakAudioFlagComponent'Cave000_F00_Teki:PersistentLevel.GBaby_2.CakAudioFlag'",
          "ObjectPath": "/Game/Carrot4/Maps/Madori/Cave/Cave000/Cave000_F00/Sublevels/Cave000_F00_Teki.16"
        },
        {
          "ObjectName": "CircleShadowMeshComponent'Cave000_F00_Teki:PersistentLevel.GBaby_2.CircleShadowMesh'",
          "ObjectPath": "/Game/Carrot4/Maps/Madori/Cave/Cave000/Cave000_F00/Sublevels/Cave000_F00_Teki.44"
        },
        {
          "ObjectName": "CarrotSkeletalMeshComponent'Cave000_F00_Teki:PersistentLevel.GBaby_2.ShadowMesh'",
          "ObjectPath": "/Game/Carrot4/Maps/Madori/Cave/Cave000/Cave000_F00/Sublevels/Cave000_F00_Teki.40"
        }
      ]
    }
  },
  {
    "Type": "GSplineBaby_C",
    "Name": "GSplineBaby_2",
    "Outer": "PersistentLevel",
    "Template": "Default__GSplineBaby_C",
    "Class": "BlueprintGeneratedClass'/Game/Carrot4/Placeables/Teki/Other/Spline/GSplineBaby.GSplineBaby_C'",
    "Properties": {
      "RootSpline": {
        "ObjectName": "RouteSplineComponent'Cave000_F00_Teki:PersistentLevel.GSplineBaby_2.RootSpline'",
        "ObjectPath": "/Game/Carrot4/Maps/Madori/Cave/Cave000/Cave000_F00/Sublevels/Cave000_F00_Teki.62"
      },
      "GenerateInfo": {
        "DebugUniqueId": 4294967317
      },
      "RootComponent": {
        "ObjectName": "RouteSplineComponent'Cave000_F00_Teki:PersistentLevel.GSplineBaby_2.RootSpline'",
        "ObjectPath": "/Game/Carrot4/Maps/Madori/Cave/Cave000/Cave000_F00/Sublevels/Cave000_F00_Teki.62"
      },
      "BlueprintCreatedComponents": [
        {
          "ObjectName": "RouteSplineComponent'Cave000_F00_Teki:PersistentLevel.GSplineBaby_2.RootSpline'",
          "ObjectPath": "/Game/Carrot4/Maps/Madori/Cave/Cave000/Cave000_F00/Sublevels/Cave000_F00_Teki.62"
        }
      ]
    }
  },
  {
    "Type": "Level",
    "Name": "PersistentLevel",
    "Outer": "Cave000_F00_Teki",
    "Class": "UScriptClass'Level'",
    "Properties": {
      "Model": {
        "ObjectName": "Model'Cave000_F00_Teki:PersistentLevel.Model_0'",
        "ObjectPath": "/Game/Carrot4/Maps/Madori/Cave/Cave000/Cave000_F00/Sublevels/Cave000_F00_Teki.56"
      },
      "LevelScriptActor": {
        "ObjectName": "Cave000_F00_Teki_C'Cave000_F00_Teki:PersistentLevel.Cave000_F00_Teki_C_0'",
        "ObjectPath": "/Game/Carrot4/Maps/Madori/Cave/Cave000/Cave000_F00/Sublevels/Cave000_F00_Teki.41"
      },
      "LevelBuildDataId": "7E0220A7-4AFD9530-67B3FC9E-7EB889BA",
      "MapBuildData": {
        "ObjectName": "MapBuildDataRegistry'Cave000_F00_Teki_BuiltData'",
        "ObjectPath": "/Game/Carrot4/Maps/Madori/Cave/Cave000/Cave000_F00/Sublevels/Cave000_F00_Teki_BuiltData.0"
      },
      "WorldSettings": {
        "ObjectName": "MyWorldSettings'Cave000_F00_Teki:PersistentLevel.MyWorldSettings'",
        "ObjectPath": "/Game/Carrot4/Maps/Madori/Cave/Cave000/Cave000_F00/Sublevels/Cave000_F00_Teki.57"
      }
    },
    "Actors": [
      {
        "ObjectName": "MyWorldSettings'Cave000_F00_Teki:PersistentLevel.MyWorldSettings'",
        "ObjectPath": "/Game/Carrot4/Maps/Madori/Cave/Cave000/Cave000_F00/Sublevels/Cave000_F00_Teki.57"
      },
      null,
      {
        "ObjectName": "GSplineBaby_C'Cave000_F00_Teki:PersistentLevel.GSplineBaby_2'",
        "ObjectPath": "/Game/Carrot4/Maps/Madori/Cave/Cave000/Cave000_F00/Sublevels/Cave000_F00_Teki.51"
      },
      {
        "ObjectName": "GBaby_C'Cave000_F00_Teki:PersistentLevel.GBaby_2'",
        "ObjectPath": "/Game/Carrot4/Maps/Madori/Cave/Cave000/Cave000_F00/Sublevels/Cave000_F00_Teki.50"
      },
      {
        "ObjectName": "GBaby_C'Cave000_F00_Teki:PersistentLevel.GBaby2'",
        "ObjectPath": "/Game/Carrot4/Maps/Madori/Cave/Cave000/Cave000_F00/Sublevels/Cave000_F00_Teki.48"
      },
      {
        "ObjectName": "GBaby_C'Cave000_F00_Teki:PersistentLevel.GBaby3'",
        "ObjectPath": "/Game/Carrot4/Maps/Madori/Cave/Cave000/Cave000_F00/Sublevels/Cave000_F00_Teki.49"
      },
      {
        "ObjectName": "Cave000_F00_Teki_C'Cave000_F00_Teki:PersistentLevel.Cave000_F00_Teki_C_0'",
        "ObjectPath": "/Game/Carrot4/Maps/Madori/Cave/Cave000/Cave000_F00/Sublevels/Cave000_F00_Teki.41"
      }
    ],
    "URL": {
      "Protocol": "unreal",
      "Host": "",
      "Port": 7777,
      "Valid": true,
      "Map": "/Game/Test/Maps/Check/CheckRomEntry_P",
      "Op": [],
      "Portal": ""
    },
    "Model": {
      "ObjectName": "Model'Cave000_F00_Teki:PersistentLevel.Model_0'",
      "ObjectPath": "/Game/Carrot4/Maps/Madori/Cave/Cave000/Cave000_F00/Sublevels/Cave000_F00_Teki.56"
    },
    "ModelComponents": [],
    "LevelScriptActor": {
      "ObjectName": "Cave000_F00_Teki_C'Cave000_F00_Teki:PersistentLevel.Cave000_F00_Teki_C_0'",
      "ObjectPath": "/Game/Carrot4/Maps/Madori/Cave/Cave000/Cave000_F00/Sublevels/Cave000_F00_Teki.41"
    },
    "NavListStart": null,
    "NavListEnd": null,
    "PrecomputedVisibilityHandler": {
      "PrecomputedVisibilityCellBucketOriginXY": {
        "X": 0.0,
        "Y": 0.0
      },
      "PrecomputedVisibilityCellSizeXY": 0.0,
      "PrecomputedVisibilityCellSizeZ": 0.0,
      "PrecomputedVisibilityCellBucketSizeXY": 0,
      "PrecomputedVisibilityNumCellBuckets": 0,
      "PrecomputedVisibilityCellBuckets": []
    },
    "PrecomputedVolumeDistanceField": {
      "VolumeMaxDistance": 0.0,
      "VolumeBox": {
        "Min": {
          "X": 0.0,
          "Y": 0.0,
          "Z": 0.0
        },
        "Max": {
          "X": 0.0,
          "Y": 0.0,
          "Z": 0.0
        },
        "IsValid": 0
      },
      "VolumeSizeX": 0,
      "VolumeSizeY": 0,
      "VolumeSizeZ": 0,
      "Data": []
    }
  },
  {
    "Type": "LifeComponent",
    "Name": "Life",
    "Outer": "GBaby2",
    "Template": "Life_GEN_VARIABLE",
    "Class": "UScriptClass'LifeComponent'",
    "Properties": {
      "Life": 1.0,
      "UCSSerializationIndex": 0,
      "bNetAddressable": true,
      "CreationMethod": "EComponentCreationMethod::SimpleConstructionScript",
      "UCSModifiedProperties": [
        {
          "MemberParent": {
            "ObjectName": "Class'LifeComponent'",
            "ObjectPath": "/Script/Carrot4"
          },
          "MemberName": "Life",
          "MemberGuid": "00000000-00000000-00000000-00000000"
        }
      ]
    }
  },
  {
    "Type": "LifeComponent",
    "Name": "Life",
    "Outer": "GBaby3",
    "Template": "Life_GEN_VARIABLE",
    "Class": "UScriptClass'LifeComponent'",
    "Properties": {
      "Life": 1.0,
      "UCSSerializationIndex": 0,
      "bNetAddressable": true,
      "CreationMethod": "EComponentCreationMethod::SimpleConstructionScript",
      "UCSModifiedProperties": [
        {
          "MemberParent": {
            "ObjectName": "Class'LifeComponent'",
            "ObjectPath": "/Script/Carrot4"
          },
          "MemberName": "Life",
          "MemberGuid": "00000000-00000000-00000000-00000000"
        }
      ]
    }
  },
  {
    "Type": "LifeComponent",
    "Name": "Life",
    "Outer": "GBaby_2",
    "Template": "Life_GEN_VARIABLE",
    "Class": "UScriptClass'LifeComponent'",
    "Properties": {
      "Life": 1.0,
      "UCSSerializationIndex": 0,
      "bNetAddressable": true,
      "CreationMethod": "EComponentCreationMethod::SimpleConstructionScript",
      "UCSModifiedProperties": [
        {
          "MemberParent": {
            "ObjectName": "Class'LifeComponent'",
            "ObjectPath": "/Script/Carrot4"
          },
          "MemberName": "Life",
          "MemberGuid": "00000000-00000000-00000000-00000000"
        }
      ]
    }
  },
  {
    "Type": "Model",
    "Name": "Model_0",
    "Outer": "PersistentLevel",
    "Class": "UScriptClass'Model'",
    "Bounds": {
      "Origin": {
        "X": 0.0,
        "Y": 0.0,
        "Z": 0.0
      },
      "BoxExtent": {
        "X": 0.0,
        "Y": 0.0,
        "Z": 0.0
      },
      "SphereRadius": 0.0
    },
    "Vectors": [],
    "Points": [],
    "Nodes": [],
    "Surfs": [],
    "NumSharedSides": 4,
    "VertexBuffer": {
      "Vertices": []
    },
    "LightingGuid": "E9E470E2-48256A29-698DC587-CC6E6285",
    "LightmassSettings": []
  },
  {
    "Type": "MyWorldSettings",
    "Name": "MyWorldSettings",
    "Outer": "PersistentLevel",
    "Class": "UScriptClass'MyWorldSettings'",
    "Properties": {
      "bEnableNavigationSystem": false,
      "NavigationSystemConfig": {
        "ObjectName": "NavigationSystemModuleConfig'Cave000_F00_Teki:PersistentLevel.MyWorldSettings.NavigationSystemModuleConfig_0'",
        "ObjectPath": "/Game/Carrot4/Maps/Madori/Cave/Cave000/Cave000_F00/Sublevels/Cave000_F00_Teki.58"
      },
      "BookmarkArray": [
        null,
        null,
        null,
        null,
        null,
        null,
        null,
        null,
        null,
        null
      ]
    }
  },
  {
    "Type": "NavigationSystemModuleConfig",
    "Name": "NavigationSystemModuleConfig_0",
    "Outer": "MyWorldSettings",
    "Class": "UScriptClass'NavigationSystemModuleConfig'",
    "Properties": {
      "bStrictlyStatic": true,
      "bAutoSpawnMissingNavData": true,
      "NavigationSystemClass": {
        "AssetPathName": "/Script/Carrot4.CarrotNavigationSystem",
        "SubPathString": ""
      }
    }
  },
  {
    "Type": "PointerAssistComponent",
    "Name": "PointerAssist",
    "Outer": "GBaby2",
    "Template": "PointerAssist_GEN_VARIABLE",
    "Class": "UScriptClass'PointerAssistComponent'",
    "Properties": {
      "UCSSerializationIndex": 0,
      "bNetAddressable": true,
      "CreationMethod": "EComponentCreationMethod::SimpleConstructionScript"
    }
  },
  {
    "Type": "PointerAssistComponent",
    "Name": "PointerAssist",
    "Outer": "GBaby3",
    "Template": "PointerAssist_GEN_VARIABLE",
    "Class": "UScriptClass'PointerAssistComponent'",
    "Properties": {
      "UCSSerializationIndex": 0,
      "bNetAddressable": true,
      "CreationMethod": "EComponentCreationMethod::SimpleConstructionScript"
    }
  },
  {
    "Type": "PointerAssistComponent",
    "Name": "PointerAssist",
    "Outer": "GBaby_2",
    "Template": "PointerAssist_GEN_VARIABLE",
    "Class": "UScriptClass'PointerAssistComponent'",
    "Properties": {
      "UCSSerializationIndex": 0,
      "bNetAddressable": true,
      "CreationMethod": "EComponentCreationMethod::SimpleConstructionScript"
    }
  },
  {
    "Type": "RouteSplineComponent",
    "Name": "RootSpline",
    "Outer": "GSplineBaby_2",
    "Template": "RootSpline_GEN_VARIABLE",
    "Class": "UScriptClass'RouteSplineComponent'",
    "Properties": {
      "SplineCurves": {
        "Position": {
          "Points": [
            {
              "InVal": 0.0,
              "OutVal": {
                "X": -72.26987,
                "Y": 40.995636,
                "Z": 1.8765821
              },
              "ArriveTangent": {
                "X": 19.934105,
                "Y": 47.911816,
                "Z": 0.0
              },
              "LeaveTangent": {
                "X": 19.934105,
                "Y": 47.911816,
                "Z": 0.0
              },
              "InterpMode": "CIM_CurveAuto"
            },
            {
              "InVal": 1.0,
              "OutVal": {
                "X": -12.358795,
                "Y": 83.263115,
                "Z": 1.8765821
              },
              "ArriveTangent": {
                "X": 86.89407,
                "Y": 12.593826,
                "Z": 0.0
              },
              "LeaveTangent": {
                "X": 86.89407,
                "Y": 12.593826,
                "Z": 0.0
              },
              "InterpMode": "CIM_CurveAuto"
            },
            {
              "InVal": 2.0,
              "OutVal": {
                "X": 101.51828,
                "Y": 66.18329,
                "Z": 1.8765821
              },
              "ArriveTangent": {
                "X": 43.580704,
                "Y": -47.59476,
                "Z": 0.36416483
              },
              "LeaveTangent": {
                "X": 43.580704,
                "Y": -47.59476,
                "Z": 0.36416483
              },
              "InterpMode": "CIM_CurveAuto"
            },
            {
              "InVal": 3.0,
              "OutVal": {
                "X": 74.80261,
                "Y": -11.926407,
                "Z": 2.6049118
              },
              "ArriveTangent": {
                "X": -67.71373,
                "Y": -114.797585,
                "Z": 0.28930616
              },
              "LeaveTangent": {
                "X": -67.71373,
                "Y": -114.797585,
                "Z": 0.28930616
              },
              "InterpMode": "CIM_CurveUser"
            },
            {
              "InVal": 4.0,
              "OutVal": {
                "X": 4.0908127,
                "Y": -65.41188,
                "Z": 1.8765821
              },
              "ArriveTangent": {
                "X": -60.56652,
                "Y": 9.444872,
                "Z": 0.73687553
              },
              "LeaveTangent": {
                "X": -60.56652,
                "Y": 9.444872,
                "Z": 0.73687553
              },
              "InterpMode": "CIM_CurveUser"
            },
            {
              "InVal": 5.0,
              "OutVal": {
                "X": -52.227005,
                "Y": -12.560516,
                "Z": 1.8765821
              },
              "ArriveTangent": {
                "X": -27.469719,
                "Y": 64.01615,
                "Z": -0.73687553
              },
              "LeaveTangent": {
                "X": -27.469719,
                "Y": 64.01615,
                "Z": -0.73687553
              },
              "InterpMode": "CIM_CurveUser"
            }
          ]
        },
        "Rotation": {
          "Points": [
            {
              "InVal": 0.0,
              "OutVal": {
                "X": 1.0778622E-07,
                "Y": 7.1897865E-08,
                "Z": 0.55491596,
                "W": 0.8319064,
                "IsNormalized": true,
                "Size": 0.99999994,
                "SizeSquared": 0.99999994
              },
              "ArriveTangent": {
                "X": 0.001399275,
                "Y": -0.00033819728,
                "Z": 0.30119842,
                "W": 0.39909577,
                "IsNormalized": false,
                "Size": 0.5,
                "SizeSquared": 0.25
              },
              "LeaveTangent": {
                "X": 0.001399275,
                "Y": -0.00033819728,
                "Z": 0.30119842,
                "W": 0.39909577,
                "IsNormalized": false,
                "Size": 0.5,
                "SizeSquared": 0.25
              },
              "InterpMode": "CIM_CurveAuto"
            },
            {
              "InVal": 1.0,
              "OutVal": {
                "X": 1.3999964E-05,
                "Y": 1.0092577E-06,
                "Z": 0.07190343,
                "W": 0.9974116,
                "IsNormalized": true,
                "Size": 1.0,
                "SizeSquared": 1.0
              },
              "ArriveTangent": {
                "X": 0.00036484312,
                "Y": 0.00064817787,
                "Z": 0.028558671,
                "W": 0.4991832,
                "IsNormalized": false,
                "Size": 0.5,
                "SizeSquared": 0.25000003
              },
              "LeaveTangent": {
                "X": 0.00036484312,
                "Y": 0.00064817787,
                "Z": 0.028558671,
                "W": 0.4991832,
                "IsNormalized": false,
                "Size": 0.5,
                "SizeSquared": 0.25000003
              },
              "InterpMode": "CIM_CurveAuto"
            },
            {
              "InVal": 2.0,
              "OutVal": {
                "X": -0.0013510857,
                "Y": -0.0024880203,
                "Z": -0.40291208,
                "W": 0.9152344,
                "IsNormalized": true,
                "Size": 1.0,
                "SizeSquared": 1.0000001
              },
              "ArriveTangent": {
                "X": -0.001214365,
                "Y": -0.0018735607,
                "Z": -0.16648236,
                "W": 0.4714644,
                "IsNormalized": false,
                "Size": 0.5,
                "SizeSquared": 0.25000003
              },
              "LeaveTangent": {
                "X": -0.001214365,
                "Y": -0.0018735607,
                "Z": -0.16648236,
                "W": 0.4714644,
                "IsNormalized": false,
                "Size": 0.5,
                "SizeSquared": 0.25000003
              },
              "InterpMode": "CIM_CurveAuto"
            },
            {
              "InVal": 3.0,
              "OutVal": {
                "X": -0.00023845118,
                "Y": -0.0017708853,
                "Z": -0.86834544,
                "W": 0.49595642,
                "IsNormalized": true,
                "Size": 0.9999999,
                "SizeSquared": 0.99999976
              },
              "ArriveTangent": {
                "X": -0.0042608753,
                "Y": -0.0027205567,
                "Z": -0.23905043,
                "W": -0.43912336,
                "IsNormalized": false,
                "Size": 0.5,
                "SizeSquared": 0.25
              },
              "LeaveTangent": {
                "X": -0.0042608753,
                "Y": -0.0027205567,
                "Z": -0.23905043,
                "W": -0.43912336,
                "IsNormalized": false,
                "Size": 0.5,
                "SizeSquared": 0.25
              },
              "InterpMode": "CIM_CurveAuto"
            },
            {
              "InVal": 4.0,
              "OutVal": {
                "X": 0.0064593516,
                "Y": 0.00556341,
                "Z": 0.9969767,
                "W": 0.07723218,
                "IsNormalized": true,
                "Size": 0.99999994,
                "SizeSquared": 0.99999994
              },
              "ArriveTangent": {
                "X": -0.0017423024,
                "Y": -0.0013686408,
                "Z": 0.06126547,
                "W": -0.49622738,
                "IsNormalized": false,
                "Size": 0.49999997,
                "SizeSquared": 0.24999999
              },
              "LeaveTangent": {
                "X": -0.0017423024,
                "Y": -0.0013686408,
                "Z": 0.06126547,
                "W": -0.49622738,
                "IsNormalized": false,
                "Size": 0.49999997,
                "SizeSquared": 0.24999999
              },
              "InterpMode": "CIM_CurveAuto"
            },
            {
              "InVal": 5.0,
              "OutVal": {
                "X": -0.0054660803,
                "Y": 0.0013170168,
                "Z": 0.83495754,
                "W": 0.55028564,
                "IsNormalized": true,
                "Size": 1.0,
                "SizeSquared": 1.0
              },
              "ArriveTangent": {
                "X": -0.0069538467,
                "Y": -0.00018173712,
                "Z": 0.40234527,
                "W": 0.29676574,
                "IsNormalized": false,
                "Size": 0.5,
                "SizeSquared": 0.25
              },
              "LeaveTangent": {
                "X": -0.0069538467,
                "Y": -0.00018173712,
                "Z": 0.40234527,
                "W": 0.29676574,
                "IsNormalized": false,
                "Size": 0.5,
                "SizeSquared": 0.25
              },
              "InterpMode": "CIM_CurveAuto"
            }
          ]
        },
        "ReparamTable": {
          "Points": [
            {
              "InVal": 0.0,
              "OutVal": 0.0,
              "ArriveTangent": 0.0,
              "LeaveTangent": 0.0,
              "InterpMode": "CIM_Linear"
            },
            {
              "InVal": 5.5554976,
              "OutVal": 0.1,
              "ArriveTangent": 0.0,
              "LeaveTangent": 0.0,
              "InterpMode": "CIM_Linear"
            },
            {
              "InVal": 11.801086,
              "OutVal": 0.2,
              "ArriveTangent": 0.0,
              "LeaveTangent": 0.0,
              "InterpMode": "CIM_Linear"
            },
            {
              "InVal": 18.653534,
              "OutVal": 0.3,
              "ArriveTangent": 0.0,
              "LeaveTangent": 0.0,
              "InterpMode": "CIM_Linear"
            },
            {
              "InVal": 26.016703,
              "OutVal": 0.4,
              "ArriveTangent": 0.0,
              "LeaveTangent": 0.0,
              "InterpMode": "CIM_Linear"
            },
            {
              "InVal": 33.79212,
              "OutVal": 0.5,
              "ArriveTangent": 0.0,
              "LeaveTangent": 0.0,
              "InterpMode": "CIM_Linear"
            },
            {
              "InVal": 41.885937,
              "OutVal": 0.6,
              "ArriveTangent": 0.0,
              "LeaveTangent": 0.0,
              "InterpMode": "CIM_Linear"
            },
            {
              "InVal": 50.21457,
              "OutVal": 0.7,
              "ArriveTangent": 0.0,
              "LeaveTangent": 0.0,
              "InterpMode": "CIM_Linear"
            },
            {
              "InVal": 58.71049,
              "OutVal": 0.8,
              "ArriveTangent": 0.0,
              "LeaveTangent": 0.0,
              "InterpMode": "CIM_Linear"
            },
            {
              "InVal": 67.32839,
              "OutVal": 0.90000004,
              "ArriveTangent": 0.0,
              "LeaveTangent": 0.0,
              "InterpMode": "CIM_Linear"
            },
            {
              "InVal": 76.05218,
              "OutVal": 1.0,
              "ArriveTangent": 0.0,
              "LeaveTangent": 0.0,
              "InterpMode": "CIM_Linear"
            },
            {
              "InVal": 85.93734,
              "OutVal": 1.1,
              "ArriveTangent": 0.0,
              "LeaveTangent": 0.0,
              "InterpMode": "CIM_Linear"
            },
            {
              "InVal": 97.68154,
              "OutVal": 1.2,
              "ArriveTangent": 0.0,
              "LeaveTangent": 0.0,
              "InterpMode": "CIM_Linear"
            },
            {
              "InVal": 110.73833,
              "OutVal": 1.3,
              "ArriveTangent": 0.0,
              "LeaveTangent": 0.0,
              "InterpMode": "CIM_Linear"
            },
            {
              "InVal": 124.550354,
              "OutVal": 1.4,
              "ArriveTangent": 0.0,
              "LeaveTangent": 0.0,
              "InterpMode": "CIM_Linear"
            },
            {
              "InVal": 138.55927,
              "OutVal": 1.5,
              "ArriveTangent": 0.0,
              "LeaveTangent": 0.0,
              "InterpMode": "CIM_Linear"
            },
            {
              "InVal": 152.21227,
              "OutVal": 1.6,
              "ArriveTangent": 0.0,
              "LeaveTangent": 0.0,
              "InterpMode": "CIM_Linear"
            },
            {
              "InVal": 164.97061,
              "OutVal": 1.7,
              "ArriveTangent": 0.0,
              "LeaveTangent": 0.0,
              "InterpMode": "CIM_Linear"
            },
            {
              "InVal": 176.32643,
              "OutVal": 1.8,
              "ArriveTangent": 0.0,
              "LeaveTangent": 0.0,
              "InterpMode": "CIM_Linear"
            },
            {
              "InVal": 185.84467,
              "OutVal": 1.9000001,
              "ArriveTangent": 0.0,
              "LeaveTangent": 0.0,
              "InterpMode": "CIM_Linear"
            },
            {
              "InVal": 193.29147,
              "OutVal": 2.0,
              "ArriveTangent": 0.0,
              "LeaveTangent": 0.0,
              "InterpMode": "CIM_Linear"
            },
            {
              "InVal": 199.3646,
              "OutVal": 2.1,
              "ArriveTangent": 0.0,
              "LeaveTangent": 0.0,
              "InterpMode": "CIM_Linear"
            },
            {
              "InVal": 205.14146,
              "OutVal": 2.2,
              "ArriveTangent": 0.0,
              "LeaveTangent": 0.0,
              "InterpMode": "CIM_Linear"
            },
            {
              "InVal": 211.25253,
              "OutVal": 2.3,
              "ArriveTangent": 0.0,
              "LeaveTangent": 0.0,
              "InterpMode": "CIM_Linear"
            },
            {
              "InVal": 218.12633,
              "OutVal": 2.4,
              "ArriveTangent": 0.0,
              "LeaveTangent": 0.0,
              "InterpMode": "CIM_Linear"
            },
            {
              "InVal": 225.98123,
              "OutVal": 2.5,
              "ArriveTangent": 0.0,
              "LeaveTangent": 0.0,
              "InterpMode": "CIM_Linear"
            },
            {
              "InVal": 234.89615,
              "OutVal": 2.6,
              "ArriveTangent": 0.0,
              "LeaveTangent": 0.0,
              "InterpMode": "CIM_Linear"
            },
            {
              "InVal": 244.87326,
              "OutVal": 2.7,
              "ArriveTangent": 0.0,
              "LeaveTangent": 0.0,
              "InterpMode": "CIM_Linear"
            },
            {
              "InVal": 255.87614,
              "OutVal": 2.8,
              "ArriveTangent": 0.0,
              "LeaveTangent": 0.0,
              "InterpMode": "CIM_Linear"
            },
            {
              "InVal": 267.85132,
              "OutVal": 2.9,
              "ArriveTangent": 0.0,
              "LeaveTangent": 0.0,
              "InterpMode": "CIM_Linear"
            },
            {
              "InVal": 280.74048,
              "OutVal": 3.0,
              "ArriveTangent": 0.0,
              "LeaveTangent": 0.0,
              "InterpMode": "CIM_Linear"
            },
            {
              "InVal": 293.63806,
              "OutVal": 3.1,
              "ArriveTangent": 0.0,
              "LeaveTangent": 0.0,
              "InterpMode": "CIM_Linear"
            },
            {
              "InVal": 305.6814,
              "OutVal": 3.2,
              "ArriveTangent": 0.0,
              "LeaveTangent": 0.0,
              "InterpMode": "CIM_Linear"
            },
            {
              "InVal": 316.881,
              "OutVal": 3.3,
              "ArriveTangent": 0.0,
              "LeaveTangent": 0.0,
              "InterpMode": "CIM_Linear"
            },
            {
              "InVal": 327.2494,
              "OutVal": 3.4,
              "ArriveTangent": 0.0,
              "LeaveTangent": 0.0,
              "InterpMode": "CIM_Linear"
            },
            {
              "InVal": 336.80377,
              "OutVal": 3.5,
              "ArriveTangent": 0.0,
              "LeaveTangent": 0.0,
              "InterpMode": "CIM_Linear"
            },
            {
              "InVal": 345.5702,
              "OutVal": 3.6,
              "ArriveTangent": 0.0,
              "LeaveTangent": 0.0,
              "InterpMode": "CIM_Linear"
            },
            {
              "InVal": 353.58893,
              "OutVal": 3.7,
              "ArriveTangent": 0.0,
              "LeaveTangent": 0.0,
              "InterpMode": "CIM_Linear"
            },
            {
              "InVal": 360.92264,
              "OutVal": 3.8,
              "ArriveTangent": 0.0,
              "LeaveTangent": 0.0,
              "InterpMode": "CIM_Linear"
            },
            {
              "InVal": 367.6669,
              "OutVal": 3.9,
              "ArriveTangent": 0.0,
              "LeaveTangent": 0.0,
              "InterpMode": "CIM_Linear"
            },
            {
              "InVal": 373.9619,
              "OutVal": 4.0,
              "ArriveTangent": 0.0,
              "LeaveTangent": 0.0,
              "InterpMode": "CIM_Linear"
            },
            {
              "InVal": 380.4279,
              "OutVal": 4.1,
              "ArriveTangent": 0.0,
              "LeaveTangent": 0.0,
              "InterpMode": "CIM_Linear"
            },
            {
              "InVal": 387.58374,
              "OutVal": 4.2,
              "ArriveTangent": 0.0,
              "LeaveTangent": 0.0,
              "InterpMode": "CIM_Linear"
            },
            {
              "InVal": 395.37088,
              "OutVal": 4.3,
              "ArriveTangent": 0.0,
              "LeaveTangent": 0.0,
              "InterpMode": "CIM_Linear"
            },
            {
              "InVal": 403.6591,
              "OutVal": 4.4,
              "ArriveTangent": 0.0,
              "LeaveTangent": 0.0,
              "InterpMode": "CIM_Linear"
            },
            {
              "InVal": 412.2798,
              "OutVal": 4.5,
              "ArriveTangent": 0.0,
              "LeaveTangent": 0.0,
              "InterpMode": "CIM_Linear"
            },
            {
              "InVal": 421.04364,
              "OutVal": 4.6,
              "ArriveTangent": 0.0,
              "LeaveTangent": 0.0,
              "InterpMode": "CIM_Linear"
            },
            {
              "InVal": 429.7512,
              "OutVal": 4.7,
              "ArriveTangent": 0.0,
              "LeaveTangent": 0.0,
              "InterpMode": "CIM_Linear"
            },
            {
              "InVal": 438.1998,
              "OutVal": 4.8,
              "ArriveTangent": 0.0,
              "LeaveTangent": 0.0,
              "InterpMode": "CIM_Linear"
            },
            {
              "InVal": 446.19028,
              "OutVal": 4.9,
              "ArriveTangent": 0.0,
              "LeaveTangent": 0.0,
              "InterpMode": "CIM_Linear"
            },
            {
              "InVal": 453.53577,
              "OutVal": 5.0,
              "ArriveTangent": 0.0,
              "LeaveTangent": 0.0,
              "InterpMode": "CIM_Linear"
            },
            {
              "InVal": 460.4587,
              "OutVal": 5.1,
              "ArriveTangent": 0.0,
              "LeaveTangent": 0.0,
              "InterpMode": "CIM_Linear"
            },
            {
              "InVal": 467.27383,
              "OutVal": 5.2,
              "ArriveTangent": 0.0,
              "LeaveTangent": 0.0,
              "InterpMode": "CIM_Linear"
            },
            {
              "InVal": 473.92838,
              "OutVal": 5.3,
              "ArriveTangent": 0.0,
              "LeaveTangent": 0.0,
              "InterpMode": "CIM_Linear"
            },
            {
              "InVal": 480.35208,
              "OutVal": 5.4,
              "ArriveTangent": 0.0,
              "LeaveTangent": 0.0,
              "InterpMode": "CIM_Linear"
            },
            {
              "InVal": 486.47165,
              "OutVal": 5.5,
              "ArriveTangent": 0.0,
              "LeaveTangent": 0.0,
              "InterpMode": "CIM_Linear"
            },
            {
              "InVal": 492.22775,
              "OutVal": 5.6,
              "ArriveTangent": 0.0,
              "LeaveTangent": 0.0,
              "InterpMode": "CIM_Linear"
            },
            {
              "InVal": 497.59845,
              "OutVal": 5.7,
              "ArriveTangent": 0.0,
              "LeaveTangent": 0.0,
              "InterpMode": "CIM_Linear"
            },
            {
              "InVal": 502.63315,
              "OutVal": 5.8,
              "ArriveTangent": 0.0,
              "LeaveTangent": 0.0,
              "InterpMode": "CIM_Linear"
            },
            {
              "InVal": 507.4947,
              "OutVal": 5.9,
              "ArriveTangent": 0.0,
              "LeaveTangent": 0.0,
              "InterpMode": "CIM_Linear"
            },
            {
              "InVal": 512.48584,
              "OutVal": 6.0,
              "ArriveTangent": 0.0,
              "LeaveTangent": 0.0,
              "InterpMode": "CIM_Linear"
            }
          ]
        }
      },
      "bSplineHasBeenEdited": true,
      "RelativeLocation": {
        "X": 24.85556,
        "Y": 175.9162,
        "Z": 6.623413
      },
      "UCSSerializationIndex": 0,
      "bNetAddressable": true,
      "CreationMethod": "EComponentCreationMethod::SimpleConstructionScript",
      "UCSModifiedProperties": [
        {
          "MemberParent": {
            "ObjectName": "Class'SceneComponent'",
            "ObjectPath": "/Script/Engine"
          },
          "MemberName": "RelativeLocation",
          "MemberGuid": "00000000-00000000-00000000-00000000"
        },
        {
          "MemberParent": {
            "ObjectName": "Class'SplineComponent'",
            "ObjectPath": "/Script/Engine"
          },
          "MemberName": "bSplineHasBeenEdited",
          "MemberGuid": "00000000-00000000-00000000-00000000"
        }
      ]
    }
  },
  {
    "Type": "SphereComponent",
    "Name": "CollTree_Body",
    "Outer": "GBaby2",
    "Template": "CollTree_Body_GEN_VARIABLE",
    "Class": "UScriptClass'SphereComponent'",
    "Properties": {
      "AttachParent": {
        "ObjectName": "CarrotSkeletalMeshComponent'Cave000_F00_Teki:PersistentLevel.GBaby2.CarrotSkeletalMesh'",
        "ObjectPath": "/Game/Carrot4/Maps/Madori/Cave/Cave000/Cave000_F00/Sublevels/Cave000_F00_Teki.35"
      },
      "AttachSocketName": "X_j001",
      "UCSSerializationIndex": 0,
      "bNetAddressable": true,
      "CreationMethod": "EComponentCreationMethod::SimpleConstructionScript"
    }
  },
  {
    "Type": "SphereComponent",
    "Name": "Sphere",
    "Outer": "GBaby2",
    "Template": "Sphere_GEN_VARIABLE",
    "Class": "UScriptClass'SphereComponent'",
    "Properties": {
      "RelativeLocation": {
        "X": 46.0,
        "Y": 111.0,
        "Z": 10.511864
      },
      "UCSSerializationIndex": 0,
      "bNetAddressable": true,
      "CreationMethod": "EComponentCreationMethod::SimpleConstructionScript",
      "UCSModifiedProperties": [
        {
          "MemberParent": {
            "ObjectName": "Class'SceneComponent'",
            "ObjectPath": "/Script/Engine"
          },
          "MemberName": "RelativeLocation",
          "MemberGuid": "00000000-00000000-00000000-00000000"
        }
      ]
    }
  },
  {
    "Type": "SphereComponent",
    "Name": "CollTree_Body",
    "Outer": "GBaby3",
    "Template": "CollTree_Body_GEN_VARIABLE",
    "Class": "UScriptClass'SphereComponent'",
    "Properties": {
      "AttachParent": {
        "ObjectName": "CarrotSkeletalMeshComponent'Cave000_F00_Teki:PersistentLevel.GBaby3.CarrotSkeletalMesh'",
        "ObjectPath": "/Game/Carrot4/Maps/Madori/Cave/Cave000/Cave000_F00/Sublevels/Cave000_F00_Teki.37"
      },
      "AttachSocketName": "X_j001",
      "UCSSerializationIndex": 0,
      "bNetAddressable": true,
      "CreationMethod": "EComponentCreationMethod::SimpleConstructionScript"
    }
  },
  {
    "Type": "SphereComponent",
    "Name": "Sphere",
    "Outer": "GBaby3",
    "Template": "Sphere_GEN_VARIABLE",
    "Class": "UScriptClass'SphereComponent'",
    "Properties": {
      "RelativeLocation": {
        "X": 52.0,
        "Y": 150.0,
        "Z": 12.606154
      },
      "UCSSerializationIndex": 0,
      "bNetAddressable": true,
      "CreationMethod": "EComponentCreationMethod::SimpleConstructionScript",
      "UCSModifiedProperties": [
        {
          "MemberParent": {
            "ObjectName": "Class'SceneComponent'",
            "ObjectPath": "/Script/Engine"
          },
          "MemberName": "RelativeLocation",
          "MemberGuid": "00000000-00000000-00000000-00000000"
        }
      ]
    }
  },
  {
    "Type": "SphereComponent",
    "Name": "CollTree_Body",
    "Outer": "GBaby_2",
    "Template": "CollTree_Body_GEN_VARIABLE",
    "Class": "UScriptClass'SphereComponent'",
    "Properties": {
      "AttachParent": {
        "ObjectName": "CarrotSkeletalMeshComponent'Cave000_F00_Teki:PersistentLevel.GBaby_2.CarrotSkeletalMesh'",
        "ObjectPath": "/Game/Carrot4/Maps/Madori/Cave/Cave000/Cave000_F00/Sublevels/Cave000_F00_Teki.39"
      },
      "AttachSocketName": "X_j001",
      "UCSSerializationIndex": 0,
      "bNetAddressable": true,
      "CreationMethod": "EComponentCreationMethod::SimpleConstructionScript"
    }
  },
  {
    "Type": "SphereComponent",
    "Name": "Sphere",
    "Outer": "GBaby_2",
    "Template": "Sphere_GEN_VARIABLE",
    "Class": "UScriptClass'SphereComponent'",
    "Properties": {
      "RelativeLocation": {
        "X": 47.0,
        "Y": 282.0,
        "Z": 8.542601
      },
      "UCSSerializationIndex": 0,
      "bNetAddressable": true,
      "CreationMethod": "EComponentCreationMethod::SimpleConstructionScript",
      "UCSModifiedProperties": [
        {
          "MemberParent": {
            "ObjectName": "Class'SceneComponent'",
            "ObjectPath": "/Script/Engine"
          },
          "MemberName": "RelativeLocation",
          "MemberGuid": "00000000-00000000-00000000-00000000"
        }
      ]
    }
  },
  {
    "Type": "World",
    "Name": "Cave000_F00_Teki",
    "Class": "UScriptClass'World'",
    "PersistentLevel": {
      "ObjectName": "Level'Cave000_F00_Teki:PersistentLevel'",
      "ObjectPath": "/Game/Carrot4/Maps/Madori/Cave/Cave000/Cave000_F00/Sublevels/Cave000_F00_Teki.52"
    },
    "ExtraReferencedObjects": [],
    "StreamingLevels": []
  }
]