[
  {
    "Type": "BlueprintGeneratedClass",
    "Name": "Cave000_F00_Foliage_C",
    "Class": "UScriptClass'BlueprintGeneratedClass'",
    "SuperStruct": {
      "ObjectName": "Class'LevelScriptActor'",
      "ObjectPath": "/Script/Engine"
    },
    "ClassFlags": 8653332,
    "ClassWithin": {
      "ObjectName": "Class'Object'",
      "ObjectPath": "/Script/CoreUObject"
    },
    "ClassConfigName": "Engine",
    "bCooked": true,
    "ClassDefaultObject": {
      "ObjectName": "Cave000_F00_Foliage_C'Default__Cave000_F00_Foliage_C'",
      "ObjectPath": "/Game/Carrot4/Maps/Madori/Cave/Cave000/Cave000_F00/Sublevels/Cave000_F00_Foliage.1"
    }
  },
  {
    "Type": "Cave000_F00_Foliage_C",
    "Name": "Default__Cave000_F00_Foliage_C",
    "Class": "BlueprintGeneratedClass'/Game/Carrot4/Maps/Madori/Cave/Cave000/Cave000_F00/Sublevels/Cave000_F00_Foliage.Cave000_F00_Foliage_C'"
  },
  {
    "Type": "Cave000_F00_Foliage_C",
    "Name": "Cave000_F00_Foliage_C_0",
    "Outer": "PersistentLevel",
    "Template": "Default__Cave000_F00_Foliage_C",
    "Class": "BlueprintGeneratedClass'/Game/Carrot4/Maps/Madori/Cave/Cave000/Cave000_F00/Sublevels/Cave000_F00_Foliage.Cave000_F00_Foliage_C'"
  },
  {
    "Type": "FoliageInstancedStaticMeshComponent",
    "Name": "FoliageInstancedStaticMeshComponent_12",
    "Outer": "InstancedFoliageActor_0",
    "Class": "UScriptClass'FoliageInstancedStaticMeshComponent'",
    "Properties": {
      "SortedInstances": [
        0,
        2,
        1
      ],
      "NumBuiltInstances": 3,
      "BuiltInstanceBounds": {
        "Min": {
          "X": -631.4038,
          "Y": -2.6308136,
          "Z": -2.1621451
        },
        "Max": {
          "X": -82.931244,
          "Y": 661.55365,
          "Z": 25.180843
        },
        "IsValid": 1
      },
      "CacheMeshExtendedBounds": {
        "Origin": {
          "X": 14.143814,
          "Y": -7.3224487,
          "Z": 1.2049453
        },
        "BoxExtent": {
          "X": 51.47455,
          "Y": 44.003296,
          "Z": 2.195472
        },
        "SphereRadius": 65.317154
      },
      "InstanceCountToRender": 3,
      "InstancingRandomSeed": 3971,
      "InstanceEndCullDistance": 1500,
      "InstanceReorderTable": [
        0,
        2,
        1
      ],
      "StaticMesh": {
        "ObjectName": "StaticMesh'SM_CMA_T02_DC_Foliages07_PT1'",
        "ObjectPath": "/Game/Carrot4/Terrain/Cave/Type/Soil/Foliages/Meshes/SM_CMA_T02_DC_Foliages07_PT1.2"
      },
      "OverriddenLightMapRes": 8,
      "StreamingTextureData": [
        {
          "PackedRelativeBox": 4294901760,
          "TextureLevelIndex": 0,
          "TexelFactor": 158.39795
        },
        {
          "PackedRelativeBox": 4294901760,
          "TextureLevelIndex": 1,
          "TexelFactor": 158.39795
        },
        {
          "PackedRelativeBox": 4294901760,
          "TextureLevelIndex": 2,
          "TexelFactor": 158.39795
        }
      ],
      "LightmapType": "ELightmapType::ForceVolumetric",
      "bReceivesDecals": false,
      "bHasPerInstanceHitProxies": true,
      "CastShadow": false,
      "bAffectDynamicIndirectLighting": false,
      "bAffectDistanceFieldLighting": false,
      "VisibilityId": 1,
      "BodyInstance": {
        "ObjectType": "ECC_WorldStatic",
        "CollisionEnabled": "ECollisionEnabled::NoCollision",
        "CollisionProfileName": "NoCollision",
        "CollisionResponses": {
          "ResponseArray": [
            {
              "Channel": "Visibility",
              "Response": "ECR_Ignore"
            },
            {
              "Channel": "Camera",
              "Response": "ECR_Ignore"
            }
          ]
        },
        "bAutoWeld": false
      },
      "AttachParent": {
        "ObjectName": "SceneComponent'Cave000_F00_Foliage:PersistentLevel.InstancedFoliageActor_0.RootComponent0'",
        "ObjectPath": "/Game/Carrot4/Maps/Madori/Cave/Cave000/Cave000_F00/Sublevels/Cave000_F00_Foliage.23"
      },
      "Mobility": "EComponentMobility::Static"
    }
  },
  {
    "Type": "FoliageInstancedStaticMeshComponent",
    "Name": "FoliageInstancedStaticMeshComponent_13",
    "Outer": "InstancedFoliageActor_0",
    "Class": "UScriptClass'FoliageInstancedStaticMeshComponent'",
    "Properties": {
      "SortedInstances": [
        1,
        0,
        2
      ],
      "NumBuiltInstances": 3,
      "BuiltInstanceBounds": {
        "Min": {
          "X": -406.2045,
          "Y": -41.334023,
          "Z": -2.0618467
        },
        "Max": {
          "X": 139.07477,
          "Y": 824.24915,
          "Z": 103.40042
        },
        "IsValid": 1
      },
      "CacheMeshExtendedBounds": {
        "Origin": {
          "X": -4.7472153,
          "Y": -11.107498,
          "Z": 1.3386966
        },
        "BoxExtent": {
          "X": 32.58352,
          "Y": 40.885117,
          "Z": 2.0617206
        },
        "SphereRadius": 50.382862
      },
      "InstanceCountToRender": 3,
      "InstancingRandomSeed": 826,
      "InstanceEndCullDistance": 1500,
      "InstanceReorderTable": [
        1,
        0,
        2
      ],
      "StaticMesh": {
        "ObjectName": "StaticMesh'SM_CMA_T02_DC_Foliages07_PT0'",
        "ObjectPath": "/Game/Carrot4/Terrain/Cave/Type/Soil/Foliages/Meshes/SM_CMA_T02_DC_Foliages07_PT0.2"
      },
      "OverriddenLightMapRes": 8,
      "StreamingTextureData": [
        {
          "PackedRelativeBox": 4294901760,
          "TextureLevelIndex": 0,
          "TexelFactor": 164.90472
        },
        {
          "PackedRelativeBox": 4294901760,
          "TextureLevelIndex": 1,
          "TexelFactor": 164.90472
        },
        {
          "PackedRelativeBox": 4294901760,
          "TextureLevelIndex": 2,
          "TexelFactor": 164.90472
        }
      ],
      "LightmapType": "ELightmapType::ForceVolumetric",
      "bReceivesDecals": false,
      "bHasPerInstanceHitProxies": true,
      "CastShadow": false,
      "bAffectDynamicIndirectLighting": false,
      "bAffectDistanceFieldLighting": false,
      "VisibilityId": 2,
      "BodyInstance": {
        "ObjectType": "ECC_WorldStatic",
        "CollisionEnabled": "ECollisionEnabled::NoCollision",
        "CollisionProfileName": "NoCollision",
        "CollisionResponses": {
          "ResponseArray": [
            {
              "Channel": "Visibility",
              "Response": "ECR_Ignore"
            },
            {
              "Channel": "Camera",
              "Response": "ECR_Ignore"
            }
          ]
        },
        "bAutoWeld": false
      },
      "AttachParent": {
        "ObjectName": "SceneComponent'Cave000_F00_Foliage:PersistentLevel.InstancedFoliageActor_0.RootComponent0'",
        "ObjectPath": "/Game/Carrot4/Maps/Madori/Cave/Cave000/Cave000_F00/Sublevels/Cave000_F00_Foliage.23"
      },
      "Mobility": "EComponentMobility::Static"
    }
  },
  {
    "Type": "FoliageInstancedStaticMeshComponent",
    "Name": "FoliageInstancedStaticMeshComponent_17",
    "Outer": "InstancedFoliageActor_0",
    "Class": "UScriptClass'FoliageInstancedStaticMeshComponent'",
    "Properties": {
      "SortedInstances": [
        2,
        1,
        3,
        0
      ],
      "NumBuiltInstances": 4,
      "BuiltInstanceBounds": {
        "Min": {
          "X": 68.13018,
          "Y": -17.568798,
          "Z": -0.9907961
        },
        "Max": {
          "X": 517.315,
          "Y": 358.76697,
          "Z": 5.4761124
        },
        "IsValid": 1
      },
      "CacheMeshExtendedBounds": {
        "Origin": {
          "X": 0.0,
          "Y": 0.21448565,
          "Z": 0.7112924
        },
        "BoxExtent": {
          "X": 11.204283,
          "Y": 4.5073586,
          "Z": 0.9797679
        },
        "SphereRadius": 11.598967
      },
      "InstanceCountToRender": 4,
      "InstancingRandomSeed": 16156,
      "InstanceEndCullDistance": 1500,
      "InstanceReorderTable": [
        3,
        1,
        0,
        2
      ],
      "StaticMesh": {
        "ObjectName": "StaticMesh'SM_CMA_T02_DC_Foliages06_PT7'",
        "ObjectPath": "/Game/Carrot4/Terrain/Cave/Type/Soil/Foliages/Meshes/SM_CMA_T02_DC_Foliages06_PT7.2"
      },
      "OverriddenLightMapRes": 8,
      "StreamingTextureData": [
        {
          "PackedRelativeBox": 4294901760,
          "TextureLevelIndex": 0,
          "TexelFactor": 217.59587
        },
        {
          "PackedRelativeBox": 4294901760,
          "TextureLevelIndex": 1,
          "TexelFactor": 217.59587
        },
        {
          "PackedRelativeBox": 4294901760,
          "TextureLevelIndex": 2,
          "TexelFactor": 217.59587
        }
      ],
      "LightmapType": "ELightmapType::ForceVolumetric",
      "bReceivesDecals": false,
      "bHasPerInstanceHitProxies": true,
      "CastShadow": false,
      "bAffectDynamicIndirectLighting": false,
      "bAffectDistanceFieldLighting": false,
      "VisibilityId": 3,
      "BodyInstance": {
        "ObjectType": "ECC_WorldStatic",
        "CollisionEnabled": "ECollisionEnabled::NoCollision",
        "CollisionProfileName": "NoCollision",
        "CollisionResponses": {
          "ResponseArray": [
            {
              "Channel": "Visibility",
              "Response": "ECR_Ignore"
            },
            {
              "Channel": "Camera",
              "Response": "ECR_Ignore"
            }
          ]
        },
        "bAutoWeld": false
      },
      "AttachParent": {
        "ObjectName": "SceneComponent'Cave000_F00_Foliage:PersistentLevel.InstancedFoliageActor_0.RootComponent0'",
        "ObjectPath": "/Game/Carrot4/Maps/Madori/Cave/Cave000/Cave000_F00/Sublevels/Cave000_F00_Foliage.23"
      },
      "Mobility": "EComponentMobility::Static"
    }
  },
  {
    "Type": "FoliageInstancedStaticMeshComponent",
    "Name": "FoliageInstancedStaticMeshComponent_18",
    "Outer": "InstancedFoliageActor_0",
    "Class": "UScriptClass'FoliageInstancedStaticMeshComponent'",
    "Properties": {
      "SortedInstances": [
        0,
        4,
        3,
        2,
        1
      ],
      "NumBuiltInstances": 5,
      "BuiltInstanceBounds": {
        "Min": {
          "X": -15.09146,
          "Y": 132.37534,
          "Z": -4.8657904
        },
        "Max": {
          "X": 208.18773,
          "Y": 386.5083,
          "Z": 2.5890355
        },
        "IsValid": 1
      },
      "CacheMeshExtendedBounds": {
        "Origin": {
          "X": 0.0,
          "Y": 1.9073486E-06,
          "Z": 0.54107666
        },
        "BoxExtent": {
          "X": 15.171923,
          "Y": 6.0663977,
          "Z": 2.0476484
        },
        "SphereRadius": 15.611585
      },
      "InstanceCountToRender": 5,
      "InstancingRandomSeed": 17876,
      "InstanceEndCullDistance": 1500,
      "InstanceReorderTable": [
        0,
        4,
        3,
        2,
        1
      ],
      "StaticMesh": {
        "ObjectName": "StaticMesh'SM_CMA_T02_DC_Foliages06_PT3'",
        "ObjectPath": "/Game/Carrot4/Terrain/Cave/Type/Soil/Foliages/Meshes/SM_CMA_T02_DC_Foliages06_PT3.2"
      },
      "OverriddenLightMapRes": 8,
      "StreamingTextureData": [
        {
          "PackedRelativeBox": 4294901760,
          "TextureLevelIndex": 0,
          "TexelFactor": 181.08078
        },
        {
          "PackedRelativeBox": 4294901760,
          "TextureLevelIndex": 1,
          "TexelFactor": 181.08078
        },
        {
          "PackedRelativeBox": 4294901760,
          "TextureLevelIndex": 2,
          "TexelFactor": 181.08078
        }
      ],
      "LightmapType": "ELightmapType::ForceVolumetric",
      "bReceivesDecals": false,
      "bHasPerInstanceHitProxies": true,
      "CastShadow": false,
      "bAffectDynamicIndirectLighting": false,
      "bAffectDistanceFieldLighting": false,
      "VisibilityId": 4,
      "BodyInstance": {
        "ObjectType": "ECC_WorldStatic",
        "CollisionEnabled": "ECollisionEnabled::NoCollision",
        "CollisionProfileName": "NoCollision",
        "CollisionResponses": {
          "ResponseArray": [
            {
              "Channel": "Visibility",
              "Response": "ECR_Ignore"
            },
            {
              "Channel": "Camera",
              "Response": "ECR_Ignore"
            }
          ]
        },
        "bAutoWeld": false
      },
      "AttachParent": {
        "ObjectName": "SceneComponent'Cave000_F00_Foliage:PersistentLevel.InstancedFoliageActor_0.RootComponent0'",
        "ObjectPath": "/Game/Carrot4/Maps/Madori/Cave/Cave000/Cave000_F00/Sublevels/Cave000_F00_Foliage.23"
      },
      "Mobility": "EComponentMobility::Static"
    }
  },
  {
    "Type": "FoliageInstancedStaticMeshComponent",
    "Name": "FoliageInstancedStaticMeshComponent_19",
    "Outer": "InstancedFoliageActor_0",
    "Class": "UScriptClass'FoliageInstancedStaticMeshComponent'",
    "Properties": {
      "SortedInstances": [
        5,
        4,
        1,
        3,
        2,
        0
      ],
      "NumBuiltInstances": 6,
      "BuiltInstanceBounds": {
        "Min": {
          "X": -2.3711836,
          "Y": 145.93948,
          "Z": -5.5181503
        },
        "Max": {
          "X": 225.94495,
          "Y": 369.96048,
          "Z": 4.3859253
        },
        "IsValid": 1
      },
      "CacheMeshExtendedBounds": {
        "Origin": {
          "X": 0.08954334,
          "Y": 0.0,
          "Z": 2.4399683
        },
        "BoxExtent": {
          "X": 9.336012,
          "Y": 3.2481756,
          "Z": 2.8571286
        },
        "SphereRadius": 9.772681
      },
      "InstanceCountToRender": 6,
      "InstancingRandomSeed": 18592,
      "InstanceEndCullDistance": 1500,
      "InstanceReorderTable": [
        5,
        2,
        4,
        3,
        1,
        0
      ],
      "StaticMesh": {
        "ObjectName": "StaticMesh'SM_CMA_T02_DC_Foliages06_PT6'",
        "ObjectPath": "/Game/Carrot4/Terrain/Cave/Type/Soil/Foliages/Meshes/SM_CMA_T02_DC_Foliages06_PT6.2"
      },
      "OverriddenLightMapRes": 8,
      "StreamingTextureData": [
        {
          "PackedRelativeBox": 4294901760,
          "TextureLevelIndex": 0,
          "TexelFactor": 167.59244
        },
        {
          "PackedRelativeBox": 4294901760,
          "TextureLevelIndex": 1,
          "TexelFactor": 167.59244
        },
        {
          "PackedRelativeBox": 4294901760,
          "TextureLevelIndex": 2,
          "TexelFactor": 167.59244
        }
      ],
      "CachedMaxDrawDistance": 3000.0,
      "LightmapType": "ELightmapType::ForceVolumetric",
      "bReceivesDecals": false,
      "bHasPerInstanceHitProxies": true,
      "CastShadow": false,
      "bAffectDynamicIndirectLighting": false,
      "bAffectDistanceFieldLighting": false,
      "VisibilityId": 5,
      "BodyInstance": {
        "ObjectType": "ECC_WorldStatic",
        "CollisionEnabled": "ECollisionEnabled::NoCollision",
        "CollisionProfileName": "NoCollision",
        "CollisionResponses": {
          "ResponseArray": [
            {
              "Channel": "Visibility",
              "Response": "ECR_Ignore"
            },
            {
              "Channel": "Camera",
              "Response": "ECR_Ignore"
            }
          ]
        },
        "bAutoWeld": false
      },
      "AttachParent": {
        "ObjectName": "SceneComponent'Cave000_F00_Foliage:PersistentLevel.InstancedFoliageActor_0.RootComponent0'",
        "ObjectPath": "/Game/Carrot4/Maps/Madori/Cave/Cave000/Cave000_F00/Sublevels/Cave000_F00_Foliage.23"
      },
      "Mobility": "EComponentMobility::Static"
    }
  },
  {
    "Type": "FoliageInstancedStaticMeshComponent",
    "Name": "FoliageInstancedStaticMeshComponent_20",
    "Outer": "InstancedFoliageActor_0",
    "Class": "UScriptClass'FoliageInstancedStaticMeshComponent'",
    "Properties": {
      "SortedInstances": [
        3,
        5,
        0,
        2,
        4,
        1
      ],
      "NumBuiltInstances": 6,
      "BuiltInstanceBounds": {
        "Min": {
          "X": -5.594497,
          "Y": 13.482487,
          "Z": -3.5634854
        },
        "Max": {
          "X": 483.6859,
          "Y": 353.1729,
          "Z": 5.4966083
        },
        "IsValid": 1
      },
      "CacheMeshExtendedBounds": {
        "Origin": {
          "X": -0.72697735,
          "Y": 0.0,
          "Z": 1.2751179
        },
        "BoxExtent": {
          "X": 11.473368,
          "Y": 1.7423089,
          "Z": 1.793494
        },
        "SphereRadius": 11.619887
      },
      "InstanceCountToRender": 6,
      "InstancingRandomSeed": 29510,
      "InstanceEndCullDistance": 1500,
      "InstanceReorderTable": [
        2,
        5,
        3,
        0,
        4,
        1
      ],
      "StaticMesh": {
        "ObjectName": "StaticMesh'SM_CMA_T02_DC_Foliages06_PT5'",
        "ObjectPath": "/Game/Carrot4/Terrain/Cave/Type/Soil/Foliages/Meshes/SM_CMA_T02_DC_Foliages06_PT5.2"
      },
      "OverriddenLightMapRes": 8,
      "StreamingTextureData": [
        {
          "PackedRelativeBox": 4294901760,
          "TextureLevelIndex": 0,
          "TexelFactor": 153.52464
        },
        {
          "PackedRelativeBox": 4294901760,
          "TextureLevelIndex": 1,
          "TexelFactor": 153.52464
        },
        {
          "PackedRelativeBox": 4294901760,
          "TextureLevelIndex": 2,
          "TexelFactor": 153.52464
        }
      ],
      "LightmapType": "ELightmapType::ForceVolumetric",
      "bReceivesDecals": false,
      "bHasPerInstanceHitProxies": true,
      "CastShadow": false,
      "bAffectDynamicIndirectLighting": false,
      "bAffectDistanceFieldLighting": false,
      "VisibilityId": 6,
      "BodyInstance": {
        "ObjectType": "ECC_WorldStatic",
        "CollisionEnabled": "ECollisionEnabled::NoCollision",
        "CollisionProfileName": "NoCollision",
        "CollisionResponses": {
          "ResponseArray": [
            {
              "Channel": "Visibility",
              "Response": "ECR_Ignore"
            },
            {
              "Channel": "Camera",
              "Response": "ECR_Ignore"
            }
          ]
        },
        "bAutoWeld": false
      },
      "AttachParent": {
        "ObjectName": "SceneComponent'Cave000_F00_Foliage:PersistentLevel.InstancedFoliageActor_0.RootComponent0'",
        "ObjectPath": "/Game/Carrot4/Maps/Madori/Cave/Cave000/Cave000_F00/Sublevels/Cave000_F00_Foliage.23"
      },
      "Mobility": "EComponentMobility::Static"
    }
  },
  {
    "Type": "FoliageInstancedStaticMeshComponent",
    "Name": "FoliageInstancedStaticMeshComponent_22",
    "Outer": "InstancedFoliageActor_0",
    "Class": "UScriptClass'FoliageInstancedStaticMeshComponent'",
    "Properties": {
      "SortedInstances": [
        3,
        2,
        1,
        0
      ],
      "NumBuiltInstances": 4,
      "BuiltInstanceBounds": {
        "Min": {
          "X": 21.483032,
          "Y": -28.665085,
          "Z": -5.854633
        },
        "Max": {
          "X": 516.0508,
          "Y": 237.60336,
          "Z": 11.505096
        },
        "IsValid": 1
      },
      "CacheMeshExtendedBounds": {
        "Origin": {
          "X": 0.0,
          "Y": -9.536743E-07,
          "Z": 1.7242937
        },
        "BoxExtent": {
          "X": 9.987272,
          "Y": 8.636336,
          "Z": 2.521737
        },
        "SphereRadius": 12.501052
      },
      "InstanceCountToRender": 4,
      "InstancingRandomSeed": 15317,
      "InstanceEndCullDistance": 1500,
      "InstanceReorderTable": [
        3,
        2,
        1,
        0
      ],
      "StaticMesh": {
        "ObjectName": "StaticMesh'SM_CMA_T02_DC_Foliages06_PT4'",
        "ObjectPath": "/Game/Carrot4/Terrain/Cave/Type/Soil/Foliages/Meshes/SM_CMA_T02_DC_Foliages06_PT4.2"
      },
      "OverriddenLightMapRes": 8,
      "StreamingTextureData": [
        {
          "PackedRelativeBox": 4294901760,
          "TextureLevelIndex": 0,
          "TexelFactor": 194.65587
        },
        {
          "PackedRelativeBox": 4294901760,
          "TextureLevelIndex": 1,
          "TexelFactor": 194.65587
        },
        {
          "PackedRelativeBox": 4294901760,
          "TextureLevelIndex": 2,
          "TexelFactor": 194.65587
        }
      ],
      "LightmapType": "ELightmapType::ForceVolumetric",
      "bReceivesDecals": false,
      "bHasPerInstanceHitProxies": true,
      "CastShadow": false,
      "bAffectDynamicIndirectLighting": false,
      "bAffectDistanceFieldLighting": false,
      "VisibilityId": 7,
      "BodyInstance": {
        "ObjectType": "ECC_WorldStatic",
        "CollisionEnabled": "ECollisionEnabled::NoCollision",
        "CollisionProfileName": "NoCollision",
        "CollisionResponses": {
          "ResponseArray": [
            {
              "Channel": "Visibility",
              "Response": "ECR_Ignore"
            },
            {
              "Channel": "Camera",
              "Response": "ECR_Ignore"
            }
          ]
        },
        "bAutoWeld": false
      },
      "AttachParent": {
        "ObjectName": "SceneComponent'Cave000_F00_Foliage:PersistentLevel.InstancedFoliageActor_0.RootComponent0'",
        "ObjectPath": "/Game/Carrot4/Maps/Madori/Cave/Cave000/Cave000_F00/Sublevels/Cave000_F00_Foliage.23"
      },
      "Mobility": "EComponentMobility::Static"
    }
  },
  {
    "Type": "FoliageInstancedStaticMeshComponent",
    "Name": "FoliageInstancedStaticMeshComponent_23",
    "Outer": "InstancedFoliageActor_0",
    "Class": "UScriptClass'FoliageInstancedStaticMeshComponent'",
    "Properties": {
      "SortedInstances": [
        9,
        10,
        8,
        11,
        19,
        15,
        14,
        18,
        17,
        13,
        16,
        12,
        7,
        1,
        2,
        0,
        6,
        5,
        4,
        3
      ],
      "NumBuiltInstances": 20,
      "BuiltInstanceBounds": {
        "Min": {
          "X": -520.1983,
          "Y": -1086.7198,
          "Z": -125.0
        },
        "Max": {
          "X": 1170.9003,
          "Y": 1090.6398,
          "Z": 102.79187
        },
        "IsValid": 1
      },
      "CacheMeshExtendedBounds": {
        "Origin": {
          "X": -9.536743E-07,
          "Y": 0.0,
          "Z": 1.2065667
        },
        "BoxExtent": {
          "X": 3.7780447,
          "Y": 4.9217014,
          "Z": 1.2065687
        },
        "SphereRadius": 5.080022
      },
      "InstanceCountToRender": 20,
      "InstancingRandomSeed": 25606,
      "InstanceEndCullDistance": 1500,
      "InstanceReorderTable": [
        15,
        13,
        14,
        19,
        18,
        17,
        16,
        12,
        2,
        0,
        1,
        3,
        11,
        9,
        6,
        5,
        10,
        8,
        7,
        4
      ],
      "StaticMesh": {
        "ObjectName": "StaticMesh'SM_CMA_T02_DC_Foliages07_PT3'",
        "ObjectPath": "/Game/Carrot4/Terrain/Cave/Type/Soil/Foliages/Meshes/SM_CMA_T02_DC_Foliages07_PT3.2"
      },
      "OverriddenLightMapRes": 8,
      "StreamingTextureData": [
        {
          "PackedRelativeBox": 4294901760,
          "TextureLevelIndex": 0,
          "TexelFactor": 166.20352
        },
        {
          "PackedRelativeBox": 4294901760,
          "TextureLevelIndex": 1,
          "TexelFactor": 166.20352
        },
        {
          "PackedRelativeBox": 4294901760,
          "TextureLevelIndex": 2,
          "TexelFactor": 166.20352
        }
      ],
      "LightmapType": "ELightmapType::ForceVolumetric",
      "bReceivesDecals": false,
      "bHasPerInstanceHitProxies": true,
      "CastShadow": false,
      "bAffectDynamicIndirectLighting": false,
      "bAffectDistanceFieldLighting": false,
      "VisibilityId": 8,
      "BodyInstance": {
        "ObjectType": "ECC_WorldStatic",
        "CollisionEnabled": "ECollisionEnabled::NoCollision",
        "CollisionProfileName": "NoCollision",
        "CollisionResponses": {
          "ResponseArray": [
            {
              "Channel": "Visibility",
              "Response": "ECR_Ignore"
            },
            {
              "Channel": "Camera",
              "Response": "ECR_Ignore"
            }
          ]
        },
        "bAutoWeld": false
      },
      "AttachParent": {
        "ObjectName": "SceneComponent'Cave000_F00_Foliage:PersistentLevel.InstancedFoliageActor_0.RootComponent0'",
        "ObjectPath": "/Game/Carrot4/Maps/Madori/Cave/Cave000/Cave000_F00/Sublevels/Cave000_F00_Foliage.23"
      },
      "Mobility": "EComponentMobility::Static"
    }
  },
  {
    "Type": "FoliageInstancedStaticMeshComponent",
    "Name": "FoliageInstancedStaticMeshComponent_24",
    "Outer": "InstancedFoliageActor_0",
    "Class": "UScriptClass'FoliageInstancedStaticMeshComponent'",
    "Properties": {
      "SortedInstances": [
        9,
        8,
        7,
        14,
        13,
        12,
        15,
        11,
        2,
        1,
        10,
        0,
        5,
        4,
        6,
        3
      ],
      "NumBuiltInstances": 16,
      "BuiltInstanceBounds": {
        "Min": {
          "X": -396.296,
          "Y": -1125.5873,
          "Z": -125.0
        },
        "Max": {
          "X": 780.3945,
          "Y": 1062.2512,
          "Z": 103.06355
        },
        "IsValid": 1
      },
      "CacheMeshExtendedBounds": {
        "Origin": {
          "X": 0.0,
          "Y": 1.4305115E-06,
          "Z": 1.2996231
        },
        "BoxExtent": {
          "X": 4.8984222,
          "Y": 5.3775954,
          "Z": 1.2996255
        },
        "SphereRadius": 5.9273276
      },
      "InstanceCountToRender": 16,
      "InstancingRandomSeed": 5363,
      "InstanceEndCullDistance": 1500,
      "InstanceReorderTable": [
        11,
        9,
        8,
        15,
        13,
        12,
        14,
        2,
        1,
        0,
        10,
        7,
        5,
        4,
        3,
        6
      ],
      "StaticMesh": {
        "ObjectName": "StaticMesh'SM_CMA_T02_DC_Foliages07_PT5'",
        "ObjectPath": "/Game/Carrot4/Terrain/Cave/Type/Soil/Foliages/Meshes/SM_CMA_T02_DC_Foliages07_PT5.2"
      },
      "OverriddenLightMapRes": 8,
      "StreamingTextureData": [
        {
          "PackedRelativeBox": 4294901760,
          "TextureLevelIndex": 0,
          "TexelFactor": 165.76074
        },
        {
          "PackedRelativeBox": 4294901760,
          "TextureLevelIndex": 1,
          "TexelFactor": 165.76074
        },
        {
          "PackedRelativeBox": 4294901760,
          "TextureLevelIndex": 2,
          "TexelFactor": 165.76074
        }
      ],
      "LightmapType": "ELightmapType::ForceVolumetric",
      "bReceivesDecals": false,
      "bHasPerInstanceHitProxies": true,
      "CastShadow": false,
      "bAffectDynamicIndirectLighting": false,
      "bAffectDistanceFieldLighting": false,
      "VisibilityId": 9,
      "BodyInstance": {
        "ObjectType": "ECC_WorldStatic",
        "CollisionEnabled": "ECollisionEnabled::NoCollision",
        "CollisionProfileName": "NoCollision",
        "CollisionResponses": {
          "ResponseArray": [
            {
              "Channel": "Visibility",
              "Response": "ECR_Ignore"
            },
            {
              "Channel": "Camera",
              "Response": "ECR_Ignore"
            }
          ]
        },
        "bAutoWeld": false
      },
      "AttachParent": {
        "ObjectName": "SceneComponent'Cave000_F00_Foliage:PersistentLevel.InstancedFoliageActor_0.RootComponent0'",
        "ObjectPath": "/Game/Carrot4/Maps/Madori/Cave/Cave000/Cave000_F00/Sublevels/Cave000_F00_Foliage.23"
      },
      "Mobility": "EComponentMobility::Static"
    }
  },
  {
    "Type": "FoliageInstancedStaticMeshComponent",
    "Name": "FoliageInstancedStaticMeshComponent_25",
    "Outer": "InstancedFoliageActor_0",
    "Class": "UScriptClass'FoliageInstancedStaticMeshComponent'",
    "Properties": {
      "SortedInstances": [
        14,
        13,
        11,
        12,
        17,
        15,
        16,
        10,
        4,
        1,
        3,
        2,
        0,
        9,
        8,
        7,
        5,
        6
      ],
      "NumBuiltInstances": 18,
      "BuiltInstanceBounds": {
        "Min": {
          "X": -577.84094,
          "Y": -1071.1049,
          "Z": -125.0
        },
        "Max": {
          "X": 771.08057,
          "Y": 1089.5977,
          "Z": 103.173225
        },
        "IsValid": 1
      },
      "CacheMeshExtendedBounds": {
        "Origin": {
          "X": 0.0,
          "Y": 0.0,
          "Z": 1.7002078
        },
        "BoxExtent": {
          "X": 4.1517296,
          "Y": 4.7685604,
          "Z": 1.7002095
        },
        "SphereRadius": 5.983818
      },
      "InstanceCountToRender": 18,
      "InstancingRandomSeed": 7857,
      "InstanceEndCullDistance": 1500,
      "InstanceReorderTable": [
        12,
        9,
        11,
        10,
        8,
        16,
        17,
        15,
        14,
        13,
        7,
        2,
        3,
        1,
        0,
        5,
        6,
        4
      ],
      "StaticMesh": {
        "ObjectName": "StaticMesh'SM_CMA_T02_DC_Foliages07_PT2'",
        "ObjectPath": "/Game/Carrot4/Terrain/Cave/Type/Soil/Foliages/Meshes/SM_CMA_T02_DC_Foliages07_PT2.2"
      },
      "OverriddenLightMapRes": 8,
      "StreamingTextureData": [
        {
          "PackedRelativeBox": 4294901760,
          "TextureLevelIndex": 0,
          "TexelFactor": 163.26668
        },
        {
          "PackedRelativeBox": 4294901760,
          "TextureLevelIndex": 1,
          "TexelFactor": 163.26668
        },
        {
          "PackedRelativeBox": 4294901760,
          "TextureLevelIndex": 2,
          "TexelFactor": 163.26668
        }
      ],
      "LightmapType": "ELightmapType::ForceVolumetric",
      "bReceivesDecals": false,
      "bHasPerInstanceHitProxies": true,
      "CastShadow": false,
      "bAffectDynamicIndirectLighting": false,
      "bAffectDistanceFieldLighting": false,
      "VisibilityId": 10,
      "BodyInstance": {
        "ObjectType": "ECC_WorldStatic",
        "CollisionEnabled": "ECollisionEnabled::NoCollision",
        "CollisionProfileName": "NoCollision",
        "CollisionResponses": {
          "ResponseArray": [
            {
              "Channel": "Visibility",
              "Response": "ECR_Ignore"
            },
            {
              "Channel": "Camera",
              "Response": "ECR_Ignore"
            }
          ]
        },
        "bAutoWeld": false
      },
      "AttachParent": {
        "ObjectName": "SceneComponent'Cave000_F00_Foliage:PersistentLevel.InstancedFoliageActor_0.RootComponent0'",
        "ObjectPath": "/Game/Carrot4/Maps/Madori/Cave/Cave000/Cave000_F00/Sublevels/Cave000_F00_Foliage.23"
      },
      "Mobility": "EComponentMobility::Static"
    }
  },
  {
    "Type": "FoliageInstancedStaticMeshComponent",
    "Name": "FoliageInstancedStaticMeshComponent_26",
    "Outer": "InstancedFoliageActor_0",
    "Class": "UScriptClass'FoliageInstancedStaticMeshComponent'",
    "Properties": {
      "SortedInstances": [
        13,
        12,
        10,
        8,
        7,
        6,
        9,
        11,
        16,
        19,
        18,
        15,
        14,
        17,
        2,
        1,
        0,
        5,
        4,
        3
      ],
      "NumBuiltInstances": 20,
      "BuiltInstanceBounds": {
        "Min": {
          "X": -402.4137,
          "Y": -1122.2356,
          "Z": -125.83731
        },
        "Max": {
          "X": 1204.2755,
          "Y": 1052.8862,
          "Z": 101.85341
        },
        "IsValid": 1
      },
      "CacheMeshExtendedBounds": {
        "Origin": {
          "X": 4.7683716E-07,
          "Y": 0.0,
          "Z": 0.60524666
        },
        "BoxExtent": {
          "X": 2.6733346,
          "Y": 2.9870195,
          "Z": 1.3282707
        },
        "SphereRadius": 3.4070313
      },
      "InstanceCountToRender": 20,
      "InstancingRandomSeed": 23796,
      "InstanceEndCullDistance": 1500,
      "InstanceReorderTable": [
        16,
        15,
        14,
        19,
        18,
        17,
        5,
        4,
        3,
        6,
        2,
        7,
        1,
        0,
        12,
        11,
        8,
        13,
        10,
        9
      ],
      "StaticMesh": {
        "ObjectName": "StaticMesh'SM_CMA_T02_DC_Foliages07_PT6'",
        "ObjectPath": "/Game/Carrot4/Terrain/Cave/Type/Soil/Foliages/Meshes/SM_CMA_T02_DC_Foliages07_PT6.2"
      },
      "OverriddenLightMapRes": 8,
      "StreamingTextureData": [
        {
          "PackedRelativeBox": 4294901760,
          "TextureLevelIndex": 0,
          "TexelFactor": 165.82193
        },
        {
          "PackedRelativeBox": 4294901760,
          "TextureLevelIndex": 1,
          "TexelFactor": 165.82193
        },
        {
          "PackedRelativeBox": 4294901760,
          "TextureLevelIndex": 2,
          "TexelFactor": 165.82193
        }
      ],
      "LightmapType": "ELightmapType::ForceVolumetric",
      "bReceivesDecals": false,
      "bHasPerInstanceHitProxies": true,
      "CastShadow": false,
      "bAffectDynamicIndirectLighting": false,
      "bAffectDistanceFieldLighting": false,
      "VisibilityId": 11,
      "BodyInstance": {
        "ObjectType": "ECC_WorldStatic",
        "CollisionEnabled": "ECollisionEnabled::NoCollision",
        "CollisionProfileName": "NoCollision",
        "CollisionResponses": {
          "ResponseArray": [
            {
              "Channel": "Visibility",
              "Response": "ECR_Ignore"
            },
            {
              "Channel": "Camera",
              "Response": "ECR_Ignore"
            }
          ]
        },
        "bAutoWeld": false
      },
      "AttachParent": {
        "ObjectName": "SceneComponent'Cave000_F00_Foliage:PersistentLevel.InstancedFoliageActor_0.RootComponent0'",
        "ObjectPath": "/Game/Carrot4/Maps/Madori/Cave/Cave000/Cave000_F00/Sublevels/Cave000_F00_Foliage.23"
      },
      "Mobility": "EComponentMobility::Static"
    }
  },
  {
    "Type": "FoliageInstancedStaticMeshComponent",
    "Name": "FoliageInstancedStaticMeshComponent_27",
    "Outer": "InstancedFoliageActor_0",
    "Class": "UScriptClass'FoliageInstancedStaticMeshComponent'",
    "Properties": {
      "SortedInstances": [
        12,
        10,
        11,
        16,
        15,
        14,
        13,
        9,
        8,
        2,
        1,
        0,
        7,
        6,
        4,
        5,
        3
      ],
      "NumBuiltInstances": 17,
      "BuiltInstanceBounds": {
        "Min": {
          "X": -623.56647,
          "Y": -1074.4668,
          "Z": -125.11345
        },
        "Max": {
          "X": 721.2861,
          "Y": 1061.7845,
          "Z": 103.002205
        },
        "IsValid": 1
      },
      "CacheMeshExtendedBounds": {
        "Origin": {
          "X": 1.9073486E-06,
          "Y": 9.536743E-07,
          "Z": 1.2005559
        },
        "BoxExtent": {
          "X": 2.0743313,
          "Y": 2.8562174,
          "Z": 1.3144289
        },
        "SphereRadius": 3.376026
      },
      "InstanceCountToRender": 17,
      "InstancingRandomSeed": 29321,
      "InstanceEndCullDistance": 1500,
      "InstanceReorderTable": [
        11,
        10,
        9,
        16,
        14,
        15,
        13,
        12,
        8,
        7,
        1,
        2,
        0,
        6,
        5,
        4,
        3
      ],
      "StaticMesh": {
        "ObjectName": "StaticMesh'SM_CMA_T02_DC_Foliages07_PT4'",
        "ObjectPath": "/Game/Carrot4/Terrain/Cave/Type/Soil/Foliages/Meshes/SM_CMA_T02_DC_Foliages07_PT4.2"
      },
      "OverriddenLightMapRes": 8,
      "StreamingTextureData": [
        {
          "PackedRelativeBox": 4294901760,
          "TextureLevelIndex": 0,
          "TexelFactor": 162.75697
        },
        {
          "PackedRelativeBox": 4294901760,
          "TextureLevelIndex": 1,
          "TexelFactor": 162.75697
        },
        {
          "PackedRelativeBox": 4294901760,
          "TextureLevelIndex": 2,
          "TexelFactor": 162.75697
        }
      ],
      "LightmapType": "ELightmapType::ForceVolumetric",
      "bReceivesDecals": false,
      "bHasPerInstanceHitProxies": true,
      "CastShadow": false,
      "bAffectDynamicIndirectLighting": false,
      "bAffectDistanceFieldLighting": false,
      "VisibilityId": 12,
      "BodyInstance": {
        "ObjectType": "ECC_WorldStatic",
        "CollisionEnabled": "ECollisionEnabled::NoCollision",
        "CollisionProfileName": "NoCollision",
        "CollisionResponses": {
          "ResponseArray": [
            {
              "Channel": "Visibility",
              "Response": "ECR_Ignore"
            },
            {
              "Channel": "Camera",
              "Response": "ECR_Ignore"
            }
          ]
        },
        "bAutoWeld": false
      },
      "AttachParent": {
        "ObjectName": "SceneComponent'Cave000_F00_Foliage:PersistentLevel.InstancedFoliageActor_0.RootComponent0'",
        "ObjectPath": "/Game/Carrot4/Maps/Madori/Cave/Cave000/Cave000_F00/Sublevels/Cave000_F00_Foliage.23"
      },
      "Mobility": "EComponentMobility::Static"
    }
  },
  {
    "Type": "FoliageInstancedStaticMeshComponent",
    "Name": "FoliageInstancedStaticMeshComponent_5",
    "Outer": "InstancedFoliageActor_0",
    "Class": "UScriptClass'FoliageInstancedStaticMeshComponent'",
    "Properties": {
      "SortedInstances": [
        0
      ],
      "NumBuiltInstances": 1,
      "BuiltInstanceBounds": {
        "Min": {
          "X": 442.74838,
          "Y": 66.25762,
          "Z": -1.6404586
        },
        "Max": {
          "X": 479.82382,
          "Y": 96.708,
          "Z": 4.2242155
        },
        "IsValid": 1
      },
      "CacheMeshExtendedBounds": {
        "Origin": {
          "X": -0.85435677,
          "Y": 3.2983704,
          "Z": 1.857827
        },
        "BoxExtent": {
          "X": 15.197409,
          "Y": 18.513824,
          "Z": 2.8515067
        },
        "SphereRadius": 22.58509
      },
      "InstanceCountToRender": 1,
      "InstancingRandomSeed": 2947,
      "InstanceEndCullDistance": 1500,
      "InstanceReorderTable": [
        0
      ],
      "StaticMesh": {
        "ObjectName": "StaticMesh'SM_CMA_T02_DC_Foliages06_PT0'",
        "ObjectPath": "/Game/Carrot4/Terrain/Cave/Type/Soil/Foliages/Meshes/SM_CMA_T02_DC_Foliages06_PT0.2"
      },
      "OverriddenLightMapRes": 8,
      "StreamingTextureData": [
        {
          "PackedRelativeBox": 4294901760,
          "TextureLevelIndex": 0,
          "TexelFactor": 168.50325
        },
        {
          "PackedRelativeBox": 4294901760,
          "TextureLevelIndex": 1,
          "TexelFactor": 168.50325
        },
        {
          "PackedRelativeBox": 4294901760,
          "TextureLevelIndex": 2,
          "TexelFactor": 168.50325
        }
      ],
      "CachedMaxDrawDistance": 2200.0,
      "LightmapType": "ELightmapType::ForceVolumetric",
      "bReceivesDecals": false,
      "bHasPerInstanceHitProxies": true,
      "CastShadow": false,
      "bAffectDynamicIndirectLighting": false,
      "bAffectDistanceFieldLighting": false,
      "VisibilityId": 13,
      "BodyInstance": {
        "ObjectType": "ECC_WorldStatic",
        "CollisionEnabled": "ECollisionEnabled::NoCollision",
        "CollisionProfileName": "NoCollision",
        "CollisionResponses": {
          "ResponseArray": [
            {
              "Channel": "Visibility",
              "Response": "ECR_Ignore"
            },
            {
              "Channel": "Camera",
              "Response": "ECR_Ignore"
            }
          ]
        },
        "bAutoWeld": false
      },
      "AttachParent": {
        "ObjectName": "SceneComponent'Cave000_F00_Foliage:PersistentLevel.InstancedFoliageActor_0.RootComponent0'",
        "ObjectPath": "/Game/Carrot4/Maps/Madori/Cave/Cave000/Cave000_F00/Sublevels/Cave000_F00_Foliage.23"
      },
      "Mobility": "EComponentMobility::Static"
    }
  },
  {
    "Type": "FoliageInstancedStaticMeshComponent",
    "Name": "FoliageInstancedStaticMeshComponent_6",
    "Outer": "InstancedFoliageActor_0",
    "Class": "UScriptClass'FoliageInstancedStaticMeshComponent'",
    "Properties": {
      "SortedInstances": [
        0
      ],
      "NumBuiltInstances": 1,
      "BuiltInstanceBounds": {
        "Min": {
          "X": 430.77563,
          "Y": -99.90688,
          "Z": -2.4990237
        },
        "Max": {
          "X": 515.9209,
          "Y": -19.515709,
          "Z": 4.3362694
        },
        "IsValid": 1
      },
      "CacheMeshExtendedBounds": {
        "Origin": {
          "X": -18.913643,
          "Y": 9.002487,
          "Z": 1.1832302
        },
        "BoxExtent": {
          "X": 37.221306,
          "Y": 39.805954,
          "Z": 3.4105256
        },
        "SphereRadius": 49.011555
      },
      "InstanceCountToRender": 1,
      "InstancingRandomSeed": 19427,
      "InstanceEndCullDistance": 1500,
      "InstanceReorderTable": [
        0
      ],
      "StaticMesh": {
        "ObjectName": "StaticMesh'SM_CMA_T02_DC_Foliages06_PT2'",
        "ObjectPath": "/Game/Carrot4/Terrain/Cave/Type/Soil/Foliages/Meshes/SM_CMA_T02_DC_Foliages06_PT2.2"
      },
      "OverriddenLightMapRes": 8,
      "StreamingTextureData": [
        {
          "PackedRelativeBox": 4294901760,
          "TextureLevelIndex": 0,
          "TexelFactor": 167.60075
        },
        {
          "PackedRelativeBox": 4294901760,
          "TextureLevelIndex": 1,
          "TexelFactor": 167.60075
        },
        {
          "PackedRelativeBox": 4294901760,
          "TextureLevelIndex": 2,
          "TexelFactor": 167.60075
        }
      ],
      "CachedMaxDrawDistance": 3000.0,
      "LightmapType": "ELightmapType::ForceVolumetric",
      "bReceivesDecals": false,
      "bHasPerInstanceHitProxies": true,
      "CastShadow": false,
      "bAffectDynamicIndirectLighting": false,
      "bAffectDistanceFieldLighting": false,
      "VisibilityId": 14,
      "BodyInstance": {
        "ObjectType": "ECC_WorldStatic",
        "CollisionEnabled": "ECollisionEnabled::NoCollision",
        "CollisionProfileName": "NoCollision",
        "CollisionResponses": {
          "ResponseArray": [
            {
              "Channel": "Visibility",
              "Response": "ECR_Ignore"
            },
            {
              "Channel": "Camera",
              "Response": "ECR_Ignore"
            }
          ]
        },
        "bAutoWeld": false
      },
      "AttachParent": {
        "ObjectName": "SceneComponent'Cave000_F00_Foliage:PersistentLevel.InstancedFoliageActor_0.RootComponent0'",
        "ObjectPath": "/Game/Carrot4/Maps/Madori/Cave/Cave000/Cave000_F00/Sublevels/Cave000_F00_Foliage.23"
      },
      "Mobility": "EComponentMobility::Static"
    }
  },
  {
    "Type": "FoliageInstancedStaticMeshComponent",
    "Name": "FoliageInstancedStaticMeshComponent_7",
    "Outer": "InstancedFoliageActor_0",
    "Class": "UScriptClass'FoliageInstancedStaticMeshComponent'",
    "Properties": {
      "CacheMeshExtendedBounds": {
        "Origin": {
          "X": -8.159004,
          "Y": 2.229477,
          "Z": 1.956484
        },
        "BoxExtent": {
          "X": 23.948158,
          "Y": 19.52037,
          "Z": 3.0768652
        },
        "SphereRadius": 29.66138
      },
      "InstancingRandomSeed": 24506,
      "InstanceEndCullDistance": 1500,
      "StaticMesh": {
        "ObjectName": "StaticMesh'SM_CMA_T02_DC_Foliages06_PT1'",
        "ObjectPath": "/Game/Carrot4/Terrain/Cave/Type/Soil/Foliages/Meshes/SM_CMA_T02_DC_Foliages06_PT1.2"
      },
      "OverriddenLightMapRes": 8,
      "StreamingTextureData": [
        {
          "PackedRelativeBox": 4294901760,
          "TextureLevelIndex": 0,
          "TexelFactor": 181.31642
        },
        {
          "PackedRelativeBox": 4294901760,
          "TextureLevelIndex": 1,
          "TexelFactor": 181.31642
        },
        {
          "PackedRelativeBox": 4294901760,
          "TextureLevelIndex": 2,
          "TexelFactor": 181.31642
        }
      ],
      "CachedMaxDrawDistance": 2200.0,
      "LightmapType": "ELightmapType::ForceVolumetric",
      "bReceivesDecals": false,
      "bHasPerInstanceHitProxies": true,
      "CastShadow": false,
      "bAffectDynamicIndirectLighting": false,
      "bAffectDistanceFieldLighting": false,
      "BodyInstance": {
        "ObjectType": "ECC_WorldStatic",
        "CollisionEnabled": "ECollisionEnabled::NoCollision",
        "CollisionProfileName": "NoCollision",
        "CollisionResponses": {
          "ResponseArray": [
            {
              "Channel": "Visibility",
              "Response": "ECR_Ignore"
            },
            {
              "Channel": "Camera",
              "Response": "ECR_Ignore"
            }
          ]
        },
        "bAutoWeld": false
      },
      "AttachParent": {
        "ObjectName": "SceneComponent'Cave000_F00_Foliage:PersistentLevel.InstancedFoliageActor_0.RootComponent0'",
        "ObjectPath": "/Game/Carrot4/Maps/Madori/Cave/Cave000/Cave000_F00/Sublevels/Cave000_F00_Foliage.23"
      },
      "Mobility": "EComponentMobility::Static"
    }
  },
  {
    "Type": "InstancedFoliageActor",
    "Name": "InstancedFoliageActor_0",
    "Outer": "PersistentLevel",
    "Class": "UScriptClass'InstancedFoliageActor'",
    "Properties": {
      "RootComponent": {
        "ObjectName": "SceneComponent'Cave000_F00_Foliage:PersistentLevel.InstancedFoliageActor_0.RootComponent0'",
        "ObjectPath": "/Game/Carrot4/Maps/Madori/Cave/Cave000/Cave000_F00/Sublevels/Cave000_F00_Foliage.23"
      }
    }
  },
  {
    "Type": "Level",
    "Name": "PersistentLevel",
    "Outer": "Cave000_F00_Foliage",
    "Class": "UScriptClass'Level'",
    "Properties": {
      "Model": {
        "ObjectName": "Model'Cave000_F00_Foliage:PersistentLevel.Model_0'",
        "ObjectPath": "/Game/Carrot4/Maps/Madori/Cave/Cave000/Cave000_F00/Sublevels/Cave000_F00_Foliage.20"
      },
      "LevelScriptActor": {
        "ObjectName": "Cave000_F00_Foliage_C'Cave000_F00_Foliage:PersistentLevel.Cave000_F00_Foliage_C_0'",
        "ObjectPath": "/Game/Carrot4/Maps/Madori/Cave/Cave000/Cave000_F00/Sublevels/Cave000_F00_Foliage.2"
      },
      "StreamingTextureGuids": [
        "4596FD38-44AF0CDE-F28EC08C-6D67F531",
        "0525D604-461246D6-6598EEB6-5DB17315",
        "4AED7156-4FE1F4D4-58C1398E-A8C844ED"
      ],
      "LevelBuildDataId": "92310534-40F48D93-856737BA-FB6C1A25",
      "MapBuildData": {
        "ObjectName": "MapBuildDataRegistry'Cave000_F00_Foliage_BuiltData'",
        "ObjectPath": "/Game/Carrot4/Maps/Madori/Cave/Cave000/Cave000_F00/Sublevels/Cave000_F00_Foliage_BuiltData.3"
      },
      "WorldSettings": {
        "ObjectName": "MyWorldSettings'Cave000_F00_Foliage:PersistentLevel.MyWorldSettings'",
        "ObjectPath": "/Game/Carrot4/Maps/Madori/Cave/Cave000/Cave000_F00/Sublevels/Cave000_F00_Foliage.21"
      }
    },
    "Actors": [
      {
        "ObjectName": "MyWorldSettings'Cave000_F00_Foliage:PersistentLevel.MyWorldSettings'",
        "ObjectPath": "/Game/Carrot4/Maps/Madori/Cave/Cave000/Cave000_F00/Sublevels/Cave000_F00_Foliage.21"
      },
      null,
      {
        "ObjectName": "InstancedFoliageActor'Cave000_F00_Foliage:PersistentLevel.InstancedFoliageActor_0'",
        "ObjectPath": "/Game/Carrot4/Maps/Madori/Cave/Cave000/Cave000_F00/Sublevels/Cave000_F00_Foliage.18"
      },
      {
        "ObjectName": "Cave000_F00_Foliage_C'Cave000_F00_Foliage:PersistentLevel.Cave000_F00_Foliage_C_0'",
        "ObjectPath": "/Game/Carrot4/Maps/Madori/Cave/Cave000/Cave000_F00/Sublevels/Cave000_F00_Foliage.2"
      }
    ],
    "URL": {
      "Protocol": "unreal",
      "Host": "",
      "Port": 7777,
      "Valid": true,
      "Map": "/Game/Carrot4/Maps/Boot_P",
      "Op": [],
      "Portal": ""
    },
    "Model": {
      "ObjectName": "Model'Cave000_F00_Foliage:PersistentLevel.Model_0'",
      "ObjectPath": "/Game/Carrot4/Maps/Madori/Cave/Cave000/Cave000_F00/Sublevels/Cave000_F00_Foliage.20"
    },
    "ModelComponents": [],
    "LevelScriptActor": {
      "ObjectName": "Cave000_F00_Foliage_C'Cave000_F00_Foliage:PersistentLevel.Cave000_F00_Foliage_C_0'",
      "ObjectPath": "/Game/Carrot4/Maps/Madori/Cave/Cave000/Cave000_F00/Sublevels/Cave000_F00_Foliage.2"
    },
    "NavListStart": null,
    "NavListEnd": null,
    "PrecomputedVisibilityHandler": {
      "PrecomputedVisibilityCellBucketOriginXY": {
        "X": 0.0,
        "Y": 0.0
      },
      "PrecomputedVisibilityCellSizeXY": 0.0,
      "PrecomputedVisibilityCellSizeZ": 0.0,
      "PrecomputedVisibilityCellBucketSizeXY": 0,
      "PrecomputedVisibilityNumCellBuckets": 0,
      "PrecomputedVisibilityCellBuckets": []
    },
    "PrecomputedVolumeDistanceField": {
      "VolumeMaxDistance": 0.0,
      "VolumeBox": {
        "Min": {
          "X": 0.0,
          "Y": 0.0,
          "Z": 0.0
        },
        "Max": {
          "X": 0.0,
          "Y": 0.0,
          "Z": 0.0
        },
        "IsValid": 0
      },
      "VolumeSizeX": 0,
      "VolumeSizeY": 0,
      "VolumeSizeZ": 0,
      "Data": []
    }
  },
  {
    "Type": "Model",
    "Name": "Model_0",
    "Outer": "PersistentLevel",
    "Class": "UScriptClass'Model'",
    "Bounds": {
      "Origin": {
        "X": 0.0,
        "Y": 0.0,
        "Z": 0.0
      },
      "BoxExtent": {
        "X": 0.0,
        "Y": 0.0,
        "Z": 0.0
      },
      "SphereRadius": 0.0
    },
    "Vectors": [],
    "Points": [],
    "Nodes": [],
    "Surfs": [],
    "NumSharedSides": 4,
    "VertexBuffer": {
      "Vertices": []
    },
    "LightingGuid": "A0DD3730-4517326F-B9EA35BA-79BB5365",
    "LightmassSettings": []
  },
  {
    "Type": "MyWorldSettings",
    "Name": "MyWorldSettings",
    "Outer": "PersistentLevel",
    "Class": "UScriptClass'MyWorldSettings'",
    "Properties": {
      "NavigationSystemConfig": {
        "ObjectName": "NavigationSystemModuleConfig'Cave000_F00_Foliage:PersistentLevel.MyWorldSettings.NavigationSystemModuleConfig_0'",
        "ObjectPath": "/Game/Carrot4/Maps/Madori/Cave/Cave000/Cave000_F00/Sublevels/Cave000_F00_Foliage.22"
      },
      "BookmarkArray": [
        null,
        null,
        null,
        null,
        null,
        null,
        null,
        null,
        null,
        null
      ]
    }
  },
  {
    "Type": "NavigationSystemModuleConfig",
    "Name": "NavigationSystemModuleConfig_0",
    "Outer": "MyWorldSettings",
    "Class": "UScriptClass'NavigationSystemModuleConfig'",
    "Properties": {
      "bStrictlyStatic": true,
      "bAutoSpawnMissingNavData": true,
      "NavigationSystemClass": {
        "AssetPathName": "/Script/Carrot4.CarrotNavigationSystem",
        "SubPathString": ""
      }
    }
  },
  {
    "Type": "SceneComponent",
    "Name": "RootComponent0",
    "Outer": "InstancedFoliageActor_0",
    "Class": "UScriptClass'SceneComponent'"
  },
  {
    "Type": "World",
    "Name": "Cave000_F00_Foliage",
    "Class": "UScriptClass'World'",
    "PersistentLevel": {
      "ObjectName": "Level'Cave000_F00_Foliage:PersistentLevel'",
      "ObjectPath": "/Game/Carrot4/Maps/Madori/Cave/Cave000/Cave000_F00/Sublevels/Cave000_F00_Foliage.19"
    },
    "ExtraReferencedObjects": [],
    "StreamingLevels": []
  }
]