[
  {
    "Type": "BlueprintGeneratedClass",
    "Name": "Cave003_F00_SoundOption_C",
    "Class": "UScriptClass'BlueprintGeneratedClass'",
    "SuperStruct": {
      "ObjectName": "Class'LevelScriptActor'",
      "ObjectPath": "/Script/Engine"
    },
    "ClassFlags": 8653332,
    "ClassWithin": {
      "ObjectName": "Class'Object'",
      "ObjectPath": "/Script/CoreUObject"
    },
    "ClassConfigName": "Engine",
    "bCooked": true,
    "ClassDefaultObject": {
      "ObjectName": "Cave003_F00_SoundOption_C'Default__Cave003_F00_SoundOption_C'",
      "ObjectPath": "/Game/Carrot4/Maps/Madori/Cave/Cave003/Cave003_F00/Sublevels/Cave003_F00_SoundOption.1"
    }
  },
  {
    "Type": "Cave003_F00_SoundOption_C",
    "Name": "Default__Cave003_F00_SoundOption_C",
    "Class": "BlueprintGeneratedClass'/Game/Carrot4/Maps/Madori/Cave/Cave003/Cave003_F00/Sublevels/Cave003_F00_SoundOption.Cave003_F00_SoundOption_C'"
  },
  {
    "Type": "Cave003_F00_SoundOption_C",
    "Name": "Cave003_F00_SoundOption_C_1",
    "Outer": "PersistentLevel",
    "Template": "Default__Cave003_F00_SoundOption_C",
    "Class": "BlueprintGeneratedClass'/Game/Carrot4/Maps/Madori/Cave/Cave003/Cave003_F00/Sublevels/Cave003_F00_SoundOption.Cave003_F00_SoundOption_C'"
  },
  {
    "Type": "Level",
    "Name": "PersistentLevel",
    "Outer": "Cave003_F00_SoundOption",
    "Class": "UScriptClass'Level'",
    "Properties": {
      "Model": {
        "ObjectName": "Model'Cave003_F00_SoundOption:PersistentLevel.Model_0'",
        "ObjectPath": "/Game/Carrot4/Maps/Madori/Cave/Cave003/Cave003_F00/Sublevels/Cave003_F00_SoundOption.4"
      },
      "LevelScriptActor": {
        "ObjectName": "Cave003_F00_SoundOption_C'Cave003_F00_SoundOption:PersistentLevel.Cave003_F00_SoundOption_C_1'",
        "ObjectPath": "/Game/Carrot4/Maps/Madori/Cave/Cave003/Cave003_F00/Sublevels/Cave003_F00_SoundOption.2"
      },
      "LevelBuildDataId": "068B7321-4A18A462-37C512A7-38F5163D",
      "MapBuildData": {
        "ObjectName": "MapBuildDataRegistry'Cave003_F00_SoundOption_BuiltData'",
        "ObjectPath": "/Game/Carrot4/Maps/Madori/Cave/Cave003/Cave003_F00/Sublevels/Cave003_F00_SoundOption_BuiltData.0"
      },
      "WorldSettings": {
        "ObjectName": "MyWorldSettings'Cave003_F00_SoundOption:PersistentLevel.MyWorldSettings'",
        "ObjectPath": "/Game/Carrot4/Maps/Madori/Cave/Cave003/Cave003_F00/Sublevels/Cave003_F00_SoundOption.5"
      }
    },
    "Actors": [
      {
        "ObjectName": "MyWorldSettings'Cave003_F00_SoundOption:PersistentLevel.MyWorldSettings'",
        "ObjectPath": "/Game/Carrot4/Maps/Madori/Cave/Cave003/Cave003_F00/Sublevels/Cave003_F00_SoundOption.5"
      },
      null,
      {
        "ObjectName": "Cave003_F00_SoundOption_C'Cave003_F00_SoundOption:PersistentLevel.Cave003_F00_SoundOption_C_1'",
        "ObjectPath": "/Game/Carrot4/Maps/Madori/Cave/Cave003/Cave003_F00/Sublevels/Cave003_F00_SoundOption.2"
      }
    ],
    "URL": {
      "Protocol": "unreal",
      "Host": "",
      "Port": 7777,
      "Valid": true,
      "Map": "/Game/Carrot4/Maps/Boot_P",
      "Op": [],
      "Portal": ""
    },
    "Model": {
      "ObjectName": "Model'Cave003_F00_SoundOption:PersistentLevel.Model_0'",
      "ObjectPath": "/Game/Carrot4/Maps/Madori/Cave/Cave003/Cave003_F00/Sublevels/Cave003_F00_SoundOption.4"
    },
    "ModelComponents": [],
    "LevelScriptActor": {
      "ObjectName": "Cave003_F00_SoundOption_C'Cave003_F00_SoundOption:PersistentLevel.Cave003_F00_SoundOption_C_1'",
      "ObjectPath": "/Game/Carrot4/Maps/Madori/Cave/Cave003/Cave003_F00/Sublevels/Cave003_F00_SoundOption.2"
    },
    "NavListStart": null,
    "NavListEnd": null,
    "PrecomputedVisibilityHandler": {
      "PrecomputedVisibilityCellBucketOriginXY": {
        "X": 0.0,
        "Y": 0.0
      },
      "PrecomputedVisibilityCellSizeXY": 0.0,
      "PrecomputedVisibilityCellSizeZ": 0.0,
      "PrecomputedVisibilityCellBucketSizeXY": 0,
      "PrecomputedVisibilityNumCellBuckets": 0,
      "PrecomputedVisibilityCellBuckets": []
    },
    "PrecomputedVolumeDistanceField": {
      "VolumeMaxDistance": 0.0,
      "VolumeBox": {
        "Min": {
          "X": 0.0,
          "Y": 0.0,
          "Z": 0.0
        },
        "Max": {
          "X": 0.0,
          "Y": 0.0,
          "Z": 0.0
        },
        "IsValid": 0
      },
      "VolumeSizeX": 0,
      "VolumeSizeY": 0,
      "VolumeSizeZ": 0,
      "Data": []
    }
  },
  {
    "Type": "Model",
    "Name": "Model_0",
    "Outer": "PersistentLevel",
    "Class": "UScriptClass'Model'",
    "Bounds": {
      "Origin": {
        "X": 0.0,
        "Y": 0.0,
        "Z": 0.0
      },
      "BoxExtent": {
        "X": 0.0,
        "Y": 0.0,
        "Z": 0.0
      },
      "SphereRadius": 0.0
    },
    "Vectors": [],
    "Points": [],
    "Nodes": [],
    "Surfs": [],
    "NumSharedSides": 4,
    "VertexBuffer": {
      "Vertices": []
    },
    "LightingGuid": "27B0F25A-4BA333FB-F72FB383-0F0A145C",
    "LightmassSettings": []
  },
  {
    "Type": "MyWorldSettings",
    "Name": "MyWorldSettings",
    "Outer": "PersistentLevel",
    "Class": "UScriptClass'MyWorldSettings'",
    "Properties": {
      "NavigationSystemConfig": {
        "ObjectName": "NavigationSystemModuleConfig'Cave003_F00_SoundOption:PersistentLevel.MyWorldSettings.NavigationSystemModuleConfig_0'",
        "ObjectPath": "/Game/Carrot4/Maps/Madori/Cave/Cave003/Cave003_F00/Sublevels/Cave003_F00_SoundOption.6"
      },
      "BookmarkArray": [
        null,
        null,
        null,
        null,
        null,
        null,
        null,
        null,
        null,
        null
      ]
    }
  },
  {
    "Type": "NavigationSystemModuleConfig",
    "Name": "NavigationSystemModuleConfig_0",
    "Outer": "MyWorldSettings",
    "Class": "UScriptClass'NavigationSystemModuleConfig'",
    "Properties": {
      "bStrictlyStatic": true,
      "bAutoSpawnMissingNavData": true,
      "NavigationSystemClass": {
        "AssetPathName": "/Script/Carrot4.CarrotNavigationSystem",
        "SubPathString": ""
      }
    }
  },
  {
    "Type": "World",
    "Name": "Cave003_F00_SoundOption",
    "Class": "UScriptClass'World'",
    "PersistentLevel": {
      "ObjectName": "Level'Cave003_F00_SoundOption:PersistentLevel'",
      "ObjectPath": "/Game/Carrot4/Maps/Madori/Cave/Cave003/Cave003_F00/Sublevels/Cave003_F00_SoundOption.3"
    },
    "ExtraReferencedObjects": [],
    "StreamingLevels": []
  }
]