{
  "Content": [
    {
      "ActorClassInfo": {
        "PreLoadEffectList": [
          {
            "AssetPathName": "/Game/Carrot4/Effects/Objects/Items/Honey/PS_eft_Honey_Swing00.PS_eft_Honey_Swing00",
            "SubPathString": 0
          },
          {
            "AssetPathName": "/Game/Carrot4/Effects/Objects/Items/Honey/PS_eft_Honey_Swing00_Swamp.PS_eft_Honey_Swing00_Swamp",
            "SubPathString": 0
          },
          {
            "AssetPathName": "/Game/Carrot4/Effects/Objects/Items/Honey/PS_eft_Honey_Swing00_water.PS_eft_Honey_Swing00_Water",
            "SubPathString": 0
          },
          {
            "AssetPathName": "/Game/Carrot4/Effects/Objects/Items/Honey/PS_eft_HotExtract_Swing00.PS_eft_HotExtract_Swing00",
            "SubPathString": 0
          },
          {
            "AssetPathName": "/Game/Carrot4/Effects/Objects/Items/Honey/PS_eft_HotExtract_Swing00_Swamp.PS_eft_HotExtract_Swing00_Swamp",
            "SubPathString": 0
          },
          {
            "AssetPathName": "/Game/Carrot4/Effects/Objects/Items/Honey/PS_eft_HotExtract_Swing00_Water.PS_eft_HotExtract_Swing00_Water",
            "SubPathString": 0
          }
        ]
      },
      "ActorGeneratorList": [
        {
          "AssetVersion": 8626647386,
          "GeneratorVersion": 8626647386,
          "GeneratorID": -1,
          "SoftRefActorClass": {
            "AssetPathName": "/Game/Carrot4/Placeables/Gimmicks/GroupDropManager/GGroupDropManager.GGroupDropManager_C",
            "SubPathString": 0
          },
          "ExploreRateType": "EExploreRateTargetType::None",
          "ActorVersion": 1,
          "OutlineFolderPath": "Teki",
          "InitTransform": {
            "Rotation": {
              "X": 0.0,
              "Y": 0.0,
              "Z": 0.0,
              "W": 1.0
            },
            "Translation": {
              "X": 1074.0999755859375,
              "Y": -389.216064453125,
              "Z": 9.918212890625e-05
            },
            "Scale3D": {
              "X": 1.0,
              "Y": 1.0,
              "Z": 1.0
            }
          },
          "Transform": {
            "Rotation": {
              "X": 0.0,
              "Y": 0.0,
              "Z": 0.0,
              "W": 1.0
            },
            "Translation": {
              "X": 1074.0999755859375,
              "Y": -389.216064453125,
              "Z": 9.918212890625e-05
            },
            "Scale3D": {
              "X": 1.0,
              "Y": 1.0,
              "Z": 1.0
            }
          },
          "GenerateInfo": {
            "EnableSave": true,
            "DebugUniqueId": 4612814121652453389,
            "ActorGlobalId": "None",
            "GenerateNum": 1,
            "GenerateRadius": 300.0,
            "WakeCond": [],
            "bOnceWakeCond": false,
            "SleepCond": [],
            "bNoChkCondWhenDead": false
          },
          "RebirthInfo": {
            "ActivityTime": "EActivityTime::Allday",
            "RebirthType": "ERebirthType::NoRebirth",
            "BirthDay": 0,
            "DeadDay": 0,
            "ExpireDay": 0,
            "CurrNum": 1,
            "ExpireProgress": 0,
            "RebirthInterval": 0,
            "SaveFlag": "EGeneratorActorSaveFlag::SaveNumAndActors",
            "MyID": -1,
            "RefID": -1,
            "RebirthInfoFlags": 0,
            "BirthCond": [],
            "bIgnoreFullFillBirthCondWhenFirstAndNightTime": false,
            "EraseCond": []
          },
          "CarriedInfo": {
            "bEnableInitializeLocation": false,
            "InitializeInterval": 0,
            "bEnableCorrectLocation": false,
            "CarriedDay": 0,
            "LastCarriedDay": 0
          },
          "DropActorInfo": {
            "DropOwnerDebugUniqueId": 18446744073709551615,
            "DropIndex": -1,
            "bSalvagedOtakaraIndices": []
          },
          "ActorSerializeParameter": {
            "Hash": {
              "Static": [
                40,
                64,
                101,
                9
              ],
              "Dynamic": []
            },
            "CheckComp": [
              90,
              49,
              48,
              2,
              2,
              0,
              0,
              0,
              1,
              0,
              0,
              0,
              1,
              0,
              0,
              0,
              0,
              0,
              0,
              0,
              0,
              0,
              0,
              0,
              0,
              0,
              0,
              0,
              0,
              0,
              0,
              0,
              0,
              0,
              0,
              0,
              0,
              0,
              0,
              0,
              0,
              0,
              0,
              0,
              0,
              0,
              0,
              0,
              0,
              0,
              0,
              0,
              0,
              0,
              0,
              0,
              0,
              0,
              0,
              0,
              0,
              0,
              0,
              0,
              0,
              0,
              0,
              0,
              0,
              0,
              0,
              0,
              0,
              0,
              0,
              0,
              0,
              0,
              0,
              0,
              0,
              0,
              0,
              0,
              0,
              0,
              0,
              0,
              0,
              0,
              0,
              0
            ],
            "ActorParameter": {
              "Static": [
                5,
                0,
                0,
                0,
                78,
                111,
                110,
                101,
                0,
                0,
                0,
                0,
                0,
                1,
                0,
                0,
                0,
                1,
                0,
                0,
                0,
                5,
                0,
                0,
                0,
                78,
                111,
                110,
                101,
                0,
                5,
                0,
                0,
                0,
                78,
                111,
                110,
                101,
                0,
                0,
                0,
                0,
                0,
                0,
                0,
                128,
                191,
                0,
                0,
                128,
                191,
                1,
                0,
                0,
                0,
                1,
                0,
                0,
                0,
                0,
                0,
                128,
                191
              ],
              "Dynamic": []
            },
            "AI": {
              "Static": [
                252,
                128,
                234,
                66,
                0,
                0,
                0,
                0,
                1,
                0,
                0,
                0,
                255,
                255,
                255,
                255,
                255,
                255,
                255,
                255,
                1,
                0,
                0,
                0,
                1,
                0,
                0,
                0,
                0,
                0,
                128,
                63,
                0,
                0,
                0,
                0,
                0,
                0,
                0,
                0,
                47,
                0,
                0,
                0,
                47,
                71,
                97,
                109,
                101,
                47,
                67,
                97,
                114,
                114,
                111,
                116,
                52,
                47,
                80,
                108,
                97,
                99,
                101,
                97,
                98,
                108,
                101,
                115,
                47,
                73,
                116,
                101,
                109,
                115,
                47,
                71,
                72,
                111,
                110,
                101,
                121,
                46,
                71,
                72,
                111,
                110,
                101,
                121,
                95,
                67,
                0,
                5,
                0,
                0,
                0,
                78,
                111,
                110,
                101,
                0,
                0,
                0,
                0,
                0,
                0,
                0,
                0,
                0,
                0,
                0,
                255,
                255,
                255,
                255,
                5,
                0,
                0,
                0,
                78,
                111,
                110,
                101,
                0,
                0,
                0,
                0,
                0,
                0,
                0,
                0,
                0,
                0,
                0,
                140,
                66,
                0,
                0,
                0,
                0,
                0,
                0,
                32,
                193,
                0,
                128,
                187,
                67,
                0,
                0,
                0,
                0,
                0,
                0,
                0,
                0,
                0,
                0,
                0,
                0,
                4,
                0,
                0,
                0,
                0,
                0,
                0,
                0,
                0,
                0,
                0,
                0,
                0,
                0,
                0,
                0,
                0,
                0,
                0,
                0,
                0,
                0,
                0,
                0,
                0,
                0,
                1,
                0,
                0,
                0,
                0,
                0,
                0,
                0,
                0,
                0,
                0,
                0,
                0
              ],
              "Dynamic": [
                0,
                0,
                0,
                0,
                0,
                0,
                0,
                0
              ]
            },
            "SubAI": {
              "Static": [],
              "Dynamic": []
            },
            "Life": {
              "Static": [],
              "Dynamic": []
            },
            "PortalTrigger": {
              "Static": [],
              "Dynamic": []
            },
            "DemoTrigger": {
              "Static": [],
              "Dynamic": []
            },
            "Pikmin": {
              "Static": [],
              "Dynamic": []
            },
            "CharacterEdit": {
              "Static": [],
              "Dynamic": []
            },
            "PopPlace": {
              "Static": [],
              "Dynamic": []
            },
            "Strategy": {
              "Static": [],
              "Dynamic": []
            },
            "CakEmitterConfig": {
              "Static": [],
              "Dynamic": []
            },
            "CakSimpleState": {
              "Static": [],
              "Dynamic": []
            },
            "CakTrigger": {
              "Static": [],
              "Dynamic": []
            },
            "CakMultiplePosition": {
              "Static": [],
              "Dynamic": []
            },
            "CakAudioTable": {
              "Static": [],
              "Dynamic": []
            },
            "WaterTrigger": {
              "Static": [],
              "Dynamic": []
            },
            "NavMeshTrigger": {
              "Static": [],
              "Dynamic": []
            },
            "Affordance": {
              "Static": [],
              "Dynamic": []
            },
            "HiddenBoxTrigger": {
              "Static": [],
              "Dynamic": []
            },
            "NarrowSpaceBoxTrigger": {
              "Static": [],
              "Dynamic": []
            },
            "WarpTrigger": {
              "Static": [],
              "Dynamic": []
            },
            "ActionMarker": {
              "Static": [],
              "Dynamic": []
            }
          },
          "SubLevelName": "Cave004_F01",
          "TeamId": "ETeamIdEditor::No",
          "GenerateFlags": 0,
          "OriginalPhysicsRadiusZ": 0.0,
          "LastNavPos": {
            "X": 1074.0999755859375,
            "Y": -389.216064453125,
            "Z": 9.918212890625e-05
          },
          "CarcassFlags": 0,
          "RefOriginalGenID": -1
        },
        {
          "AssetVersion": 8626647386,
          "GeneratorVersion": 8626647386,
          "GeneratorID": -1,
          "SoftRefActorClass": {
            "AssetPathName": "/Game/Carrot4/Placeables/Objects/Egg/GEgg.GEgg_C",
            "SubPathString": 0
          },
          "ExploreRateType": "EExploreRateTargetType::None",
          "ActorVersion": 1,
          "OutlineFolderPath": "Teki",
          "InitTransform": {
            "Rotation": {
              "X": 0.0,
              "Y": 0.0,
              "Z": 0.0,
              "W": 1.0
            },
            "Translation": {
              "X": -610.0,
              "Y": -111.0,
              "Z": 73.2275161743164
            },
            "Scale3D": {
              "X": 1.0,
              "Y": 1.0,
              "Z": 1.0
            }
          },
          "Transform": {
            "Rotation": {
              "X": 0.0,
              "Y": 0.0,
              "Z": 0.0,
              "W": 1.0
            },
            "Translation": {
              "X": -610.0,
              "Y": -111.0,
              "Z": 73.2275161743164
            },
            "Scale3D": {
              "X": 1.0,
              "Y": 1.0,
              "Z": 1.0
            }
          },
          "GenerateInfo": {
            "EnableSave": true,
            "DebugUniqueId": 4612813022140825631,
            "ActorGlobalId": "None",
            "GenerateNum": 1,
            "GenerateRadius": 300.0,
            "WakeCond": [],
            "bOnceWakeCond": false,
            "SleepCond": [],
            "bNoChkCondWhenDead": false
          },
          "RebirthInfo": {
            "ActivityTime": "EActivityTime::Allday",
            "RebirthType": "ERebirthType::RebirthFullExplore",
            "BirthDay": 0,
            "DeadDay": 0,
            "ExpireDay": 0,
            "CurrNum": 1,
            "ExpireProgress": 0,
            "RebirthInterval": 0,
            "SaveFlag": "EGeneratorActorSaveFlag::SaveNumAndActors",
            "MyID": -1,
            "RefID": -1,
            "RebirthInfoFlags": 0,
            "BirthCond": [],
            "bIgnoreFullFillBirthCondWhenFirstAndNightTime": false,
            "EraseCond": []
          },
          "CarriedInfo": {
            "bEnableInitializeLocation": false,
            "InitializeInterval": 0,
            "bEnableCorrectLocation": false,
            "CarriedDay": 0,
            "LastCarriedDay": 0
          },
          "DropActorInfo": {
            "DropOwnerDebugUniqueId": 18446744073709551615,
            "DropIndex": -1,
            "bSalvagedOtakaraIndices": []
          },
          "ActorSerializeParameter": {
            "Hash": {
              "Static": [
                202,
                171,
                92,
                248
              ],
              "Dynamic": []
            },
            "CheckComp": [
              90,
              49,
              48,
              2,
              2,
              0,
              0,
              0,
              1,
              0,
              0,
              0,
              1,
              0,
              0,
              0,
              0,
              0,
              0,
              0,
              1,
              0,
              0,
              0,
              0,
              0,
              0,
              0,
              0,
              0,
              0,
              0,
              0,
              0,
              0,
              0,
              0,
              0,
              0,
              0,
              0,
              0,
              0,
              0,
              0,
              0,
              0,
              0,
              0,
              0,
              0,
              0,
              0,
              0,
              0,
              0,
              0,
              0,
              0,
              0,
              0,
              0,
              0,
              0,
              1,
              0,
              0,
              0,
              0,
              0,
              0,
              0,
              0,
              0,
              0,
              0,
              0,
              0,
              0,
              0,
              1,
              0,
              0,
              0,
              1,
              0,
              0,
              0,
              0,
              0,
              0,
              0
            ],
            "ActorParameter": {
              "Static": [
                5,
                0,
                0,
                0,
                78,
                111,
                110,
                101,
                0,
                0,
                0,
                0,
                0,
                1,
                0,
                0,
                0,
                1,
                0,
                0,
                0,
                5,
                0,
                0,
                0,
                78,
                111,
                110,
                101,
                0,
                5,
                0,
                0,
                0,
                78,
                111,
                110,
                101,
                0,
                0,
                0,
                0,
                0,
                0,
                0,
                128,
                191,
                0,
                0,
                128,
                191,
                1,
                0,
                0,
                0,
                1,
                0,
                0,
                0,
                0,
                0,
                128,
                191
              ],
              "Dynamic": []
            },
            "AI": {
              "Static": [
                0,
                0,
                0,
                0,
                0,
                0,
                0,
                0,
                0,
                0,
                0,
                0,
                0,
                0,
                72,
                66,
                0,
                0,
                200,
                66,
                3,
                0,
                0,
                0,
                35,
                0,
                0,
                0,
                1,
                1,
                4,
                64,
                1,
                0,
                0,
                0,
                1,
                0,
                0,
                0,
                0,
                0,
                64,
                63,
                0,
                0,
                0,
                0,
                0,
                0,
                0,
                0,
                47,
                0,
                0,
                0,
                47,
                71,
                97,
                109,
                101,
                47,
                67,
                97,
                114,
                114,
                111,
                116,
                52,
                47,
                80,
                108,
                97,
                99,
                101,
                97,
                98,
                108,
                101,
                115,
                47,
                73,
                116,
                101,
                109,
                115,
                47,
                71,
                72,
                111,
                110,
                101,
                121,
                46,
                71,
                72,
                111,
                110,
                101,
                121,
                95,
                67,
                0,
                5,
                0,
                0,
                0,
                78,
                111,
                110,
                101,
                0,
                0,
                0,
                0,
                0,
                15,
                1,
                0,
                0,
                0,
                0,
                36,
                0,
                0,
                0,
                1,
                1,
                4,
                64,
                1,
                0,
                0,
                0,
                1,
                0,
                0,
                0,
                205,
                204,
                76,
                62,
                0,
                0,
                0,
                0,
                1,
                0,
                0,
                0,
                7,
                255,
                255,
                255,
                255,
                5,
                0,
                0,
                0,
                78,
                111,
                110,
                101,
                0,
                32,
                68,
                0,
                0,
                0,
                47,
                71,
                97,
                109,
                101,
                47,
                67,
                97,
                114,
                114,
                111,
                116,
                52,
                47,
                80,
                108,
                97,
                99,
                101,
                97,
                98,
                108,
                101,
                115,
                47,
                87,
                111,
                114,
                107,
                79,
                98,
                106,
                101,
                99,
                116,
                115,
                47,
                83,
                104,
                105,
                122,
                97,
                105,
                47,
                71,
                80,
                105,
                101,
                99,
                101,
                80,
                105,
                99,
                107,
                46,
                71,
                80,
                105,
                101,
                99,
                101,
                80,
                105,
                99,
                107,
                95,
                67,
                0,
                5,
                0,
                0,
                0,
                78,
                111,
                110,
                101,
                0,
                0,
                0,
                0,
                0,
                15,
                0,
                0,
                0,
                0,
                0,
                37,
                0,
                0,
                0,
                1,
                1,
                4,
                64,
                1,
                0,
                0,
                0,
                1,
                0,
                0,
                0,
                205,
                204,
                76,
                61,
                0,
                0,
                0,
                0,
                1,
                0,
                0,
                0,
                7,
                255,
                255,
                255,
                255,
                5,
                0,
                0,
                0,
                78,
                111,
                110,
                101,
                0,
                32,
                57,
                0,
                0,
                0,
                47,
                71,
                97,
                109,
                101,
                47,
                67,
                97,
                114,
                114,
                111,
                116,
                52,
                47,
                80,
                108,
                97,
                99,
                101,
                97,
                98,
                108,
                101,
                115,
                47,
                73,
                116,
                101,
                109,
                115,
                47,
                71,
                72,
                111,
                116,
                69,
                120,
                116,
                114,
                97,
                99,
                116,
                46,
                71,
                72,
                111,
                116,
                69,
                120,
                116,
                114,
                97,
                99,
                116,
                95,
                67,
                0,
                5,
                0,
                0,
                0,
                78,
                111,
                110,
                101,
                0,
                0,
                0,
                0,
                0,
                15,
                0,
                0,
                0,
                0,
                0,
                255,
                255,
                255,
                255,
                5,
                0,
                0,
                0,
                78,
                111,
                110,
                101,
                0,
                0,
                0,
                0,
                0,
                0,
                0,
                0,
                0,
                0,
                0,
                0,
                0,
                0,
                0,
                0,
                0,
                0,
                0,
                0,
                0,
                0,
                0,
                175,
                67,
                0,
                0,
                200,
                65,
                0,
                0,
                200,
                65,
                0,
                0,
                200,
                65,
                1,
                0,
                0,
                0,
                0,
                0,
                0,
                0,
                0,
                0,
                0,
                0,
                0,
                0,
                0,
                0,
                0,
                0,
                0,
                0,
                0,
                0,
                3,
                0,
                0,
                0,
                35,
                0,
                0,
                0,
                1,
                1,
                4,
                64,
                36,
                0,
                0,
                0,
                1,
                1,
                4,
                64,
                37,
                0,
                0,
                0,
                1,
                1,
                4,
                64,
                1,
                0,
                0,
                0,
                0,
                0,
                0,
                0,
                0,
                0,
                0,
                0,
                0,
                0,
                0,
                0,
                0,
                0,
                72,
                66,
                0,
                0,
                200,
                66,
                0,
                0,
                52,
                67,
                0,
                0,
                240,
                65,
                0,
                0,
                0,
                0,
                0,
                0,
                0,
                0,
                1,
                0,
                0,
                0,
                0,
                0,
                0,
                0,
                0,
                0,
                0,
                0,
                0,
                0,
                0,
                0,
                0,
                0,
                0,
                0,
                0,
                0,
                0,
                0
              ],
              "Dynamic": [
                0,
                0,
                0,
                0,
                0,
                0,
                0,
                0
              ]
            },
            "SubAI": {
              "Static": [],
              "Dynamic": []
            },
            "Life": {
              "Static": [],
              "Dynamic": [
                0,
                0,
                52,
                66,
                0,
                0,
                52,
                66
              ]
            },
            "PortalTrigger": {
              "Static": [],
              "Dynamic": []
            },
            "DemoTrigger": {
              "Static": [],
              "Dynamic": []
            },
            "Pikmin": {
              "Static": [],
              "Dynamic": []
            },
            "CharacterEdit": {
              "Static": [],
              "Dynamic": []
            },
            "PopPlace": {
              "Static": [],
              "Dynamic": []
            },
            "Strategy": {
              "Static": [],
              "Dynamic": []
            },
            "CakEmitterConfig": {
              "Static": [
                1,
                0,
                0,
                0,
                1,
                0,
                0,
                0,
                1,
                0,
                0,
                0,
                1,
                0,
                0,
                0,
                0,
                0,
                0,
                0
              ],
              "Dynamic": []
            },
            "CakSimpleState": {
              "Static": [],
              "Dynamic": []
            },
            "CakTrigger": {
              "Static": [],
              "Dynamic": []
            },
            "CakMultiplePosition": {
              "Static": [],
              "Dynamic": []
            },
            "CakAudioTable": {
              "Static": [
                0,
                0,
                0,
                0
              ],
              "Dynamic": []
            },
            "WaterTrigger": {
              "Static": [],
              "Dynamic": []
            },
            "NavMeshTrigger": {
              "Static": [],
              "Dynamic": []
            },
            "Affordance": {
              "Static": [
                1,
                0,
                0,
                0,
                0,
                0,
                0,
                0,
                1,
                0,
                0,
                0,
                0,
                0,
                0,
                0,
                0,
                0,
                0,
                0,
                0,
                0,
                0,
                0,
                0,
                0,
                0,
                0,
                0,
                0,
                0,
                0,
                1,
                0,
                0,
                0,
                0,
                1,
                0,
                0,
                0,
                0,
                0,
                0,
                0,
                0,
                0,
                128,
                191,
                5,
                0,
                0,
                0,
                78,
                111,
                110,
                101,
                0,
                0,
                0,
                0,
                0,
                0,
                0,
                0,
                0,
                0,
                0,
                0,
                0,
                1,
                0,
                0,
                0
              ],
              "Dynamic": [
                0,
                0,
                0,
                0,
                0,
                0,
                0,
                0,
                0,
                0,
                0,
                0,
                0,
                0,
                0,
                0,
                0,
                0,
                0,
                0,
                0,
                0,
                0,
                0
              ]
            },
            "HiddenBoxTrigger": {
              "Static": [],
              "Dynamic": []
            },
            "NarrowSpaceBoxTrigger": {
              "Static": [],
              "Dynamic": []
            },
            "WarpTrigger": {
              "Static": [],
              "Dynamic": []
            },
            "ActionMarker": {
              "Static": [],
              "Dynamic": []
            }
          },
          "SubLevelName": "Cave004_F01",
          "TeamId": "ETeamIdEditor::No",
          "GenerateFlags": 0,
          "OriginalPhysicsRadiusZ": 32.0,
          "LastNavPos": {
            "X": -610.0,
            "Y": -111.0,
            "Z": 73.2275161743164
          },
          "CarcassFlags": 0,
          "RefOriginalGenID": -1
        }
      ]
    }
  ],
  "Extra": {
    "BlobOfData": "00000000020000000000000000000000000000000100000000000000",
    "ExInitialHeader": {
      "FMappedNameName": 12,
      "FMappedNameSource": 12,
      "PackageFlags": 2147483648,
      "CookedHeaderSize": 4774,
      "NameMapOffset": 64,
      "NameMapSize": 3369,
      "NameMapHashesOffset": 3440,
      "NameMapHashesSize": 1160,
      "ImportMapOffset": 4600,
      "ExportMapOffset": 4624,
      "ExportBundlesOffset": 4696,
      "GraphDataOffset": 4720,
      "GraphDataSize": 4
    },
    "ExNameMap": [
      "/Game/Carrot4/Effects/Objects/Items/Honey/PS_eft_Honey_Swing00",
      "/Game/Carrot4/Effects/Objects/Items/Honey/PS_eft_Honey_Swing00.PS_eft_Honey_Swing00",
      "/Game/Carrot4/Effects/Objects/Items/Honey/PS_eft_Honey_Swing00_Swamp",
      "/Game/Carrot4/Effects/Objects/Items/Honey/PS_eft_Honey_Swing00_Swamp.PS_eft_Honey_Swing00_Swamp",
      "/Game/Carrot4/Effects/Objects/Items/Honey/PS_eft_Honey_Swing00_water",
      "/Game/Carrot4/Effects/Objects/Items/Honey/PS_eft_Honey_Swing00_water.PS_eft_Honey_Swing00_Water",
      "/Game/Carrot4/Effects/Objects/Items/Honey/PS_eft_HotExtract_Swing00",
      "/Game/Carrot4/Effects/Objects/Items/Honey/PS_eft_HotExtract_Swing00.PS_eft_HotExtract_Swing00",
      "/Game/Carrot4/Effects/Objects/Items/Honey/PS_eft_HotExtract_Swing00_Swamp",
      "/Game/Carrot4/Effects/Objects/Items/Honey/PS_eft_HotExtract_Swing00_Swamp.PS_eft_HotExtract_Swing00_Swamp",
      "/Game/Carrot4/Effects/Objects/Items/Honey/PS_eft_HotExtract_Swing00_Water",
      "/Game/Carrot4/Effects/Objects/Items/Honey/PS_eft_HotExtract_Swing00_Water.PS_eft_HotExtract_Swing00_Water",
      "/Game/Carrot4/Maps/Madori/Cave/Cave004/Cave004_F01/ActorPlacementInfo/AP_Cave004_F01_P_Teki",
      "/Game/Carrot4/Placeables/Gimmicks/GroupDropManager/GGroupDropManager",
      "/Game/Carrot4/Placeables/Gimmicks/GroupDropManager/GGroupDropManager.GGroupDropManager_C",
      "/Game/Carrot4/Placeables/Objects/Egg/GEgg",
      "/Game/Carrot4/Placeables/Objects/Egg/GEgg.GEgg_C",
      "/Script/Carrot4",
      "/Script/CoreUObject",
      "ActionMarker",
      "ActivityTime",
      "ActorClassInfo",
      "ActorGenerator",
      "ActorGeneratorList",
      "ActorGlobalId",
      "ActorParameter",
      "ActorPlacementAppearanceCondition",
      "ActorPlacementCondition",
      "ActorPlacementInfoAsset",
      "ActorSerializeParameter",
      "ActorVersion",
      "Affordance",
      "AI",
      "AP_Cave004_F01_P_Teki",
      "ArrayProperty",
      "AssetVersion",
      "bEnableCorrectLocation",
      "bEnableInitializeLocation",
      "bIgnoreFullFillBirthCondWhenFirstAndNightTime",
      "BirthCond",
      "BirthDay",
      "bNoChkCondWhenDead",
      "bOnceWakeCond",
      "BoolProperty",
      "bSalvagedOtakaraIndices",
      "ByteProperty",
      "CakAudioTable",
      "CakEmitterConfig",
      "CakMultiplePosition",
      "CakSimpleState",
      "CakTrigger",
      "CarcassFlags",
      "CarriedActorInfo",
      "CarriedDay",
      "CarriedInfo",
      "Cave004_F01",
      "CharacterEdit",
      "CheckComp",
      "Class",
      "CurrNum",
      "DeadDay",
      "DebugUniqueId",
      "Default__ActorPlacementInfoAsset",
      "DemoTrigger",
      "DropActorInfo",
      "DropIndex",
      "DropOwnerDebugUniqueId",
      "Dynamic",
      "EActivityTime",
      "EActivityTime::Allday",
      "EExploreRateTargetType",
      "EExploreRateTargetType::None",
      "EGeneratorActorSaveFlag",
      "EGeneratorActorSaveFlag::SaveNumAndActors",
      "EnableSave",
      "EnumProperty",
      "EraseCond",
      "ERebirthType",
      "ERebirthType::NoRebirth",
      "ERebirthType::RebirthFullExplore",
      "ETeamIdEditor",
      "ETeamIdEditor::No",
      "ExpireDay",
      "ExpireProgress",
      "ExploreRateType",
      "FloatProperty",
      "GenActorClassInfo",
      "GenerateActorInfo",
      "GenerateFlags",
      "GenerateInfo",
      "GenerateNum",
      "GenerateRadius",
      "GeneratorID",
      "GeneratorVersion",
      "Hash",
      "HiddenBoxTrigger",
      "InitializeInterval",
      "InitTransform",
      "IntProperty",
      "LastCarriedDay",
      "LastNavPos",
      "Life",
      "MyID",
      "NameProperty",
      "NarrowSpaceBoxTrigger",
      "NavMeshTrigger",
      "None",
      "OriginalPhysicsRadiusZ",
      "OutlineFolderPath",
      "Package",
      "Pikmin",
      "PopPlace",
      "PortalTrigger",
      "PreLoadEffectList",
      "Quat",
      "RebirthActorInfo",
      "RebirthInfo",
      "RebirthInfoFlags",
      "RebirthInterval",
      "RebirthType",
      "RefID",
      "RefOriginalGenID",
      "Rotation",
      "SaveFlag",
      "Scale3D",
      "SerializeParam",
      "SleepCond",
      "SoftObjectProperty",
      "SoftRefActorClass",
      "Static",
      "Strategy",
      "StructProperty",
      "SubAI",
      "SubLevelName",
      "TeamId",
      "Teki",
      "Transform",
      "Translation",
      "UInt32Property",
      "UInt64Property",
      "Vector",
      "WakeCond",
      "WarpTrigger",
      "WaterTrigger"
    ],
    "ExImports": [
      7699818445968994208,
      6809543636033933067,
      5298630410394656126
    ],
    "ExExports": [
      {
        "CookedSerialOffset": 4774,
        "CookedSerialSize": 12520,
        "ObjectName": "AP_Cave004_F01_P_Teki",
        "OuterIndex": 18446744073709551615,
        "ClassIndex": 6809543636033933067,
        "SuperIndex": 18446744073709551615,
        "GlobalImportIndex": 7699818445968994208,
        "PublicExportHash": 10725137598192027992,
        "UnknownFlags": 3
      }
    ],
    "FileReferences": [
      "/Game/Carrot4/Maps/Madori/Cave/Cave004/Cave004_F01/ActorPlacementInfo/AP_Cave004_F01_P_Teki",
      "AP_Cave004_F01_P_Teki"
    ]
  }
}