{
  "Content": [
    {
      "AssetList": [
        -7721606475517523624,
        -5637302033857290425,
        -7984063710227734212
      ]
    }
  ],
  "Extra": {
    "BlobOfData": "000000000200000000000000000000000000000001000000030000005a90cb1ac012c229010000000000000000000000eed63435b3a6cb860100000000000000000000008724d40ac7cc7890010000000000000000000000",
    "ExInitialHeader": {
      "FMappedNameName": 3,
      "FMappedNameSource": 3,
      "PackageFlags": 2147483648,
      "CookedHeaderSize": 1366,
      "NameMapOffset": 64,
      "NameMapSize": 656,
      "NameMapHashesOffset": 720,
      "NameMapHashesSize": 160,
      "ImportMapOffset": 880,
      "ExportMapOffset": 952,
      "ExportBundlesOffset": 1024,
      "GraphDataOffset": 1048,
      "GraphDataSize": 64
    },
    "ExNameMap": [
      "/Game/Carrot4/Maps/Madori/Cave/Cave004/Cave004_F01/ActorPlacementInfo/AP_Cave004_F01_P_Demo",
      "/Game/Carrot4/Maps/Madori/Cave/Cave004/Cave004_F01/ActorPlacementInfo/AP_Cave004_F01_P_Objects",
      "/Game/Carrot4/Maps/Madori/Cave/Cave004/Cave004_F01/ActorPlacementInfo/AP_Cave004_F01_P_Teki",
      "/Game/Carrot4/Maps/Madori/Cave/Cave004/Cave004_F01/ActorPlacementInfo/APL_Cave004_F01_P",
      "/Script/Carrot4",
      "/Script/CoreUObject",
      "ActorPlacementInfoAsset",
      "ActorPlacementInfoListAsset",
      "AP_Cave004_F01_P_Demo",
      "AP_Cave004_F01_P_Objects",
      "AP_Cave004_F01_P_Teki",
      "APL_Cave004_F01_P",
      "ArrayProperty",
      "AssetList",
      "Class",
      "Default__ActorPlacementInfoListAsset",
      "None",
      "ObjectProperty",
      "Package"
    ],
    "ExImports": [
      -7984063710227734212,
      -5637302033857290425,
      -7721606475517523624,
      6104969007828482806,
      7845125110740142718,
      -1,
      -1,
      -1,
      5298630410394656126
    ],
    "ExExports": [
      {
        "CookedSerialOffset": 1366,
        "CookedSerialSize": 61,
        "ObjectName": "APL_Cave004_F01_P",
        "OuterIndex": 18446744073709551615,
        "ClassIndex": 7845125110740142718,
        "SuperIndex": 18446744073709551615,
        "GlobalImportIndex": 6104969007828482806,
        "PublicExportHash": 10434842969946351881,
        "UnknownFlags": 3
      }
    ],
    "FileReferences": [
      "/Game/Carrot4/Maps/Madori/Cave/Cave004/Cave004_F01/ActorPlacementInfo/APL_Cave004_F01_P",
      "APL_Cave004_F01_P"
    ]
  }
}