{
  "Content": [
    {
      "AssetList": [
        -6960458251927533958,
        -8337900135550647658
      ]
    }
  ],
  "Extra": {
    "BlobOfData": "00000000020000000000000000000000000000000100000002000000cdca18073e2aa6340100000000000000000000005e6932592aaac388010000000000000000000000",
    "ExInitialHeader": {
      "FMappedNameName": 2,
      "FMappedNameSource": 2,
      "PackageFlags": 2147483648,
      "CookedHeaderSize": 1176,
      "NameMapOffset": 64,
      "NameMapSize": 540,
      "NameMapHashesOffset": 608,
      "NameMapHashesSize": 144,
      "ImportMapOffset": 752,
      "ExportMapOffset": 808,
      "ExportBundlesOffset": 880,
      "GraphDataOffset": 904,
      "GraphDataSize": 44
    },
    "ExNameMap": [
      "/Game/Carrot4/Maps/Madori/Cave/Cave006/Cave006_F02/ActorPlacementInfo/AP_Cave006_F02_P_Objects",
      "/Game/Carrot4/Maps/Madori/Cave/Cave006/Cave006_F02/ActorPlacementInfo/AP_Cave006_F02_P_Teki",
      "/Game/Carrot4/Maps/Madori/Cave/Cave006/Cave006_F02/ActorPlacementInfo/APL_Cave006_F02_P",
      "/Script/Carrot4",
      "/Script/CoreUObject",
      "ActorPlacementInfoAsset",
      "ActorPlacementInfoListAsset",
      "AP_Cave006_F02_P_Objects",
      "AP_Cave006_F02_P_Teki",
      "APL_Cave006_F02_P",
      "ArrayProperty",
      "AssetList",
      "Class",
      "Default__ActorPlacementInfoListAsset",
      "None",
      "ObjectProperty",
      "Package"
    ],
    "ExImports": [
      -8337900135550647658,
      -6960458251927533958,
      6104969007828482806,
      7845125110740142718,
      -1,
      -1,
      5298630410394656126
    ],
    "ExExports": [
      {
        "CookedSerialOffset": 1176,
        "CookedSerialSize": 57,
        "ObjectName": "APL_Cave006_F02_P",
        "OuterIndex": 18446744073709551615,
        "ClassIndex": 7845125110740142718,
        "SuperIndex": 18446744073709551615,
        "GlobalImportIndex": 6104969007828482806,
        "PublicExportHash": 9782775661721978183,
        "UnknownFlags": 3
      }
    ],
    "FileReferences": [
      "/Game/Carrot4/Maps/Madori/Cave/Cave006/Cave006_F02/ActorPlacementInfo/APL_Cave006_F02_P",
      "APL_Cave006_F02_P"
    ]
  }
}