{
  "Content": [
    {
      "LevelLightingQuality": {
        "EnumClass": "ELightingBuildQuality",
        "EnumValue": "Quality_Production"
      }
    }
  ],
  "Extra": {
    "BlobOfData": "00000000020000000000000000000000000000000100000000000000",
    "ExInitialHeader": {
      "FMappedNameName": 0,
      "FMappedNameSource": 0,
      "PackageFlags": 2147500032,
      "CookedHeaderSize": 808,
      "NameMapOffset": 64,
      "NameMapSize": 320,
      "NameMapHashesOffset": 384,
      "NameMapHashesSize": 112,
      "ImportMapOffset": 496,
      "ExportMapOffset": 520,
      "ExportBundlesOffset": 592,
      "GraphDataOffset": 616,
      "GraphDataSize": 4
    },
    "ExNameMap": [
      "/Game/Carrot4/Maps/Madori/Cave/Cave007/Cave007_F01/Sublevels/Cave007_F01_Background_BuiltData",
      "/Script/CoreUObject",
      "/Script/Engine",
      "ByteProperty",
      "Cave007_F01_Background_BuiltData",
      "Class",
      "Default__MapBuildDataRegistry",
      "ELightingBuildQuality",
      "LevelLightingQuality",
      "MapBuildDataRegistry",
      "None",
      "Package",
      "Quality_Production"
    ],
    "ExImports": [
      4861298208663796588,
      8304201596276390994,
      5885306222398933282
    ],
    "ExExports": [
      {
        "CookedSerialOffset": 808,
        "CookedSerialSize": 79,
        "ObjectName": "Cave007_F01_Background_BuiltData",
        "OuterIndex": 18446744073709551615,
        "ClassIndex": 4861298208663796588,
        "SuperIndex": 18446744073709551615,
        "GlobalImportIndex": 8304201596276390994,
        "PublicExportHash": 12543142328921903119,
        "UnknownFlags": 3
      }
    ],
    "FileReferences": [
      "/Game/Carrot4/Maps/Madori/Cave/Cave007/Cave007_F01/Sublevels/Cave007_F01_Background_BuiltData",
      "Cave007_F01_Background_BuiltData"
    ]
  }
}