{
  "Content": [
    {
      "AssetList": [
        -8448628713068658328,
        -5023623801218109629,
        -5034459994207706560
      ]
    }
  ],
  "Extra": {
    "BlobOfData": "000000000200000000000000000000000000000001000000030000003c1eeae8657ba4670100000000000000000000005fd4bfbf6791126a010000000000000000000000a57dd27ca2b3e8fb010000000000000000000000",
    "ExInitialHeader": {
      "FMappedNameName": 3,
      "FMappedNameSource": 3,
      "PackageFlags": 2147483648,
      "CookedHeaderSize": 1366,
      "NameMapOffset": 64,
      "NameMapSize": 656,
      "NameMapHashesOffset": 720,
      "NameMapHashesSize": 160,
      "ImportMapOffset": 880,
      "ExportMapOffset": 952,
      "ExportBundlesOffset": 1024,
      "GraphDataOffset": 1048,
      "GraphDataSize": 64
    },
    "ExNameMap": [
      "/Game/Carrot4/Maps/Madori/Cave/Cave005/Cave005_F00/ActorPlacementInfo/AP_Cave005_F00_P_Demo",
      "/Game/Carrot4/Maps/Madori/Cave/Cave005/Cave005_F00/ActorPlacementInfo/AP_Cave005_F00_P_Objects",
      "/Game/Carrot4/Maps/Madori/Cave/Cave005/Cave005_F00/ActorPlacementInfo/AP_Cave005_F00_P_Teki",
      "/Game/Carrot4/Maps/Madori/Cave/Cave005/Cave005_F00/ActorPlacementInfo/APL_Cave005_F00_P",
      "/Script/Carrot4",
      "/Script/CoreUObject",
      "ActorPlacementInfoAsset",
      "ActorPlacementInfoListAsset",
      "AP_Cave005_F00_P_Demo",
      "AP_Cave005_F00_P_Objects",
      "AP_Cave005_F00_P_Teki",
      "APL_Cave005_F00_P",
      "ArrayProperty",
      "AssetList",
      "Class",
      "Default__ActorPlacementInfoListAsset",
      "None",
      "ObjectProperty",
      "Package"
    ],
    "ExImports": [
      -5034459994207706560,
      -5023623801218109629,
      -8448628713068658328,
      6104969007828482806,
      7845125110740142718,
      -1,
      -1,
      -1,
      5298630410394656126
    ],
    "ExExports": [
      {
        "CookedSerialOffset": 1366,
        "CookedSerialSize": 61,
        "ObjectName": "APL_Cave005_F00_P",
        "OuterIndex": 18446744073709551615,
        "ClassIndex": 7845125110740142718,
        "SuperIndex": 18446744073709551615,
        "GlobalImportIndex": 6104969007828482806,
        "PublicExportHash": 11542561018254382967,
        "UnknownFlags": 3
      }
    ],
    "FileReferences": [
      "/Game/Carrot4/Maps/Madori/Cave/Cave005/Cave005_F00/ActorPlacementInfo/APL_Cave005_F00_P",
      "APL_Cave005_F00_P"
    ]
  }
}