{
  "Content": [
    {
      "ActorGeneratorList": [
        {
          "AssetVersion": 8626647386,
          "GeneratorVersion": 8626647386,
          "GeneratorID": -1,
          "SoftRefActorClass": {
            "AssetPathName": "/Game/Carrot4/Placeables/Teki/Other/Spline/GSplineBaby.GSplineBaby_C",
            "SubPathString": 0
          },
          "ExploreRateType": "EExploreRateTargetType::None",
          "ActorVersion": 1,
          "OutlineFolderPath": "Teki",
          "InitTransform": {
            "Rotation": {
              "X": 0.0,
              "Y": 0.0,
              "Z": 0.0,
              "W": 1.0
            },
            "Translation": {
              "X": 24.855560302734375,
              "Y": 175.91619873046875,
              "Z": 6.6234130859375
            },
            "Scale3D": {
              "X": 1.0,
              "Y": 1.0,
              "Z": 1.0
            }
          },
          "Transform": {
            "Rotation": {
              "X": 0.0,
              "Y": 0.0,
              "Z": 0.0,
              "W": 1.0
            },
            "Translation": {
              "X": 24.855560302734375,
              "Y": 175.91619873046875,
              "Z": 6.6234130859375
            },
            "Scale3D": {
              "X": 1.0,
              "Y": 1.0,
              "Z": 1.0
            }
          },
          "GenerateInfo": {
            "EnableSave": true,
            "DebugUniqueId": 4294967317,
            "ActorGlobalId": "None",
            "GenerateNum": 1,
            "GenerateRadius": 300.0,
            "WakeCond": [],
            "bOnceWakeCond": false,
            "SleepCond": [],
            "bNoChkCondWhenDead": false
          },
          "RebirthInfo": {
            "ActivityTime": "EActivityTime::Allday",
            "RebirthType": "ERebirthType::AlwaysRebirth",
            "BirthDay": 0,
            "DeadDay": 0,
            "ExpireDay": 0,
            "CurrNum": 1,
            "ExpireProgress": 0,
            "RebirthInterval": 0,
            "SaveFlag": "EGeneratorActorSaveFlag::FromAsset",
            "MyID": -1,
            "RefID": -1,
            "RebirthInfoFlags": 0,
            "BirthCond": [],
            "bIgnoreFullFillBirthCondWhenFirstAndNightTime": false,
            "EraseCond": []
          },
          "CarriedInfo": {
            "bEnableInitializeLocation": false,
            "InitializeInterval": 0,
            "bEnableCorrectLocation": false,
            "CarriedDay": 0,
            "LastCarriedDay": 0
          },
          "DropActorInfo": {
            "DropOwnerDebugUniqueId": 18446744073709551615,
            "DropIndex": -1,
            "bSalvagedOtakaraIndices": []
          },
          "ActorSerializeParameter": {
            "Hash": {
              "Static": [
                222,
                0,
                181,
                220
              ],
              "Dynamic": []
            },
            "CheckComp": [
              90,
              49,
              48,
              2,
              2,
              0,
              0,
              0,
              0,
              0,
              0,
              0,
              0,
              0,
              0,
              0,
              0,
              0,
              0,
              0,
              0,
              0,
              0,
              0,
              0,
              0,
              0,
              0,
              0,
              0,
              0,
              0,
              0,
              0,
              0,
              0,
              0,
              0,
              0,
              0,
              0,
              0,
              0,
              0,
              0,
              0,
              0,
              0,
              0,
              0,
              0,
              0,
              0,
              0,
              0,
              0,
              0,
              0,
              0,
              0,
              0,
              0,
              0,
              0,
              0,
              0,
              0,
              0,
              0,
              0,
              0,
              0,
              0,
              0,
              0,
              0,
              0,
              0,
              0,
              0,
              0,
              0,
              0,
              0,
              0,
              0,
              0,
              0,
              0,
              0,
              0,
              0
            ],
            "ActorParameter": {
              "Static": [
                5,
                0,
                0,
                0,
                78,
                111,
                110,
                101,
                0,
                0,
                0,
                0,
                0,
                1,
                0,
                0,
                0,
                1,
                0,
                0,
                0,
                5,
                0,
                0,
                0,
                78,
                111,
                110,
                101,
                0,
                5,
                0,
                0,
                0,
                78,
                111,
                110,
                101,
                0,
                0,
                0,
                0,
                0,
                0,
                0,
                128,
                191,
                0,
                0,
                128,
                191,
                1,
                0,
                0,
                0,
                1,
                0,
                0,
                0,
                0,
                0,
                128,
                191,
                6,
                0,
                0,
                0,
                0,
                0,
                0,
                0,
                44,
                138,
                144,
                194,
                136,
                251,
                35,
                66,
                216,
                51,
                240,
                63,
                12,
                121,
                159,
                65,
                179,
                165,
                63,
                66,
                0,
                0,
                0,
                0,
                12,
                121,
                159,
                65,
                179,
                165,
                63,
                66,
                0,
                0,
                0,
                0,
                0,
                0,
                0,
                0,
                217,
                209,
                134,
                66,
                198,
                23,
                121,
                183,
                0,
                0,
                128,
                63,
                0,
                0,
                128,
                63,
                0,
                0,
                128,
                63,
                1,
                0,
                0,
                128,
                63,
                160,
                189,
                69,
                193,
                183,
                134,
                166,
                66,
                216,
                51,
                240,
                63,
                196,
                201,
                173,
                66,
                80,
                128,
                73,
                65,
                0,
                0,
                0,
                0,
                196,
                201,
                173,
                66,
                80,
                128,
                73,
                65,
                0,
                0,
                0,
                0,
                0,
                0,
                0,
                0,
                63,
                242,
                3,
                65,
                83,
                210,
                210,
                186,
                0,
                0,
                128,
                63,
                0,
                0,
                128,
                63,
                0,
                0,
                128,
                63,
                1,
                0,
                0,
                0,
                64,
                92,
                9,
                203,
                66,
                216,
                93,
                132,
                66,
                216,
                51,
                240,
                63,
                164,
                82,
                46,
                66,
                9,
                97,
                62,
                194,
                208,
                115,
                186,
                62,
                164,
                82,
                46,
                66,
                9,
                97,
                62,
                194,
                208,
                115,
                186,
                62,
                73,
                138,
                165,
                62,
                85,
                21,
                62,
                194,
                45,
                196,
                219,
                60,
                0,
                0,
                128,
                63,
                0,
                0,
                128,
                63,
                0,
                0,
                128,
                63,
                1,
                0,
                0,
                64,
                64,
                240,
                154,
                149,
                66,
                144,
                210,
                62,
                193,
                224,
                182,
                38,
                64,
                110,
                109,
                135,
                194,
                93,
                152,
                229,
                194,
                240,
                31,
                148,
                62,
                110,
                109,
                135,
                194,
                93,
                152,
                229,
                194,
                240,
                31,
                148,
                62,
                45,
                182,
                254,
                61,
                156,
                17,
                241,
                194,
                146,
                144,
                38,
                190,
                0,
                0,
                128,
                63,
                0,
                0,
                128,
                63,
                0,
                0,
                128,
                63,
                4,
                0,
                0,
                128,
                64,
                240,
                231,
                130,
                64,
                226,
                210,
                130,
                194,
                216,
                51,
                240,
                63,
                30,
                68,
                114,
                194,
                50,
                30,
                23,
                65,
                224,
                163,
                60,
                63,
                30,
                68,
                114,
                194,
                50,
                30,
                23,
                65,
                224,
                163,
                60,
                63,
                138,
                80,
                48,
                63,
                244,
                34,
                43,
                67,
                253,
                92,
                49,
                191,
                0,
                0,
                128,
                63,
                0,
                0,
                128,
                63,
                0,
                0,
                128,
                63,
                4,
                0,
                0,
                160,
                64,
                116,
                232,
                80,
                194,
                224,
                247,
                72,
                193,
                216,
                51,
                240,
                63,
                252,
                193,
                219,
                193,
                69,
                8,
                128,
                66,
                224,
                163,
                60,
                191,
                252,
                193,
                219,
                193,
                69,
                8,
                128,
                66,
                224,
                163,
                60,
                191,
                15,
                38,
                27,
                191,
                233,
                114,
                226,
                66,
                44,
                238,
                95,
                62,
                0,
                0,
                128,
                63,
                0,
                0,
                128,
                63,
                0,
                0,
                128,
                63,
                4,
                0,
                0,
                0,
                0,
                0,
                0,
                0,
                0,
                1,
                0,
                0,
                0,
                15,
                0,
                0,
                0,
                66,
                97,
                98,
                121,
                82,
                111,
                117,
                116,
                101,
                80,
                111,
                105,
                110,
                116,
                0
              ],
              "Dynamic": []
            },
            "AI": {
              "Static": [],
              "Dynamic": []
            },
            "SubAI": {
              "Static": [],
              "Dynamic": []
            },
            "Life": {
              "Static": [],
              "Dynamic": []
            },
            "PortalTrigger": {
              "Static": [],
              "Dynamic": []
            },
            "DemoTrigger": {
              "Static": [],
              "Dynamic": []
            },
            "Pikmin": {
              "Static": [],
              "Dynamic": []
            },
            "CharacterEdit": {
              "Static": [],
              "Dynamic": []
            },
            "PopPlace": {
              "Static": [],
              "Dynamic": []
            },
            "Strategy": {
              "Static": [],
              "Dynamic": []
            },
            "CakEmitterConfig": {
              "Static": [],
              "Dynamic": []
            },
            "CakSimpleState": {
              "Static": [],
              "Dynamic": []
            },
            "CakTrigger": {
              "Static": [],
              "Dynamic": []
            },
            "CakMultiplePosition": {
              "Static": [],
              "Dynamic": []
            },
            "CakAudioTable": {
              "Static": [],
              "Dynamic": []
            },
            "WaterTrigger": {
              "Static": [],
              "Dynamic": []
            },
            "NavMeshTrigger": {
              "Static": [],
              "Dynamic": []
            },
            "Affordance": {
              "Static": [],
              "Dynamic": []
            },
            "HiddenBoxTrigger": {
              "Static": [],
              "Dynamic": []
            },
            "NarrowSpaceBoxTrigger": {
              "Static": [],
              "Dynamic": []
            },
            "WarpTrigger": {
              "Static": [],
              "Dynamic": []
            },
            "ActionMarker": {
              "Static": [],
              "Dynamic": []
            }
          },
          "SubLevelName": "Cave000_F00",
          "TeamId": "ETeamIdEditor::No",
          "GenerateFlags": 0,
          "OriginalPhysicsRadiusZ": 0.0,
          "LastNavPos": {
            "X": 24.855560302734375,
            "Y": 175.91619873046875,
            "Z": 6.6234130859375
          },
          "CarcassFlags": 0,
          "RefOriginalGenID": -1
        },
        {
          "AssetVersion": 8626647386,
          "GeneratorVersion": 8626647386,
          "GeneratorID": -1,
          "SoftRefActorClass": {
            "AssetPathName": "/Game/Carrot4/Placeables/Teki/GBaby.GBaby_C",
            "SubPathString": 0
          },
          "ExploreRateType": "EExploreRateTargetType::None",
          "ActorVersion": 1,
          "OutlineFolderPath": "Teki",
          "InitTransform": {
            "Rotation": {
              "X": 0.0,
              "Y": 0.0,
              "Z": 0.0,
              "W": 1.0
            },
            "Translation": {
              "X": 47.0,
              "Y": 282.0,
              "Z": 8.542600631713867
            },
            "Scale3D": {
              "X": 1.0,
              "Y": 1.0,
              "Z": 1.0
            }
          },
          "Transform": {
            "Rotation": {
              "X": 0.0,
              "Y": 0.0,
              "Z": 0.0,
              "W": 1.0
            },
            "Translation": {
              "X": 47.0,
              "Y": 282.0,
              "Z": 8.542600631713867
            },
            "Scale3D": {
              "X": 1.0,
              "Y": 1.0,
              "Z": 1.0
            }
          },
          "GenerateInfo": {
            "EnableSave": true,
            "DebugUniqueId": 4294967319,
            "ActorGlobalId": "None",
            "GenerateNum": 1,
            "GenerateRadius": 300.0,
            "WakeCond": [],
            "bOnceWakeCond": false,
            "SleepCond": [],
            "bNoChkCondWhenDead": false
          },
          "RebirthInfo": {
            "ActivityTime": "EActivityTime::Allday",
            "RebirthType": "ERebirthType::NoRebirth",
            "BirthDay": 0,
            "DeadDay": 0,
            "ExpireDay": 0,
            "CurrNum": 1,
            "ExpireProgress": 0,
            "RebirthInterval": 0,
            "SaveFlag": "EGeneratorActorSaveFlag::SaveNum",
            "MyID": -1,
            "RefID": -1,
            "RebirthInfoFlags": 0,
            "BirthCond": [],
            "bIgnoreFullFillBirthCondWhenFirstAndNightTime": false,
            "EraseCond": []
          },
          "CarriedInfo": {
            "bEnableInitializeLocation": false,
            "InitializeInterval": 0,
            "bEnableCorrectLocation": false,
            "CarriedDay": 0,
            "LastCarriedDay": 0
          },
          "DropActorInfo": {
            "DropOwnerDebugUniqueId": 18446744073709551615,
            "DropIndex": -1,
            "bSalvagedOtakaraIndices": []
          },
          "ActorSerializeParameter": {
            "Hash": {
              "Static": [
                132,
                71,
                15,
                87
              ],
              "Dynamic": []
            },
            "CheckComp": [
              90,
              49,
              48,
              2,
              2,
              0,
              0,
              0,
              1,
              0,
              0,
              0,
              1,
              0,
              0,
              0,
              0,
              0,
              0,
              0,
              1,
              0,
              0,
              0,
              0,
              0,
              0,
              0,
              0,
              0,
              0,
              0,
              0,
              0,
              0,
              0,
              0,
              0,
              0,
              0,
              0,
              0,
              0,
              0,
              0,
              0,
              0,
              0,
              0,
              0,
              0,
              0,
              0,
              0,
              0,
              0,
              0,
              0,
              0,
              0,
              0,
              0,
              0,
              0,
              1,
              0,
              0,
              0,
              0,
              0,
              0,
              0,
              0,
              0,
              0,
              0,
              0,
              0,
              0,
              0,
              1,
              0,
              0,
              0,
              1,
              0,
              0,
              0,
              0,
              0,
              0,
              0
            ],
            "ActorParameter": {
              "Static": [
                5,
                0,
                0,
                0,
                78,
                111,
                110,
                101,
                0,
                0,
                0,
                0,
                0,
                1,
                0,
                0,
                0,
                1,
                0,
                0,
                0,
                5,
                0,
                0,
                0,
                66,
                97,
                98,
                121,
                0,
                5,
                0,
                0,
                0,
                78,
                111,
                110,
                101,
                0,
                0,
                0,
                0,
                0,
                0,
                0,
                128,
                191,
                0,
                0,
                128,
                191,
                1,
                0,
                0,
                0,
                1,
                0,
                0,
                0,
                0,
                0,
                128,
                191
              ],
              "Dynamic": []
            },
            "AI": {
              "Static": [
                0,
                0,
                0,
                0,
                0,
                0,
                0,
                0,
                0,
                0,
                0,
                0,
                0,
                0,
                72,
                66,
                0,
                0,
                200,
                66,
                0,
                0,
                0,
                0,
                255,
                255,
                255,
                255,
                7,
                0,
                0,
                0,
                66,
                95,
                106,
                48,
                48,
                48,
                0,
                0,
                0,
                0,
                0,
                0,
                0,
                0,
                0,
                0,
                0,
                0,
                0,
                0,
                0,
                0,
                0,
                0,
                0,
                160,
                64,
                0,
                0,
                175,
                67,
                0,
                0,
                0,
                0,
                0,
                0,
                0,
                0,
                0,
                0,
                0,
                0,
                1,
                0,
                0,
                0,
                0,
                0,
                0,
                0,
                0,
                0,
                0,
                0,
                0,
                0,
                0,
                0,
                0,
                0,
                0,
                0,
                0,
                0,
                0,
                0,
                0,
                0,
                1,
                0,
                0,
                0,
                0,
                0,
                0,
                0,
                0,
                0,
                0,
                0,
                0,
                0,
                0,
                0,
                0,
                0,
                72,
                66,
                0,
                0,
                200,
                67,
                0,
                0,
                52,
                67,
                0,
                0,
                240,
                65,
                0,
                0,
                0,
                0,
                0,
                0,
                0,
                0,
                1,
                0,
                0,
                0,
                0,
                0,
                0,
                0,
                0,
                0,
                0,
                0,
                0,
                0,
                0,
                0,
                0,
                0,
                0,
                0,
                1,
                0,
                0,
                0,
                15,
                0,
                0,
                0,
                66,
                97,
                98,
                121,
                82,
                111,
                117,
                116,
                101,
                80,
                111,
                105,
                110,
                116,
                0
              ],
              "Dynamic": [
                0,
                0,
                0,
                0,
                0,
                0,
                0,
                0
              ]
            },
            "SubAI": {
              "Static": [],
              "Dynamic": []
            },
            "Life": {
              "Static": [],
              "Dynamic": [
                0,
                0,
                128,
                63,
                0,
                0,
                128,
                63
              ]
            },
            "PortalTrigger": {
              "Static": [],
              "Dynamic": []
            },
            "DemoTrigger": {
              "Static": [],
              "Dynamic": []
            },
            "Pikmin": {
              "Static": [],
              "Dynamic": []
            },
            "CharacterEdit": {
              "Static": [],
              "Dynamic": []
            },
            "PopPlace": {
              "Static": [],
              "Dynamic": []
            },
            "Strategy": {
              "Static": [],
              "Dynamic": []
            },
            "CakEmitterConfig": {
              "Static": [
                1,
                0,
                0,
                0,
                0,
                0,
                0,
                0,
                1,
                0,
                0,
                0,
                1,
                0,
                0,
                0,
                0,
                0,
                0,
                0
              ],
              "Dynamic": []
            },
            "CakSimpleState": {
              "Static": [],
              "Dynamic": []
            },
            "CakTrigger": {
              "Static": [],
              "Dynamic": []
            },
            "CakMultiplePosition": {
              "Static": [],
              "Dynamic": []
            },
            "CakAudioTable": {
              "Static": [
                0,
                0,
                0,
                0
              ],
              "Dynamic": []
            },
            "WaterTrigger": {
              "Static": [],
              "Dynamic": []
            },
            "NavMeshTrigger": {
              "Static": [],
              "Dynamic": []
            },
            "Affordance": {
              "Static": [
                1,
                0,
                0,
                0,
                0,
                0,
                0,
                0,
                1,
                0,
                0,
                0,
                0,
                0,
                0,
                0,
                0,
                0,
                0,
                0,
                0,
                0,
                0,
                0,
                0,
                0,
                0,
                0,
                0,
                0,
                0,
                0,
                1,
                0,
                0,
                0,
                0,
                1,
                0,
                0,
                0,
                0,
                0,
                0,
                0,
                0,
                0,
                128,
                191,
                5,
                0,
                0,
                0,
                78,
                111,
                110,
                101,
                0,
                0,
                0,
                0,
                0,
                0,
                0,
                0,
                0,
                0,
                0,
                0,
                0,
                1,
                0,
                0,
                0
              ],
              "Dynamic": [
                0,
                0,
                0,
                0,
                0,
                0,
                0,
                0,
                0,
                0,
                0,
                0,
                0,
                0,
                0,
                0,
                0,
                0,
                0,
                0,
                0,
                0,
                0,
                0
              ]
            },
            "HiddenBoxTrigger": {
              "Static": [],
              "Dynamic": []
            },
            "NarrowSpaceBoxTrigger": {
              "Static": [],
              "Dynamic": []
            },
            "WarpTrigger": {
              "Static": [],
              "Dynamic": []
            },
            "ActionMarker": {
              "Static": [],
              "Dynamic": []
            }
          },
          "SubLevelName": "Cave000_F00",
          "TeamId": "ETeamIdEditor::No",
          "GenerateFlags": 0,
          "OriginalPhysicsRadiusZ": 8.5,
          "LastNavPos": {
            "X": 47.0,
            "Y": 282.0,
            "Z": 8.542600631713867
          },
          "CarcassFlags": 0,
          "RefOriginalGenID": -1
        },
        {
          "AssetVersion": 8626647386,
          "GeneratorVersion": 8626647386,
          "GeneratorID": -1,
          "SoftRefActorClass": {
            "AssetPathName": "/Game/Carrot4/Placeables/Teki/GBaby.GBaby_C",
            "SubPathString": 0
          },
          "ExploreRateType": "EExploreRateTargetType::None",
          "ActorVersion": 1,
          "OutlineFolderPath": "Teki",
          "InitTransform": {
            "Rotation": {
              "X": 0.0,
              "Y": 0.0,
              "Z": 0.0,
              "W": 1.0
            },
            "Translation": {
              "X": 46.0,
              "Y": 111.0,
              "Z": 10.511863708496094
            },
            "Scale3D": {
              "X": 1.0,
              "Y": 1.0,
              "Z": 1.0
            }
          },
          "Transform": {
            "Rotation": {
              "X": 0.0,
              "Y": 0.0,
              "Z": 0.0,
              "W": 1.0
            },
            "Translation": {
              "X": 46.0,
              "Y": 111.0,
              "Z": 10.511863708496094
            },
            "Scale3D": {
              "X": 1.0,
              "Y": 1.0,
              "Z": 1.0
            }
          },
          "GenerateInfo": {
            "EnableSave": true,
            "DebugUniqueId": 4294967321,
            "ActorGlobalId": "None",
            "GenerateNum": 1,
            "GenerateRadius": 300.0,
            "WakeCond": [],
            "bOnceWakeCond": false,
            "SleepCond": [],
            "bNoChkCondWhenDead": false
          },
          "RebirthInfo": {
            "ActivityTime": "EActivityTime::Allday",
            "RebirthType": "ERebirthType::NoRebirth",
            "BirthDay": 0,
            "DeadDay": 0,
            "ExpireDay": 0,
            "CurrNum": 1,
            "ExpireProgress": 0,
            "RebirthInterval": 0,
            "SaveFlag": "EGeneratorActorSaveFlag::SaveNum",
            "MyID": -1,
            "RefID": -1,
            "RebirthInfoFlags": 0,
            "BirthCond": [],
            "bIgnoreFullFillBirthCondWhenFirstAndNightTime": false,
            "EraseCond": []
          },
          "CarriedInfo": {
            "bEnableInitializeLocation": false,
            "InitializeInterval": 0,
            "bEnableCorrectLocation": false,
            "CarriedDay": 0,
            "LastCarriedDay": 0
          },
          "DropActorInfo": {
            "DropOwnerDebugUniqueId": 18446744073709551615,
            "DropIndex": -1,
            "bSalvagedOtakaraIndices": []
          },
          "ActorSerializeParameter": {
            "Hash": {
              "Static": [
                132,
                71,
                15,
                87
              ],
              "Dynamic": []
            },
            "CheckComp": [
              90,
              49,
              48,
              2,
              2,
              0,
              0,
              0,
              1,
              0,
              0,
              0,
              1,
              0,
              0,
              0,
              0,
              0,
              0,
              0,
              1,
              0,
              0,
              0,
              0,
              0,
              0,
              0,
              0,
              0,
              0,
              0,
              0,
              0,
              0,
              0,
              0,
              0,
              0,
              0,
              0,
              0,
              0,
              0,
              0,
              0,
              0,
              0,
              0,
              0,
              0,
              0,
              0,
              0,
              0,
              0,
              0,
              0,
              0,
              0,
              0,
              0,
              0,
              0,
              1,
              0,
              0,
              0,
              0,
              0,
              0,
              0,
              0,
              0,
              0,
              0,
              0,
              0,
              0,
              0,
              1,
              0,
              0,
              0,
              1,
              0,
              0,
              0,
              0,
              0,
              0,
              0
            ],
            "ActorParameter": {
              "Static": [
                5,
                0,
                0,
                0,
                78,
                111,
                110,
                101,
                0,
                0,
                0,
                0,
                0,
                1,
                0,
                0,
                0,
                1,
                0,
                0,
                0,
                5,
                0,
                0,
                0,
                66,
                97,
                98,
                121,
                0,
                5,
                0,
                0,
                0,
                78,
                111,
                110,
                101,
                0,
                0,
                0,
                0,
                0,
                0,
                0,
                128,
                191,
                0,
                0,
                128,
                191,
                1,
                0,
                0,
                0,
                1,
                0,
                0,
                0,
                0,
                0,
                128,
                191
              ],
              "Dynamic": []
            },
            "AI": {
              "Static": [
                0,
                0,
                0,
                0,
                0,
                0,
                0,
                0,
                0,
                0,
                0,
                0,
                0,
                0,
                72,
                66,
                0,
                0,
                200,
                66,
                0,
                0,
                0,
                0,
                255,
                255,
                255,
                255,
                7,
                0,
                0,
                0,
                66,
                95,
                106,
                48,
                48,
                48,
                0,
                0,
                0,
                0,
                0,
                0,
                0,
                0,
                0,
                0,
                0,
                0,
                0,
                0,
                0,
                0,
                0,
                0,
                0,
                160,
                64,
                0,
                0,
                175,
                67,
                0,
                0,
                0,
                0,
                0,
                0,
                0,
                0,
                0,
                0,
                0,
                0,
                1,
                0,
                0,
                0,
                0,
                0,
                0,
                0,
                0,
                0,
                0,
                0,
                0,
                0,
                0,
                0,
                0,
                0,
                0,
                0,
                0,
                0,
                0,
                0,
                0,
                0,
                1,
                0,
                0,
                0,
                0,
                0,
                0,
                0,
                0,
                0,
                0,
                0,
                0,
                0,
                0,
                0,
                0,
                0,
                72,
                66,
                0,
                0,
                200,
                67,
                0,
                0,
                52,
                67,
                0,
                0,
                240,
                65,
                0,
                0,
                0,
                0,
                0,
                0,
                0,
                0,
                1,
                0,
                0,
                0,
                0,
                0,
                0,
                0,
                0,
                0,
                0,
                0,
                0,
                0,
                0,
                0,
                0,
                0,
                0,
                0,
                1,
                0,
                0,
                0,
                15,
                0,
                0,
                0,
                66,
                97,
                98,
                121,
                82,
                111,
                117,
                116,
                101,
                80,
                111,
                105,
                110,
                116,
                0
              ],
              "Dynamic": [
                0,
                0,
                0,
                0,
                0,
                0,
                0,
                0
              ]
            },
            "SubAI": {
              "Static": [],
              "Dynamic": []
            },
            "Life": {
              "Static": [],
              "Dynamic": [
                0,
                0,
                128,
                63,
                0,
                0,
                128,
                63
              ]
            },
            "PortalTrigger": {
              "Static": [],
              "Dynamic": []
            },
            "DemoTrigger": {
              "Static": [],
              "Dynamic": []
            },
            "Pikmin": {
              "Static": [],
              "Dynamic": []
            },
            "CharacterEdit": {
              "Static": [],
              "Dynamic": []
            },
            "PopPlace": {
              "Static": [],
              "Dynamic": []
            },
            "Strategy": {
              "Static": [],
              "Dynamic": []
            },
            "CakEmitterConfig": {
              "Static": [
                1,
                0,
                0,
                0,
                0,
                0,
                0,
                0,
                1,
                0,
                0,
                0,
                1,
                0,
                0,
                0,
                0,
                0,
                0,
                0
              ],
              "Dynamic": []
            },
            "CakSimpleState": {
              "Static": [],
              "Dynamic": []
            },
            "CakTrigger": {
              "Static": [],
              "Dynamic": []
            },
            "CakMultiplePosition": {
              "Static": [],
              "Dynamic": []
            },
            "CakAudioTable": {
              "Static": [
                0,
                0,
                0,
                0
              ],
              "Dynamic": []
            },
            "WaterTrigger": {
              "Static": [],
              "Dynamic": []
            },
            "NavMeshTrigger": {
              "Static": [],
              "Dynamic": []
            },
            "Affordance": {
              "Static": [
                1,
                0,
                0,
                0,
                0,
                0,
                0,
                0,
                1,
                0,
                0,
                0,
                0,
                0,
                0,
                0,
                0,
                0,
                0,
                0,
                0,
                0,
                0,
                0,
                0,
                0,
                0,
                0,
                0,
                0,
                0,
                0,
                1,
                0,
                0,
                0,
                0,
                1,
                0,
                0,
                0,
                0,
                0,
                0,
                0,
                0,
                0,
                128,
                191,
                5,
                0,
                0,
                0,
                78,
                111,
                110,
                101,
                0,
                0,
                0,
                0,
                0,
                0,
                0,
                0,
                0,
                0,
                0,
                0,
                0,
                1,
                0,
                0,
                0
              ],
              "Dynamic": [
                0,
                0,
                0,
                0,
                0,
                0,
                0,
                0,
                0,
                0,
                0,
                0,
                0,
                0,
                0,
                0,
                0,
                0,
                0,
                0,
                0,
                0,
                0,
                0
              ]
            },
            "HiddenBoxTrigger": {
              "Static": [],
              "Dynamic": []
            },
            "NarrowSpaceBoxTrigger": {
              "Static": [],
              "Dynamic": []
            },
            "WarpTrigger": {
              "Static": [],
              "Dynamic": []
            },
            "ActionMarker": {
              "Static": [],
              "Dynamic": []
            }
          },
          "SubLevelName": "Cave000_F00",
          "TeamId": "ETeamIdEditor::No",
          "GenerateFlags": 0,
          "OriginalPhysicsRadiusZ": 8.5,
          "LastNavPos": {
            "X": 46.0,
            "Y": 111.0,
            "Z": 10.511863708496094
          },
          "CarcassFlags": 0,
          "RefOriginalGenID": -1
        },
        {
          "AssetVersion": 8626647386,
          "GeneratorVersion": 8626647386,
          "GeneratorID": -1,
          "SoftRefActorClass": {
            "AssetPathName": "/Game/Carrot4/Placeables/Teki/GBaby.GBaby_C",
            "SubPathString": 0
          },
          "ExploreRateType": "EExploreRateTargetType::None",
          "ActorVersion": 1,
          "OutlineFolderPath": "Teki",
          "InitTransform": {
            "Rotation": {
              "X": 0.0,
              "Y": 0.0,
              "Z": 0.0,
              "W": 1.0
            },
            "Translation": {
              "X": 52.0,
              "Y": 150.0,
              "Z": 12.606154441833496
            },
            "Scale3D": {
              "X": 1.0,
              "Y": 1.0,
              "Z": 1.0
            }
          },
          "Transform": {
            "Rotation": {
              "X": 0.0,
              "Y": 0.0,
              "Z": 0.0,
              "W": 1.0
            },
            "Translation": {
              "X": 52.0,
              "Y": 150.0,
              "Z": 12.606154441833496
            },
            "Scale3D": {
              "X": 1.0,
              "Y": 1.0,
              "Z": 1.0
            }
          },
          "GenerateInfo": {
            "EnableSave": true,
            "DebugUniqueId": 4611686022722355231,
            "ActorGlobalId": "None",
            "GenerateNum": 1,
            "GenerateRadius": 300.0,
            "WakeCond": [],
            "bOnceWakeCond": false,
            "SleepCond": [],
            "bNoChkCondWhenDead": false
          },
          "RebirthInfo": {
            "ActivityTime": "EActivityTime::Allday",
            "RebirthType": "ERebirthType::NoRebirth",
            "BirthDay": 0,
            "DeadDay": 0,
            "ExpireDay": 0,
            "CurrNum": 1,
            "ExpireProgress": 0,
            "RebirthInterval": 0,
            "SaveFlag": "EGeneratorActorSaveFlag::SaveNum",
            "MyID": -1,
            "RefID": -1,
            "RebirthInfoFlags": 0,
            "BirthCond": [],
            "bIgnoreFullFillBirthCondWhenFirstAndNightTime": false,
            "EraseCond": []
          },
          "CarriedInfo": {
            "bEnableInitializeLocation": false,
            "InitializeInterval": 0,
            "bEnableCorrectLocation": false,
            "CarriedDay": 0,
            "LastCarriedDay": 0
          },
          "DropActorInfo": {
            "DropOwnerDebugUniqueId": 18446744073709551615,
            "DropIndex": -1,
            "bSalvagedOtakaraIndices": []
          },
          "ActorSerializeParameter": {
            "Hash": {
              "Static": [
                132,
                71,
                15,
                87
              ],
              "Dynamic": []
            },
            "CheckComp": [
              90,
              49,
              48,
              2,
              2,
              0,
              0,
              0,
              1,
              0,
              0,
              0,
              1,
              0,
              0,
              0,
              0,
              0,
              0,
              0,
              1,
              0,
              0,
              0,
              0,
              0,
              0,
              0,
              0,
              0,
              0,
              0,
              0,
              0,
              0,
              0,
              0,
              0,
              0,
              0,
              0,
              0,
              0,
              0,
              0,
              0,
              0,
              0,
              0,
              0,
              0,
              0,
              0,
              0,
              0,
              0,
              0,
              0,
              0,
              0,
              0,
              0,
              0,
              0,
              1,
              0,
              0,
              0,
              0,
              0,
              0,
              0,
              0,
              0,
              0,
              0,
              0,
              0,
              0,
              0,
              1,
              0,
              0,
              0,
              1,
              0,
              0,
              0,
              0,
              0,
              0,
              0
            ],
            "ActorParameter": {
              "Static": [
                5,
                0,
                0,
                0,
                78,
                111,
                110,
                101,
                0,
                0,
                0,
                0,
                0,
                1,
                0,
                0,
                0,
                1,
                0,
                0,
                0,
                5,
                0,
                0,
                0,
                66,
                97,
                98,
                121,
                0,
                5,
                0,
                0,
                0,
                78,
                111,
                110,
                101,
                0,
                0,
                0,
                0,
                0,
                0,
                0,
                128,
                191,
                0,
                0,
                128,
                191,
                1,
                0,
                0,
                0,
                1,
                0,
                0,
                0,
                0,
                0,
                128,
                191
              ],
              "Dynamic": []
            },
            "AI": {
              "Static": [
                0,
                0,
                0,
                0,
                0,
                0,
                0,
                0,
                0,
                0,
                0,
                0,
                0,
                0,
                72,
                66,
                0,
                0,
                200,
                66,
                0,
                0,
                0,
                0,
                255,
                255,
                255,
                255,
                7,
                0,
                0,
                0,
                66,
                95,
                106,
                48,
                48,
                48,
                0,
                0,
                0,
                0,
                0,
                0,
                0,
                0,
                0,
                0,
                0,
                0,
                0,
                0,
                0,
                0,
                0,
                0,
                0,
                160,
                64,
                0,
                0,
                175,
                67,
                0,
                0,
                0,
                0,
                0,
                0,
                0,
                0,
                0,
                0,
                0,
                0,
                1,
                0,
                0,
                0,
                0,
                0,
                0,
                0,
                0,
                0,
                0,
                0,
                0,
                0,
                0,
                0,
                0,
                0,
                0,
                0,
                0,
                0,
                0,
                0,
                0,
                0,
                1,
                0,
                0,
                0,
                0,
                0,
                0,
                0,
                0,
                0,
                0,
                0,
                0,
                0,
                0,
                0,
                0,
                0,
                72,
                66,
                0,
                0,
                200,
                67,
                0,
                0,
                52,
                67,
                0,
                0,
                240,
                65,
                0,
                0,
                0,
                0,
                0,
                0,
                0,
                0,
                1,
                0,
                0,
                0,
                0,
                0,
                0,
                0,
                0,
                0,
                0,
                0,
                0,
                0,
                0,
                0,
                0,
                0,
                0,
                0,
                1,
                0,
                0,
                0,
                15,
                0,
                0,
                0,
                66,
                97,
                98,
                121,
                82,
                111,
                117,
                116,
                101,
                80,
                111,
                105,
                110,
                116,
                0
              ],
              "Dynamic": [
                0,
                0,
                0,
                0,
                0,
                0,
                0,
                0
              ]
            },
            "SubAI": {
              "Static": [],
              "Dynamic": []
            },
            "Life": {
              "Static": [],
              "Dynamic": [
                0,
                0,
                128,
                63,
                0,
                0,
                128,
                63
              ]
            },
            "PortalTrigger": {
              "Static": [],
              "Dynamic": []
            },
            "DemoTrigger": {
              "Static": [],
              "Dynamic": []
            },
            "Pikmin": {
              "Static": [],
              "Dynamic": []
            },
            "CharacterEdit": {
              "Static": [],
              "Dynamic": []
            },
            "PopPlace": {
              "Static": [],
              "Dynamic": []
            },
            "Strategy": {
              "Static": [],
              "Dynamic": []
            },
            "CakEmitterConfig": {
              "Static": [
                1,
                0,
                0,
                0,
                0,
                0,
                0,
                0,
                1,
                0,
                0,
                0,
                1,
                0,
                0,
                0,
                0,
                0,
                0,
                0
              ],
              "Dynamic": []
            },
            "CakSimpleState": {
              "Static": [],
              "Dynamic": []
            },
            "CakTrigger": {
              "Static": [],
              "Dynamic": []
            },
            "CakMultiplePosition": {
              "Static": [],
              "Dynamic": []
            },
            "CakAudioTable": {
              "Static": [
                0,
                0,
                0,
                0
              ],
              "Dynamic": []
            },
            "WaterTrigger": {
              "Static": [],
              "Dynamic": []
            },
            "NavMeshTrigger": {
              "Static": [],
              "Dynamic": []
            },
            "Affordance": {
              "Static": [
                1,
                0,
                0,
                0,
                0,
                0,
                0,
                0,
                1,
                0,
                0,
                0,
                0,
                0,
                0,
                0,
                0,
                0,
                0,
                0,
                0,
                0,
                0,
                0,
                0,
                0,
                0,
                0,
                0,
                0,
                0,
                0,
                1,
                0,
                0,
                0,
                0,
                1,
                0,
                0,
                0,
                0,
                0,
                0,
                0,
                0,
                0,
                128,
                191,
                5,
                0,
                0,
                0,
                78,
                111,
                110,
                101,
                0,
                0,
                0,
                0,
                0,
                0,
                0,
                0,
                0,
                0,
                0,
                0,
                0,
                1,
                0,
                0,
                0
              ],
              "Dynamic": [
                0,
                0,
                0,
                0,
                0,
                0,
                0,
                0,
                0,
                0,
                0,
                0,
                0,
                0,
                0,
                0,
                0,
                0,
                0,
                0,
                0,
                0,
                0,
                0
              ]
            },
            "HiddenBoxTrigger": {
              "Static": [],
              "Dynamic": []
            },
            "NarrowSpaceBoxTrigger": {
              "Static": [],
              "Dynamic": []
            },
            "WarpTrigger": {
              "Static": [],
              "Dynamic": []
            },
            "ActionMarker": {
              "Static": [],
              "Dynamic": []
            }
          },
          "SubLevelName": "Cave000_F00",
          "TeamId": "ETeamIdEditor::No",
          "GenerateFlags": 0,
          "OriginalPhysicsRadiusZ": 8.5,
          "LastNavPos": {
            "X": 52.0,
            "Y": 150.0,
            "Z": 12.606154441833496
          },
          "CarcassFlags": 0,
          "RefOriginalGenID": -1
        }
      ]
    }
  ],
  "Extra": {
    "BlobOfData": "00000000020000000000000000000000000000000100000000000000",
    "ExInitialHeader": {
      "FMappedNameName": 0,
      "FMappedNameSource": 0,
      "PackageFlags": 2147483648,
      "CookedHeaderSize": 3588,
      "NameMapOffset": 64,
      "NameMapSize": 2281,
      "NameMapHashesOffset": 2352,
      "NameMapHashesSize": 1048,
      "ImportMapOffset": 3400,
      "ExportMapOffset": 3424,
      "ExportBundlesOffset": 3496,
      "GraphDataOffset": 3520,
      "GraphDataSize": 4
    },
    "ExNameMap": [
      "/Game/Carrot4/Maps/Madori/Cave/Cave000/Cave000_F00/ActorPlacementInfo/AP_Cave000_F00_P_Teki",
      "/Game/Carrot4/Placeables/Teki/GBaby",
      "/Game/Carrot4/Placeables/Teki/GBaby.GBaby_C",
      "/Game/Carrot4/Placeables/Teki/Other/Spline/GSplineBaby",
      "/Game/Carrot4/Placeables/Teki/Other/Spline/GSplineBaby.GSplineBaby_C",
      "/Script/Carrot4",
      "/Script/CoreUObject",
      "ActionMarker",
      "ActivityTime",
      "ActorGenerator",
      "ActorGeneratorList",
      "ActorGlobalId",
      "ActorParameter",
      "ActorPlacementAppearanceCondition",
      "ActorPlacementCondition",
      "ActorPlacementInfoAsset",
      "ActorSerializeParameter",
      "ActorVersion",
      "Affordance",
      "AI",
      "AP_Cave000_F00_P_Teki",
      "ArrayProperty",
      "AssetVersion",
      "bEnableCorrectLocation",
      "bEnableInitializeLocation",
      "bIgnoreFullFillBirthCondWhenFirstAndNightTime",
      "BirthCond",
      "BirthDay",
      "bNoChkCondWhenDead",
      "bOnceWakeCond",
      "BoolProperty",
      "bSalvagedOtakaraIndices",
      "ByteProperty",
      "CakAudioTable",
      "CakEmitterConfig",
      "CakMultiplePosition",
      "CakSimpleState",
      "CakTrigger",
      "CarcassFlags",
      "CarriedActorInfo",
      "CarriedDay",
      "CarriedInfo",
      "Cave000_F00",
      "CharacterEdit",
      "CheckComp",
      "Class",
      "CurrNum",
      "DeadDay",
      "DebugUniqueId",
      "Default__ActorPlacementInfoAsset",
      "DemoTrigger",
      "DropActorInfo",
      "DropIndex",
      "DropOwnerDebugUniqueId",
      "Dynamic",
      "EActivityTime",
      "EActivityTime::Allday",
      "EExploreRateTargetType",
      "EExploreRateTargetType::None",
      "EGeneratorActorSaveFlag",
      "EGeneratorActorSaveFlag::FromAsset",
      "EGeneratorActorSaveFlag::SaveNum",
      "EnableSave",
      "EnumProperty",
      "EraseCond",
      "ERebirthType",
      "ERebirthType::AlwaysRebirth",
      "ERebirthType::NoRebirth",
      "ETeamIdEditor",
      "ETeamIdEditor::No",
      "ExpireDay",
      "ExpireProgress",
      "ExploreRateType",
      "FloatProperty",
      "GenerateActorInfo",
      "GenerateFlags",
      "GenerateInfo",
      "GenerateNum",
      "GenerateRadius",
      "GeneratorID",
      "GeneratorVersion",
      "Hash",
      "HiddenBoxTrigger",
      "InitializeInterval",
      "InitTransform",
      "IntProperty",
      "LastCarriedDay",
      "LastNavPos",
      "Life",
      "MyID",
      "NameProperty",
      "NarrowSpaceBoxTrigger",
      "NavMeshTrigger",
      "None",
      "OriginalPhysicsRadiusZ",
      "OutlineFolderPath",
      "Package",
      "Pikmin",
      "PopPlace",
      "PortalTrigger",
      "Quat",
      "RebirthActorInfo",
      "RebirthInfo",
      "RebirthInfoFlags",
      "RebirthInterval",
      "RebirthType",
      "RefID",
      "RefOriginalGenID",
      "Rotation",
      "SaveFlag",
      "Scale3D",
      "SerializeParam",
      "SleepCond",
      "SoftObjectProperty",
      "SoftRefActorClass",
      "Static",
      "Strategy",
      "StructProperty",
      "SubAI",
      "SubLevelName",
      "TeamId",
      "Teki",
      "Transform",
      "Translation",
      "UInt32Property",
      "UInt64Property",
      "Vector",
      "WakeCond",
      "WarpTrigger",
      "WaterTrigger"
    ],
    "ExImports": [
      7699818445968994208,
      6809543636033933067,
      5298630410394656126
    ],
    "ExExports": [
      {
        "CookedSerialOffset": 3588,
        "CookedSerialSize": 24229,
        "ObjectName": "AP_Cave000_F00_P_Teki",
        "OuterIndex": 18446744073709551615,
        "ClassIndex": 6809543636033933067,
        "SuperIndex": 18446744073709551615,
        "GlobalImportIndex": 7699818445968994208,
        "PublicExportHash": 13258731627796589326,
        "UnknownFlags": 3
      }
    ],
    "FileReferences": [
      "/Game/Carrot4/Maps/Madori/Cave/Cave000/Cave000_F00/ActorPlacementInfo/AP_Cave000_F00_P_Teki",
      "AP_Cave000_F00_P_Teki"
    ]
  }
}