{
  "Content": [
    {
      "LevelLightingQuality": {
        "EnumClass": "ELightingBuildQuality",
        "EnumValue": "Quality_Production"
      }
    }
  ],
  "Extra": {
    "BlobOfData": "00000000020000000000000000000000000000000100000000000000",
    "ExInitialHeader": {
      "FMappedNameName": 0,
      "FMappedNameSource": 0,
      "PackageFlags": 2147483648,
      "CookedHeaderSize": 810,
      "NameMapOffset": 64,
      "NameMapSize": 322,
      "NameMapHashesOffset": 392,
      "NameMapHashesSize": 112,
      "ImportMapOffset": 504,
      "ExportMapOffset": 528,
      "ExportBundlesOffset": 600,
      "GraphDataOffset": 624,
      "GraphDataSize": 4
    },
    "ExNameMap": [
      "/Game/Carrot4/Maps/Madori/Cave/Cave006/Cave006_F00/Sublevels/Cave006_F00_SoundOption_BuiltData",
      "/Script/CoreUObject",
      "/Script/Engine",
      "ByteProperty",
      "Cave006_F00_SoundOption_BuiltData",
      "Class",
      "Default__MapBuildDataRegistry",
      "ELightingBuildQuality",
      "LevelLightingQuality",
      "MapBuildDataRegistry",
      "None",
      "Package",
      "Quality_Production"
    ],
    "ExImports": [
      4861298208663796588,
      8304201596276390994,
      5885306222398933282
    ],
    "ExExports": [
      {
        "CookedSerialOffset": 810,
        "CookedSerialSize": 79,
        "ObjectName": "Cave006_F00_SoundOption_BuiltData",
        "OuterIndex": 18446744073709551615,
        "ClassIndex": 4861298208663796588,
        "SuperIndex": 18446744073709551615,
        "GlobalImportIndex": 8304201596276390994,
        "PublicExportHash": 11091941307343623085,
        "UnknownFlags": 3
      }
    ],
    "FileReferences": [
      "/Game/Carrot4/Maps/Madori/Cave/Cave006/Cave006_F00/Sublevels/Cave006_F00_SoundOption_BuiltData",
      "Cave006_F00_SoundOption_BuiltData"
    ]
  }
}