[
  {
    "Type": "BlueprintGeneratedClass",
    "Name": "Cave006_F00_Sound_C",
    "Class": "UScriptClass'BlueprintGeneratedClass'",
    "SuperStruct": {
      "ObjectName": "Class'LevelScriptActor'",
      "ObjectPath": "/Script/Engine"
    },
    "ChildProperties": [
      {
        "Type": "Int64Property",
        "Name": "LatestSerialId",
        "Flags": "RF_Public | RF_LoadCompleted",
        "ElementSize": 8,
        "PropertyFlags": "Edit | BlueprintVisible | DisableEditOnInstance"
      }
    ],
    "ClassFlags": 8653332,
    "ClassWithin": {
      "ObjectName": "Class'Object'",
      "ObjectPath": "/Script/CoreUObject"
    },
    "ClassConfigName": "Engine",
    "bCooked": true,
    "ClassDefaultObject": {
      "ObjectName": "Cave006_F00_Sound_C'Default__Cave006_F00_Sound_C'",
      "ObjectPath": "/Game/Carrot4/Maps/Madori/Cave/Cave006/Cave006_F00/Sublevels/Cave006_F00_Sound.1"
    }
  },
  {
    "Type": "Cave006_F00_Sound_C",
    "Name": "Default__Cave006_F00_Sound_C",
    "Class": "BlueprintGeneratedClass'/Game/Carrot4/Maps/Madori/Cave/Cave006/Cave006_F00/Sublevels/Cave006_F00_Sound.Cave006_F00_Sound_C'",
    "Properties": {
      "LatestSerialId": 1
    }
  },
  {
    "Type": "Cave006_F00_Sound_C",
    "Name": "Cave006_F00_Sound_C_1",
    "Outer": "PersistentLevel",
    "Template": "Default__Cave006_F00_Sound_C",
    "Class": "BlueprintGeneratedClass'/Game/Carrot4/Maps/Madori/Cave/Cave006/Cave006_F00/Sublevels/Cave006_F00_Sound.Cave006_F00_Sound_C'"
  },
  {
    "Type": "Level",
    "Name": "PersistentLevel",
    "Outer": "Cave006_F00_Sound",
    "Class": "UScriptClass'Level'",
    "Properties": {
      "Model": {
        "ObjectName": "Model'Cave006_F00_Sound:PersistentLevel.Model_0'",
        "ObjectPath": "/Game/Carrot4/Maps/Madori/Cave/Cave006/Cave006_F00/Sublevels/Cave006_F00_Sound.4"
      },
      "LevelScriptActor": {
        "ObjectName": "Cave006_F00_Sound_C'Cave006_F00_Sound:PersistentLevel.Cave006_F00_Sound_C_1'",
        "ObjectPath": "/Game/Carrot4/Maps/Madori/Cave/Cave006/Cave006_F00/Sublevels/Cave006_F00_Sound.2"
      },
      "LevelBuildDataId": "DADC261B-4EC67E6B-2073DE89-E7105731",
      "MapBuildData": {
        "ObjectName": "MapBuildDataRegistry'Cave006_F00_Sound_BuiltData'",
        "ObjectPath": "/Game/Carrot4/Maps/Madori/Cave/Cave006/Cave006_F00/Sublevels/Cave006_F00_Sound_BuiltData.0"
      },
      "WorldSettings": {
        "ObjectName": "MyWorldSettings'Cave006_F00_Sound:PersistentLevel.MyWorldSettings'",
        "ObjectPath": "/Game/Carrot4/Maps/Madori/Cave/Cave006/Cave006_F00/Sublevels/Cave006_F00_Sound.5"
      }
    },
    "Actors": [
      {
        "ObjectName": "MyWorldSettings'Cave006_F00_Sound:PersistentLevel.MyWorldSettings'",
        "ObjectPath": "/Game/Carrot4/Maps/Madori/Cave/Cave006/Cave006_F00/Sublevels/Cave006_F00_Sound.5"
      },
      null,
      {
        "ObjectName": "Cave006_F00_Sound_C'Cave006_F00_Sound:PersistentLevel.Cave006_F00_Sound_C_1'",
        "ObjectPath": "/Game/Carrot4/Maps/Madori/Cave/Cave006/Cave006_F00/Sublevels/Cave006_F00_Sound.2"
      }
    ],
    "URL": {
      "Protocol": "unreal",
      "Host": "",
      "Port": 7777,
      "Valid": true,
      "Map": "/Game/Test/Maps/Check/CheckRomEntry_P",
      "Op": [],
      "Portal": ""
    },
    "Model": {
      "ObjectName": "Model'Cave006_F00_Sound:PersistentLevel.Model_0'",
      "ObjectPath": "/Game/Carrot4/Maps/Madori/Cave/Cave006/Cave006_F00/Sublevels/Cave006_F00_Sound.4"
    },
    "ModelComponents": [],
    "LevelScriptActor": {
      "ObjectName": "Cave006_F00_Sound_C'Cave006_F00_Sound:PersistentLevel.Cave006_F00_Sound_C_1'",
      "ObjectPath": "/Game/Carrot4/Maps/Madori/Cave/Cave006/Cave006_F00/Sublevels/Cave006_F00_Sound.2"
    },
    "NavListStart": null,
    "NavListEnd": null,
    "PrecomputedVisibilityHandler": {
      "PrecomputedVisibilityCellBucketOriginXY": {
        "X": 0.0,
        "Y": 0.0
      },
      "PrecomputedVisibilityCellSizeXY": 0.0,
      "PrecomputedVisibilityCellSizeZ": 0.0,
      "PrecomputedVisibilityCellBucketSizeXY": 0,
      "PrecomputedVisibilityNumCellBuckets": 0,
      "PrecomputedVisibilityCellBuckets": []
    },
    "PrecomputedVolumeDistanceField": {
      "VolumeMaxDistance": 0.0,
      "VolumeBox": {
        "Min": {
          "X": 0.0,
          "Y": 0.0,
          "Z": 0.0
        },
        "Max": {
          "X": 0.0,
          "Y": 0.0,
          "Z": 0.0
        },
        "IsValid": 0
      },
      "VolumeSizeX": 0,
      "VolumeSizeY": 0,
      "VolumeSizeZ": 0,
      "Data": []
    }
  },
  {
    "Type": "Model",
    "Name": "Model_0",
    "Outer": "PersistentLevel",
    "Class": "UScriptClass'Model'",
    "Bounds": {
      "Origin": {
        "X": 0.0,
        "Y": 0.0,
        "Z": 0.0
      },
      "BoxExtent": {
        "X": 0.0,
        "Y": 0.0,
        "Z": 0.0
      },
      "SphereRadius": 0.0
    },
    "Vectors": [],
    "Points": [],
    "Nodes": [],
    "Surfs": [],
    "NumSharedSides": 4,
    "VertexBuffer": {
      "Vertices": []
    },
    "LightingGuid": "EF5B66CA-42D1A971-F1301480-324080D6",
    "LightmassSettings": []
  },
  {
    "Type": "MyWorldSettings",
    "Name": "MyWorldSettings",
    "Outer": "PersistentLevel",
    "Class": "UScriptClass'MyWorldSettings'",
    "Properties": {
      "bEnableNavigationSystem": false,
      "NavigationSystemConfig": {
        "ObjectName": "NavigationSystemModuleConfig'Cave006_F00_Sound:PersistentLevel.MyWorldSettings.NavigationSystemModuleConfig_0'",
        "ObjectPath": "/Game/Carrot4/Maps/Madori/Cave/Cave006/Cave006_F00/Sublevels/Cave006_F00_Sound.6"
      },
      "BookmarkArray": [
        null,
        null,
        null,
        null,
        null,
        null,
        null,
        null,
        null,
        null
      ]
    }
  },
  {
    "Type": "NavigationSystemModuleConfig",
    "Name": "NavigationSystemModuleConfig_0",
    "Outer": "MyWorldSettings",
    "Class": "UScriptClass'NavigationSystemModuleConfig'",
    "Properties": {
      "bStrictlyStatic": true,
      "bAutoSpawnMissingNavData": true,
      "NavigationSystemClass": {
        "AssetPathName": "/Script/Carrot4.CarrotNavigationSystem",
        "SubPathString": ""
      }
    }
  },
  {
    "Type": "World",
    "Name": "Cave006_F00_Sound",
    "Class": "UScriptClass'World'",
    "PersistentLevel": {
      "ObjectName": "Level'Cave006_F00_Sound:PersistentLevel'",
      "ObjectPath": "/Game/Carrot4/Maps/Madori/Cave/Cave006/Cave006_F00/Sublevels/Cave006_F00_Sound.3"
    },
    "ExtraReferencedObjects": [],
    "StreamingLevels": []
  }
]