{
  "Content": [
    {
      "ImportedSize": {
        "X": 1024,
        "Y": 512
      },
      "CompressionSettings": {
        "EnumClass": "TextureCompressionSettings",
        "EnumValue": "TC_Alpha"
      },
      "SRGB": false
    }
  ],
  "Extra": {
    "BlobOfData": "00000000080000000300000000000000000000000000000000000000010000000100000000000000010000000100000002000000000000000200000001000000030000000100000000000000",
    "ExInitialHeader": {
      "FMappedNameName": 0,
      "FMappedNameSource": 0,
      "PackageFlags": 2147483648,
      "CookedHeaderSize": 1566,
      "NameMapOffset": 64,
      "NameMapSize": 545,
      "NameMapHashesOffset": 616,
      "NameMapHashesSize": 232,
      "ImportMapOffset": 848,
      "ExportMapOffset": 888,
      "ExportBundlesOffset": 1176,
      "GraphDataOffset": 1248,
      "GraphDataSize": 4
    },
    "ExNameMap": [
      "/Game/Carrot4/Maps/Madori/Cave/Cave006/Cave006_F00/Sublevels/Cave006_F00_GameArea_BuiltData",
      "/Script/CoreUObject",
      "/Script/Engine",
      "AOMaterialMask1",
      "BoolProperty",
      "ByteProperty",
      "Cave006_F00_GameArea_BuiltData",
      "Class",
      "CompressionSettings",
      "Default__LightMapTexture2D",
      "Default__MapBuildDataRegistry",
      "ELightingBuildQuality",
      "HQ_Lightmap1",
      "ImportedSize",
      "IntPoint",
      "LevelLightingQuality",
      "LightMapTexture2D",
      "MapBuildDataRegistry",
      "None",
      "Package",
      "PF_BC4",
      "PF_DXT5",
      "Quality_Production",
      "SkyOcclusion1",
      "SRGB",
      "StructProperty",
      "TC_Alpha",
      "TextureCompressionSettings"
    ],
    "ExImports": [
      8063354620422939673,
      4861298208663796588,
      4800294405109027119,
      8304201596276390994,
      5885306222398933282
    ],
    "ExExports": [
      {
        "CookedSerialOffset": 1566,
        "CookedSerialSize": 88003,
        "ObjectName": "AOMaterialMask1!!8",
        "OuterIndex": 3,
        "ClassIndex": 8063354620422939673,
        "SuperIndex": 18446744073709551615,
        "GlobalImportIndex": 4800294405109027119,
        "PublicExportHash": 18446744073709551615,
        "UnknownFlags": 0
      },
      {
        "CookedSerialOffset": 89569,
        "CookedSerialSize": 350115,
        "ObjectName": "HQ_Lightmap1!!8",
        "OuterIndex": 3,
        "ClassIndex": 8063354620422939673,
        "SuperIndex": 18446744073709551615,
        "GlobalImportIndex": 4800294405109027119,
        "PublicExportHash": 18446744073709551615,
        "UnknownFlags": 0
      },
      {
        "CookedSerialOffset": 439684,
        "CookedSerialSize": 175363,
        "ObjectName": "SkyOcclusion1!!8",
        "OuterIndex": 3,
        "ClassIndex": 8063354620422939673,
        "SuperIndex": 18446744073709551615,
        "GlobalImportIndex": 4800294405109027119,
        "PublicExportHash": 18446744073709551615,
        "UnknownFlags": 0
      },
      {
        "CookedSerialOffset": 615047,
        "CookedSerialSize": 39857,
        "ObjectName": "Cave006_F00_GameArea_BuiltData",
        "OuterIndex": 18446744073709551615,
        "ClassIndex": 4861298208663796588,
        "SuperIndex": 18446744073709551615,
        "GlobalImportIndex": 8304201596276390994,
        "PublicExportHash": 11163927202857312023,
        "UnknownFlags": 3
      }
    ],
    "FileReferences": [
      "/Game/Carrot4/Maps/Madori/Cave/Cave006/Cave006_F00/Sublevels/Cave006_F00_GameArea_BuiltData",
      "Cave006_F00_GameArea_BuiltData"
    ]
  }
}