{
  "Content": [
    {
      "ImportedSize": {
        "X": 8,
        "Y": 4
      },
      "CompressionSettings": {
        "EnumClass": "TextureCompressionSettings",
        "EnumValue": "TC_Alpha"
      },
      "SRGB": false
    }
  ],
  "Extra": {
    "BlobOfData": "000000000a000000030000000000000000000000000000000000000001000000010000000000000001000000010000000200000000000000020000000100000004000000000000000300000001000000040000000100000000000000",
    "ExInitialHeader": {
      "FMappedNameName": 0,
      "FMappedNameSource": 0,
      "PackageFlags": 2147500032,
      "CookedHeaderSize": 1964,
      "NameMapOffset": 64,
      "NameMapSize": 700,
      "NameMapHashesOffset": 768,
      "NameMapHashesSize": 304,
      "ImportMapOffset": 1072,
      "ExportMapOffset": 1128,
      "ExportBundlesOffset": 1488,
      "GraphDataOffset": 1576,
      "GraphDataSize": 4
    },
    "ExNameMap": [
      "/Game/Carrot4/Maps/Madori/Cave/Cave004/Cave004_F01/Cave004_F01_P_BuiltData",
      "/Script/CoreUObject",
      "/Script/Engine",
      "AOMaterialMask0",
      "BoolProperty",
      "ByteProperty",
      "Cave004_F01_P_BuiltData",
      "Class",
      "CompressionSettings",
      "Default__LightMapTexture2D",
      "Default__MapBuildDataRegistry",
      "Default__TextureCube",
      "ELightingBuildQuality",
      "Filter",
      "HQ_Lightmap0",
      "ImportedSize",
      "IntPoint",
      "LevelLightingQuality",
      "LightMapTexture2D",
      "MapBuildDataRegistry",
      "NewReflectionComponentTexture0BB0CEEF425F403B6DE579B1B332634B",
      "None",
      "Package",
      "PF_B8G8R8A8",
      "PF_BC4",
      "PF_DXT1",
      "PF_DXT5",
      "Quality_Production",
      "SkyOcclusion0",
      "SRGB",
      "StructProperty",
      "TC_Alpha",
      "TC_ReflectionCapture",
      "TextureCompressionSettings",
      "TextureCube",
      "TextureFilter",
      "TF_Trilinear"
    ],
    "ExImports": [
      8063354620422939673,
      4861298208663796588,
      7061416902605523118,
      4800294405109027119,
      8304201596276390994,
      5885306222398933282,
      8580151406256545765
    ],
    "ExExports": [
      {
        "CookedSerialOffset": 1964,
        "CookedSerialSize": 391,
        "ObjectName": "AOMaterialMask0!!11",
        "OuterIndex": 3,
        "ClassIndex": 8063354620422939673,
        "SuperIndex": 18446744073709551615,
        "GlobalImportIndex": 4800294405109027119,
        "PublicExportHash": 18446744073709551615,
        "UnknownFlags": 0
      },
      {
        "CookedSerialOffset": 2355,
        "CookedSerialSize": 359,
        "ObjectName": "HQ_Lightmap0!!11",
        "OuterIndex": 3,
        "ClassIndex": 8063354620422939673,
        "SuperIndex": 18446744073709551615,
        "GlobalImportIndex": 4800294405109027119,
        "PublicExportHash": 18446744073709551615,
        "UnknownFlags": 0
      },
      {
        "CookedSerialOffset": 2714,
        "CookedSerialSize": 351,
        "ObjectName": "SkyOcclusion0!!11",
        "OuterIndex": 3,
        "ClassIndex": 8063354620422939673,
        "SuperIndex": 18446744073709551615,
        "GlobalImportIndex": 4800294405109027119,
        "PublicExportHash": 18446744073709551615,
        "UnknownFlags": 0
      },
      {
        "CookedSerialOffset": 3065,
        "CookedSerialSize": 1107189,
        "ObjectName": "Cave004_F01_P_BuiltData",
        "OuterIndex": 18446744073709551615,
        "ClassIndex": 4861298208663796588,
        "SuperIndex": 18446744073709551615,
        "GlobalImportIndex": 8304201596276390994,
        "PublicExportHash": 10895230375124904156,
        "UnknownFlags": 3
      },
      {
        "CookedSerialOffset": 1110254,
        "CookedSerialSize": 524760,
        "ObjectName": "NewReflectionComponentTexture0BB0CEEF425F403B6DE579B1B332634B",
        "OuterIndex": 3,
        "ClassIndex": 7061416902605523118,
        "SuperIndex": 18446744073709551615,
        "GlobalImportIndex": 8580151406256545765,
        "PublicExportHash": 12597882994636752443,
        "UnknownFlags": 1
      }
    ],
    "FileReferences": [
      "/Game/Carrot4/Maps/Madori/Cave/Cave004/Cave004_F01/Cave004_F01_P_BuiltData",
      "Cave004_F01_P_BuiltData"
    ]
  }
}