{
  "Content": [
    {
      "ImportedSize": {
        "X": 512,
        "Y": 256
      },
      "CompressionSettings": {
        "EnumClass": "TextureCompressionSettings",
        "EnumValue": "TC_Alpha"
      },
      "SRGB": false
    }
  ],
  "Extra": {
    "BlobOfData": "00000000080000000300000000000000000000000000000000000000010000000100000000000000010000000100000002000000000000000200000001000000030000000100000000000000",
    "ExInitialHeader": {
      "FMappedNameName": 0,
      "FMappedNameSource": 0,
      "PackageFlags": 2147500032,
      "CookedHeaderSize": 1562,
      "NameMapOffset": 64,
      "NameMapSize": 541,
      "NameMapHashesOffset": 608,
      "NameMapHashesSize": 232,
      "ImportMapOffset": 840,
      "ExportMapOffset": 880,
      "ExportBundlesOffset": 1168,
      "GraphDataOffset": 1240,
      "GraphDataSize": 4
    },
    "ExNameMap": [
      "/Game/Carrot4/Maps/Madori/Cave/Cave002/Cave002_F00/Sublevels/Cave002_F00_Plants_BuiltData",
      "/Script/CoreUObject",
      "/Script/Engine",
      "AOMaterialMask0",
      "BoolProperty",
      "ByteProperty",
      "Cave002_F00_Plants_BuiltData",
      "Class",
      "CompressionSettings",
      "Default__LightMapTexture2D",
      "Default__MapBuildDataRegistry",
      "ELightingBuildQuality",
      "HQ_Lightmap0",
      "ImportedSize",
      "IntPoint",
      "LevelLightingQuality",
      "LightMapTexture2D",
      "MapBuildDataRegistry",
      "None",
      "Package",
      "PF_BC4",
      "PF_DXT5",
      "Quality_Production",
      "SkyOcclusion0",
      "SRGB",
      "StructProperty",
      "TC_Alpha",
      "TextureCompressionSettings"
    ],
    "ExImports": [
      8063354620422939673,
      4861298208663796588,
      4800294405109027119,
      8304201596276390994,
      5885306222398933282
    ],
    "ExExports": [
      {
        "CookedSerialOffset": 1562,
        "CookedSerialSize": 22431,
        "ObjectName": "AOMaterialMask0!!7",
        "OuterIndex": 3,
        "ClassIndex": 8063354620422939673,
        "SuperIndex": 18446744073709551615,
        "GlobalImportIndex": 4800294405109027119,
        "PublicExportHash": 18446744073709551615,
        "UnknownFlags": 0
      },
      {
        "CookedSerialOffset": 23993,
        "CookedSerialSize": 87935,
        "ObjectName": "HQ_Lightmap0!!7",
        "OuterIndex": 3,
        "ClassIndex": 8063354620422939673,
        "SuperIndex": 18446744073709551615,
        "GlobalImportIndex": 4800294405109027119,
        "PublicExportHash": 18446744073709551615,
        "UnknownFlags": 0
      },
      {
        "CookedSerialOffset": 111928,
        "CookedSerialSize": 44255,
        "ObjectName": "SkyOcclusion0!!7",
        "OuterIndex": 3,
        "ClassIndex": 8063354620422939673,
        "SuperIndex": 18446744073709551615,
        "GlobalImportIndex": 4800294405109027119,
        "PublicExportHash": 18446744073709551615,
        "UnknownFlags": 0
      },
      {
        "CookedSerialOffset": 156183,
        "CookedSerialSize": 4615,
        "ObjectName": "Cave002_F00_Plants_BuiltData",
        "OuterIndex": 18446744073709551615,
        "ClassIndex": 4861298208663796588,
        "SuperIndex": 18446744073709551615,
        "GlobalImportIndex": 8304201596276390994,
        "PublicExportHash": 11696665163340359384,
        "UnknownFlags": 3
      }
    ],
    "FileReferences": [
      "/Game/Carrot4/Maps/Madori/Cave/Cave002/Cave002_F00/Sublevels/Cave002_F00_Plants_BuiltData",
      "Cave002_F00_Plants_BuiltData"
    ]
  }
}