{
  "Content": [
    {
      "TrueIndex": 3,
      "Name": "SCS_Node!!1",
      "Properties": {
        "ComponentClass": {
          "ObjectName": "SceneComponent",
          "ObjectPath": "/Script/Engine"
        },
        "ComponentTemplate": {
          "InternalRef": "InternalRef:2"
        },
        "VariableGuid": {
          "ContentGuid": "8582fc17941e204c89c1382100c9443a"
        },
        "InternalVariableName": "DefaultSceneRoot"
      }
    },
    {
      "TrueIndex": 4,
      "Name": "SimpleConstructionScript!!1",
      "Properties": {
        "RootNodes": [
          "InternalRef:3"
        ],
        "AllNodes": [
          "InternalRef:3"
        ],
        "DefaultSceneRootNode": {
          "InternalRef": "InternalRef:3"
        }
      }
    },
    {
      "TrueIndex": 0,
      "Name": "GCapturePoint_C",
      "Properties": {
        "SimpleConstructionScript": {
          "InternalRef": "InternalRef:4"
        }
      },
      "SuperStruct": 6031428897513237235,
      "Children": {
        "ChildrenCount": 0,
        "ChildList": []
      },
      "ChildProperties": {
        "ChildPropCount": 1,
        "Properties": [
          {
            "Type": "ObjectProperty",
            "Content": {
              "Name": "DefaultSceneRoot",
              "Flags": 4297064449,
              "ElementSize": 8,
              "PropertyFlags": 1125917087236100,
              "PropertyClass": 7022084261564355945
            }
          }
        ]
      },
      "FuncMap": {
        "FuncCount": 0,
        "Functions": []
      },
      "ClassFlags": 8652820,
      "ClassWithin": 9173680377195513174,
      "ClassConfigName": "Engine",
      "bCooked": true,
      "ClassDefaultObject": "InternalRef:1"
    },
    {
      "TrueIndex": 2,
      "Name": "DefaultSceneRoot_GEN_VARIABLE",
      "Properties": {}
    },
    {
      "TrueIndex": 1,
      "Name": "Default__GCapturePoint_C",
      "Properties": {
        "CID": "CAPTUREPOINT",
        "SubLevelType": "ESubLevelType::Teki",
        "PrimaryActorTick": {
          "TickGroup": {
            "EnumClass": "ETickingGroup",
            "EnumValue": "TG_DuringPhysics"
          },
          "bStartWithTickEnabled": false,
          "bAllowTickOnDedicatedServer": false
        },
        "Tags": [
          "CapturePoint000"
        ]
      }
    }
  ],
  "Extra": {
    "BlobOfData": "000000000a000000000000000000000002000000000000000400000000000000030000000000000003000000010000000400000001000000000000000100000001000000000000000200000001000000010000000100000000000000",
    "ExInitialHeader": {
      "FMappedNameName": 0,
      "FMappedNameSource": 0,
      "PackageFlags": 2147483648,
      "CookedHeaderSize": 2487,
      "NameMapOffset": 64,
      "NameMapSize": 898,
      "NameMapHashesOffset": 968,
      "NameMapHashesSize": 424,
      "ImportMapOffset": 1392,
      "ExportMapOffset": 1504,
      "ExportBundlesOffset": 1864,
      "GraphDataOffset": 1952,
      "GraphDataSize": 4
    },
    "ExNameMap": [
      "/Game/Carrot4/Placeables/Teki/Other/GCapturePoint",
      "/Script/Carrot4",
      "/Script/CoreUObject",
      "/Script/Engine",
      "ActorTickFunction",
      "AllNodes",
      "ArrayProperty",
      "bAllowTickOnDedicatedServer",
      "BlueprintGeneratedClass",
      "BoolProperty",
      "bStartWithTickEnabled",
      "ByteProperty",
      "CAPTUREPOINT",
      "CapturePoint000",
      "CID",
      "Class",
      "ComponentClass",
      "ComponentTemplate",
      "Default__BlueprintGeneratedClass",
      "Default__GActor",
      "Default__GCapturePoint_C",
      "Default__SceneComponent",
      "Default__SCS_Node",
      "Default__SimpleConstructionScript",
      "DefaultSceneRoot",
      "DefaultSceneRoot_GEN_VARIABLE",
      "DefaultSceneRootNode",
      "Engine",
      "EnumProperty",
      "ESubLevelType",
      "ESubLevelType::Teki",
      "ETickingGroup",
      "GActor",
      "GCapturePoint_C",
      "Guid",
      "InternalVariableName",
      "NameProperty",
      "None",
      "Object",
      "ObjectProperty",
      "Package",
      "PrimaryActorTick",
      "RootNodes",
      "SceneComponent",
      "SCS_Node",
      "SimpleConstructionScript",
      "StructProperty",
      "SubLevelType",
      "Tags",
      "TG_DuringPhysics",
      "TickGroup",
      "VariableGuid"
    ],
    "ExImports": [
      8580899405192667063,
      6031428897513237235,
      9173680377195513174,
      7737976363726382368,
      7022084261564355945,
      4934636143561105466,
      8466349104782096247,
      5077458303442936331,
      5298630410394656126,
      7061291284528245491,
      5885306222398933282,
      5344982371565070775,
      6710959052544149952,
      5910267405126183478
    ],
    "ExExports": [
      {
        "CookedSerialOffset": 2487,
        "CookedSerialSize": 160,
        "ObjectName": "GCapturePoint_C",
        "OuterIndex": 18446744073709551615,
        "ClassIndex": 7737976363726382368,
        "SuperIndex": 6031428897513237235,
        "GlobalImportIndex": 8580899405192667063,
        "PublicExportHash": 11796693324773536916,
        "UnknownFlags": 9
      },
      {
        "CookedSerialOffset": 2647,
        "CookedSerialSize": 277,
        "ObjectName": "Default__GCapturePoint_C",
        "OuterIndex": 18446744073709551615,
        "ClassIndex": 0,
        "SuperIndex": 18446744073709551615,
        "GlobalImportIndex": 5077458303442936331,
        "PublicExportHash": 12282585319939585281,
        "UnknownFlags": 49
      },
      {
        "CookedSerialOffset": 2924,
        "CookedSerialSize": 12,
        "ObjectName": "DefaultSceneRoot_GEN_VARIABLE",
        "OuterIndex": 0,
        "ClassIndex": 7022084261564355945,
        "SuperIndex": 18446744073709551615,
        "GlobalImportIndex": 5344982371565070775,
        "PublicExportHash": 9446696982456925415,
        "UnknownFlags": 41
      },
      {
        "CookedSerialOffset": 2936,
        "CookedSerialSize": 168,
        "ObjectName": "SCS_Node!!1",
        "OuterIndex": 4,
        "ClassIndex": 4934636143561105466,
        "SuperIndex": 18446744073709551615,
        "GlobalImportIndex": 6710959052544149952,
        "PublicExportHash": 18446744073709551615,
        "UnknownFlags": 8
      },
      {
        "CookedSerialOffset": 3104,
        "CookedSerialSize": 123,
        "ObjectName": "SimpleConstructionScript!!1",
        "OuterIndex": 0,
        "ClassIndex": 8466349104782096247,
        "SuperIndex": 18446744073709551615,
        "GlobalImportIndex": 5910267405126183478,
        "PublicExportHash": 18446744073709551615,
        "UnknownFlags": 8
      }
    ],
    "FileReferences": [
      "/Game/Carrot4/Placeables/Teki/Other/GCapturePoint"
    ]
  }
}