{
  "Content": [
    {
      "AssetList": [
        -7399530928568754837,
        -5619444124146380152
      ]
    }
  ],
  "Extra": {
    "BlobOfData": "0000000002000000000000000000000000000000010000000200000096fc294af6191327010000000000000000000000d2d1b7b82057a22b010000000000000000000000",
    "ExInitialHeader": {
      "FMappedNameName": 2,
      "FMappedNameSource": 2,
      "PackageFlags": 2147483648,
      "CookedHeaderSize": 1176,
      "NameMapOffset": 64,
      "NameMapSize": 540,
      "NameMapHashesOffset": 608,
      "NameMapHashesSize": 144,
      "ImportMapOffset": 752,
      "ExportMapOffset": 808,
      "ExportBundlesOffset": 880,
      "GraphDataOffset": 904,
      "GraphDataSize": 44
    },
    "ExNameMap": [
      "/Game/Carrot4/Maps/Madori/Cave/Cave007/Cave007_F02/ActorPlacementInfo/AP_Cave007_F02_P_Objects",
      "/Game/Carrot4/Maps/Madori/Cave/Cave007/Cave007_F02/ActorPlacementInfo/AP_Cave007_F02_P_Teki",
      "/Game/Carrot4/Maps/Madori/Cave/Cave007/Cave007_F02/ActorPlacementInfo/APL_Cave007_F02_P",
      "/Script/Carrot4",
      "/Script/CoreUObject",
      "ActorPlacementInfoAsset",
      "ActorPlacementInfoListAsset",
      "AP_Cave007_F02_P_Objects",
      "AP_Cave007_F02_P_Teki",
      "APL_Cave007_F02_P",
      "ArrayProperty",
      "AssetList",
      "Class",
      "Default__ActorPlacementInfoListAsset",
      "None",
      "ObjectProperty",
      "Package"
    ],
    "ExImports": [
      -5619444124146380152,
      -7399530928568754837,
      6104969007828482806,
      7845125110740142718,
      -1,
      -1,
      5298630410394656126
    ],
    "ExExports": [
      {
        "CookedSerialOffset": 1176,
        "CookedSerialSize": 57,
        "ObjectName": "APL_Cave007_F02_P",
        "OuterIndex": 18446744073709551615,
        "ClassIndex": 7845125110740142718,
        "SuperIndex": 18446744073709551615,
        "GlobalImportIndex": 6104969007828482806,
        "PublicExportHash": 9610160230397318208,
        "UnknownFlags": 3
      }
    ],
    "FileReferences": [
      "/Game/Carrot4/Maps/Madori/Cave/Cave007/Cave007_F02/ActorPlacementInfo/APL_Cave007_F02_P",
      "APL_Cave007_F02_P"
    ]
  }
}