{
  "Content": [
    {
      "AssetList": [
        -6965561577697236808,
        -7514781335339066434,
        -5067106687153273949
      ]
    }
  ],
  "Extra": {
    "BlobOfData": "000000000200000000000000000000000000000001000000030000001e5e331f14dd5d3801000000000000000000000043abb0cc7dfc253d01000000000000000000000046322c02835eba88010000000000000000000000",
    "ExInitialHeader": {
      "FMappedNameName": 3,
      "FMappedNameSource": 3,
      "PackageFlags": 2147483648,
      "CookedHeaderSize": 1366,
      "NameMapOffset": 64,
      "NameMapSize": 656,
      "NameMapHashesOffset": 720,
      "NameMapHashesSize": 160,
      "ImportMapOffset": 880,
      "ExportMapOffset": 952,
      "ExportBundlesOffset": 1024,
      "GraphDataOffset": 1048,
      "GraphDataSize": 64
    },
    "ExNameMap": [
      "/Game/Carrot4/Maps/Madori/Cave/Cave002/Cave002_F00/ActorPlacementInfo/AP_Cave002_F00_P_Demo",
      "/Game/Carrot4/Maps/Madori/Cave/Cave002/Cave002_F00/ActorPlacementInfo/AP_Cave002_F00_P_Objects",
      "/Game/Carrot4/Maps/Madori/Cave/Cave002/Cave002_F00/ActorPlacementInfo/AP_Cave002_F00_P_Teki",
      "/Game/Carrot4/Maps/Madori/Cave/Cave002/Cave002_F00/ActorPlacementInfo/APL_Cave002_F00_P",
      "/Script/Carrot4",
      "/Script/CoreUObject",
      "ActorPlacementInfoAsset",
      "ActorPlacementInfoListAsset",
      "AP_Cave002_F00_P_Demo",
      "AP_Cave002_F00_P_Objects",
      "AP_Cave002_F00_P_Teki",
      "APL_Cave002_F00_P",
      "ArrayProperty",
      "AssetList",
      "Class",
      "Default__ActorPlacementInfoListAsset",
      "None",
      "ObjectProperty",
      "Package"
    ],
    "ExImports": [
      -5067106687153273949,
      -7514781335339066434,
      -6965561577697236808,
      6104969007828482806,
      7845125110740142718,
      -1,
      -1,
      -1,
      5298630410394656126
    ],
    "ExExports": [
      {
        "CookedSerialOffset": 1366,
        "CookedSerialSize": 61,
        "ObjectName": "APL_Cave002_F00_P",
        "OuterIndex": 18446744073709551615,
        "ClassIndex": 7845125110740142718,
        "SuperIndex": 18446744073709551615,
        "GlobalImportIndex": 6104969007828482806,
        "PublicExportHash": 10605960234480143166,
        "UnknownFlags": 3
      }
    ],
    "FileReferences": [
      "/Game/Carrot4/Maps/Madori/Cave/Cave002/Cave002_F00/ActorPlacementInfo/APL_Cave002_F00_P",
      "APL_Cave002_F00_P"
    ]
  }
}