{
  "Content": [
    {
      "ActorGeneratorList": [
        {
          "AssetVersion": 8626647386,
          "GeneratorVersion": 8626647386,
          "GeneratorID": -1,
          "SoftRefActorClass": {
            "AssetPathName": "/Game/Carrot4/Placeables/Npc/GNpcEditLeaf.GNpcEditLeaf_C",
            "SubPathString": 0
          },
          "ExploreRateType": "EExploreRateTargetType::None",
          "ActorVersion": 1,
          "OutlineFolderPath": "None",
          "InitTransform": {
            "Rotation": {
              "X": -0.0,
              "Y": 0.0,
              "Z": -0.09584575146436691,
              "W": 0.9953961968421936
            },
            "Translation": {
              "X": -249.57212829589844,
              "Y": -145.44297790527344,
              "Z": 119.59760284423828
            },
            "Scale3D": {
              "X": 1.0,
              "Y": 1.0,
              "Z": 1.0
            }
          },
          "Transform": {
            "Rotation": {
              "X": -0.0,
              "Y": 0.0,
              "Z": -0.09584575146436691,
              "W": 0.9953961968421936
            },
            "Translation": {
              "X": -249.57212829589844,
              "Y": -145.44297790527344,
              "Z": 119.59760284423828
            },
            "Scale3D": {
              "X": 1.0,
              "Y": 1.0,
              "Z": 1.0
            }
          },
          "GenerateInfo": {
            "EnableSave": true,
            "DebugUniqueId": 2305843039278465026,
            "ActorGlobalId": "None",
            "GenerateNum": 1,
            "GenerateRadius": 300.0,
            "WakeCond": [],
            "bOnceWakeCond": false,
            "SleepCond": [],
            "bNoChkCondWhenDead": false
          },
          "RebirthInfo": {
            "ActivityTime": "EActivityTime::Allday",
            "RebirthType": "ERebirthType::AlwaysRebirth",
            "BirthDay": 0,
            "DeadDay": 0,
            "ExpireDay": 0,
            "CurrNum": 1,
            "ExpireProgress": 0,
            "RebirthInterval": 0,
            "SaveFlag": "EGeneratorActorSaveFlag::SaveActors",
            "MyID": -1,
            "RefID": -1,
            "RebirthInfoFlags": 0,
            "BirthCond": [],
            "bIgnoreFullFillBirthCondWhenFirstAndNightTime": false,
            "EraseCond": []
          },
          "CarriedInfo": {
            "bEnableInitializeLocation": false,
            "InitializeInterval": 0,
            "bEnableCorrectLocation": false,
            "CarriedDay": 0,
            "LastCarriedDay": 0
          },
          "DropActorInfo": {
            "DropOwnerDebugUniqueId": 18446744073709551615,
            "DropIndex": -1,
            "bSalvagedOtakaraIndices": []
          },
          "ActorSerializeParameter": {
            "Hash": {
              "Static": [
                84,
                15,
                16,
                140
              ],
              "Dynamic": []
            },
            "CheckComp": [
              90,
              49,
              48,
              2,
              2,
              0,
              0,
              0,
              1,
              0,
              0,
              0,
              1,
              0,
              0,
              0,
              0,
              0,
              0,
              0,
              0,
              0,
              0,
              0,
              1,
              0,
              0,
              0,
              0,
              0,
              0,
              0,
              0,
              0,
              0,
              0,
              0,
              0,
              0,
              0,
              1,
              0,
              0,
              0,
              0,
              0,
              0,
              0,
              0,
              0,
              0,
              0,
              0,
              0,
              0,
              0,
              0,
              0,
              0,
              0,
              0,
              0,
              0,
              0,
              1,
              0,
              0,
              0,
              0,
              0,
              0,
              0,
              0,
              0,
              0,
              0,
              0,
              0,
              0,
              0,
              1,
              0,
              0,
              0,
              0,
              0,
              0,
              0,
              0,
              0,
              0,
              0
            ],
            "ActorParameter": {
              "Static": [
                12,
                0,
                0,
                0,
                71,
                78,
                112,
                99,
                76,
                101,
                97,
                102,
                95,
                48,
                48,
                0,
                0,
                0,
                0,
                0,
                1,
                0,
                0,
                0,
                1,
                0,
                0,
                0,
                5,
                0,
                0,
                0,
                78,
                111,
                110,
                101,
                0,
                5,
                0,
                0,
                0,
                78,
                111,
                110,
                101,
                0,
                0,
                0,
                0,
                0,
                0,
                0,
                128,
                191,
                0,
                0,
                128,
                191,
                1,
                0,
                0,
                0,
                1,
                0,
                0,
                0,
                0,
                0,
                128,
                191
              ],
              "Dynamic": []
            },
            "AI": {
              "Static": [
                9,
                0,
                0,
                0,
                83,
                99,
                101,
                110,
                101,
                78,
                112,
                99,
                0,
                0,
                1,
                0,
                0,
                0,
                0,
                0,
                0,
                0,
                0,
                255,
                255,
                255,
                127,
                0,
                0,
                0,
                0,
                1,
                0,
                0,
                0,
                20,
                2,
                0,
                0,
                0,
                0,
                0,
                0,
                0,
                0,
                0,
                200,
                66,
                0,
                0,
                0,
                0,
                0,
                0,
                0,
                128,
                0,
                0,
                200,
                194,
                0,
                0,
                0,
                128,
                0,
                0,
                200,
                66,
                0,
                0,
                0,
                0,
                0,
                0,
                0,
                0,
                0,
                0,
                0,
                0,
                0,
                0,
                0,
                0,
                5,
                0,
                0,
                0,
                78,
                111,
                110,
                101,
                0,
                0,
                0,
                0,
                0,
                1,
                0,
                0,
                0,
                0,
                0,
                0,
                0,
                0,
                0,
                0,
                0,
                0,
                0,
                0,
                0,
                0,
                0,
                0,
                0,
                0,
                0,
                0,
                0,
                0,
                0,
                250,
                67,
                0,
                0,
                0,
                0,
                0,
                0,
                0,
                0,
                0,
                0,
                0,
                0
              ],
              "Dynamic": [
                1,
                0,
                0,
                0,
                0,
                0,
                0,
                0,
                0,
                0,
                0,
                0,
                0,
                0,
                0,
                0
              ]
            },
            "SubAI": {
              "Static": [],
              "Dynamic": []
            },
            "Life": {
              "Static": [],
              "Dynamic": []
            },
            "PortalTrigger": {
              "Static": [],
              "Dynamic": []
            },
            "DemoTrigger": {
              "Static": [
                6,
                1,
                0,
                0,
                0,
                5,
                0,
                0,
                0,
                78,
                111,
                110,
                101,
                0,
                0,
                0,
                0,
                0,
                0,
                0,
                0,
                0,
                5,
                0,
                0,
                0,
                78,
                111,
                110,
                101,
                0,
                0,
                0,
                0,
                0,
                5,
                0,
                0,
                0,
                78,
                111,
                110,
                101,
                0,
                0,
                0,
                0,
                0,
                5,
                0,
                0,
                0,
                78,
                111,
                110,
                101,
                0,
                0,
                5,
                0,
                0,
                0,
                78,
                111,
                110,
                101,
                0,
                0,
                0,
                0,
                0,
                0,
                0,
                0,
                0,
                0,
                0,
                0,
                0,
                5,
                0,
                0,
                0,
                78,
                111,
                110,
                101,
                0,
                5,
                0,
                0,
                0,
                78,
                111,
                110,
                101,
                0,
                0,
                0,
                0,
                0,
                0,
                0,
                0,
                0
              ],
              "Dynamic": []
            },
            "Pikmin": {
              "Static": [],
              "Dynamic": []
            },
            "CharacterEdit": {
              "Static": [
                0,
                0,
                0,
                0,
                0,
                0,
                0,
                0,
                0,
                0,
                0,
                0,
                0,
                0,
                0,
                0,
                0,
                0,
                0,
                0,
                0,
                0,
                0,
                0,
                0,
                0,
                0,
                0,
                0,
                0,
                0,
                0,
                0,
                0,
                0,
                0
              ],
              "Dynamic": []
            },
            "PopPlace": {
              "Static": [],
              "Dynamic": []
            },
            "Strategy": {
              "Static": [],
              "Dynamic": []
            },
            "CakEmitterConfig": {
              "Static": [
                1,
                0,
                0,
                0,
                0,
                0,
                0,
                0,
                0,
                0,
                0,
                0,
                1,
                0,
                0,
                0,
                0,
                0,
                0,
                0
              ],
              "Dynamic": []
            },
            "CakSimpleState": {
              "Static": [],
              "Dynamic": []
            },
            "CakTrigger": {
              "Static": [],
              "Dynamic": []
            },
            "CakMultiplePosition": {
              "Static": [],
              "Dynamic": []
            },
            "CakAudioTable": {
              "Static": [
                0,
                0,
                0,
                0
              ],
              "Dynamic": []
            },
            "WaterTrigger": {
              "Static": [],
              "Dynamic": []
            },
            "NavMeshTrigger": {
              "Static": [],
              "Dynamic": []
            },
            "Affordance": {
              "Static": [],
              "Dynamic": []
            },
            "HiddenBoxTrigger": {
              "Static": [],
              "Dynamic": []
            },
            "NarrowSpaceBoxTrigger": {
              "Static": [],
              "Dynamic": []
            },
            "WarpTrigger": {
              "Static": [],
              "Dynamic": []
            },
            "ActionMarker": {
              "Static": [],
              "Dynamic": []
            }
          },
          "SubLevelName": "Cave003_F00",
          "TeamId": "ETeamIdEditor::No",
          "GenerateFlags": 0,
          "OriginalPhysicsRadiusZ": 0.0,
          "LastNavPos": {
            "X": -249.57212829589844,
            "Y": -145.44297790527344,
            "Z": 119.59760284423828
          },
          "CarcassFlags": 0,
          "RefOriginalGenID": -1
        }
      ]
    }
  ],
  "Extra": {
    "BlobOfData": "00000000020000000000000000000000000000000100000000000000",
    "ExInitialHeader": {
      "FMappedNameName": 0,
      "FMappedNameSource": 0,
      "PackageFlags": 2147483648,
      "CookedHeaderSize": 3380,
      "NameMapOffset": 64,
      "NameMapSize": 2108,
      "NameMapHashesOffset": 2176,
      "NameMapHashesSize": 1008,
      "ImportMapOffset": 3184,
      "ExportMapOffset": 3208,
      "ExportBundlesOffset": 3280,
      "GraphDataOffset": 3304,
      "GraphDataSize": 4
    },
    "ExNameMap": [
      "/Game/Carrot4/Maps/Madori/Cave/Cave003/Cave003_F00/ActorPlacementInfo/AP_Cave003_F00_P_NPC",
      "/Game/Carrot4/Placeables/Npc/GNpcEditLeaf",
      "/Game/Carrot4/Placeables/Npc/GNpcEditLeaf.GNpcEditLeaf_C",
      "/Script/Carrot4",
      "/Script/CoreUObject",
      "ActionMarker",
      "ActivityTime",
      "ActorGenerator",
      "ActorGeneratorList",
      "ActorGlobalId",
      "ActorParameter",
      "ActorPlacementAppearanceCondition",
      "ActorPlacementCondition",
      "ActorPlacementInfoAsset",
      "ActorSerializeParameter",
      "ActorVersion",
      "Affordance",
      "AI",
      "AP_Cave003_F00_P_NPC",
      "ArrayProperty",
      "AssetVersion",
      "bEnableCorrectLocation",
      "bEnableInitializeLocation",
      "bIgnoreFullFillBirthCondWhenFirstAndNightTime",
      "BirthCond",
      "BirthDay",
      "bNoChkCondWhenDead",
      "bOnceWakeCond",
      "BoolProperty",
      "bSalvagedOtakaraIndices",
      "ByteProperty",
      "CakAudioTable",
      "CakEmitterConfig",
      "CakMultiplePosition",
      "CakSimpleState",
      "CakTrigger",
      "CarcassFlags",
      "CarriedActorInfo",
      "CarriedDay",
      "CarriedInfo",
      "Cave003_F00",
      "CharacterEdit",
      "CheckComp",
      "Class",
      "CurrNum",
      "DeadDay",
      "DebugUniqueId",
      "Default__ActorPlacementInfoAsset",
      "DemoTrigger",
      "DropActorInfo",
      "DropIndex",
      "DropOwnerDebugUniqueId",
      "Dynamic",
      "EActivityTime",
      "EActivityTime::Allday",
      "EExploreRateTargetType",
      "EExploreRateTargetType::None",
      "EGeneratorActorSaveFlag",
      "EGeneratorActorSaveFlag::SaveActors",
      "EnableSave",
      "EnumProperty",
      "EraseCond",
      "ERebirthType",
      "ERebirthType::AlwaysRebirth",
      "ETeamIdEditor",
      "ETeamIdEditor::No",
      "ExpireDay",
      "ExpireProgress",
      "ExploreRateType",
      "FloatProperty",
      "GenerateActorInfo",
      "GenerateFlags",
      "GenerateInfo",
      "GenerateNum",
      "GenerateRadius",
      "GeneratorID",
      "GeneratorVersion",
      "Hash",
      "HiddenBoxTrigger",
      "InitializeInterval",
      "InitTransform",
      "IntProperty",
      "LastCarriedDay",
      "LastNavPos",
      "Life",
      "MyID",
      "NameProperty",
      "NarrowSpaceBoxTrigger",
      "NavMeshTrigger",
      "None",
      "OriginalPhysicsRadiusZ",
      "OutlineFolderPath",
      "Package",
      "Pikmin",
      "PopPlace",
      "PortalTrigger",
      "Quat",
      "RebirthActorInfo",
      "RebirthInfo",
      "RebirthInfoFlags",
      "RebirthInterval",
      "RebirthType",
      "RefID",
      "RefOriginalGenID",
      "Rotation",
      "SaveFlag",
      "Scale3D",
      "SerializeParam",
      "SleepCond",
      "SoftObjectProperty",
      "SoftRefActorClass",
      "Static",
      "Strategy",
      "StructProperty",
      "SubAI",
      "SubLevelName",
      "TeamId",
      "Transform",
      "Translation",
      "UInt32Property",
      "UInt64Property",
      "Vector",
      "WakeCond",
      "WarpTrigger",
      "WaterTrigger"
    ],
    "ExImports": [
      7699818445968994208,
      6809543636033933067,
      5298630410394656126
    ],
    "ExExports": [
      {
        "CookedSerialOffset": 3380,
        "CookedSerialSize": 6108,
        "ObjectName": "AP_Cave003_F00_P_NPC",
        "OuterIndex": 18446744073709551615,
        "ClassIndex": 6809543636033933067,
        "SuperIndex": 18446744073709551615,
        "GlobalImportIndex": 7699818445968994208,
        "PublicExportHash": 12081028647887275355,
        "UnknownFlags": 3
      }
    ],
    "FileReferences": [
      "/Game/Carrot4/Maps/Madori/Cave/Cave003/Cave003_F00/ActorPlacementInfo/AP_Cave003_F00_P_NPC",
      "AP_Cave003_F00_P_NPC"
    ]
  }
}