[
  {
    "Type": "BlueprintGeneratedClass",
    "Name": "Cave001_F00_Background_C",
    "Class": "UScriptClass'BlueprintGeneratedClass'",
    "SuperStruct": {
      "ObjectName": "Class'LevelScriptActor'",
      "ObjectPath": "/Script/Engine"
    },
    "ClassFlags": 8653332,
    "ClassWithin": {
      "ObjectName": "Class'Object'",
      "ObjectPath": "/Script/CoreUObject"
    },
    "ClassConfigName": "Engine",
    "bCooked": true,
    "ClassDefaultObject": {
      "ObjectName": "Cave001_F00_Background_C'Default__Cave001_F00_Background_C'",
      "ObjectPath": "/Game/Carrot4/Maps/Madori/Cave/Cave001/Cave001_F00/Sublevels/Cave001_F00_Background.1"
    }
  },
  {
    "Type": "Cave001_F00_Background_C",
    "Name": "Default__Cave001_F00_Background_C",
    "Class": "BlueprintGeneratedClass'/Game/Carrot4/Maps/Madori/Cave/Cave001/Cave001_F00/Sublevels/Cave001_F00_Background.Cave001_F00_Background_C'"
  },
  {
    "Type": "Cave001_F00_Background_C",
    "Name": "Cave001_F00_Background_C_0",
    "Outer": "PersistentLevel",
    "Template": "Default__Cave001_F00_Background_C",
    "Class": "BlueprintGeneratedClass'/Game/Carrot4/Maps/Madori/Cave/Cave001/Cave001_F00/Sublevels/Cave001_F00_Background.Cave001_F00_Background_C'"
  },
  {
    "Type": "Level",
    "Name": "PersistentLevel",
    "Outer": "Cave001_F00_Background",
    "Class": "UScriptClass'Level'",
    "Properties": {
      "Model": {
        "ObjectName": "Model'Cave001_F00_Background:PersistentLevel.Model_0'",
        "ObjectPath": "/Game/Carrot4/Maps/Madori/Cave/Cave001/Cave001_F00/Sublevels/Cave001_F00_Background.4"
      },
      "LevelScriptActor": {
        "ObjectName": "Cave001_F00_Background_C'Cave001_F00_Background:PersistentLevel.Cave001_F00_Background_C_0'",
        "ObjectPath": "/Game/Carrot4/Maps/Madori/Cave/Cave001/Cave001_F00/Sublevels/Cave001_F00_Background.2"
      },
      "LevelBuildDataId": "25C98AB0-4481BEEE-FE6A06AC-86433075",
      "MapBuildData": {
        "ObjectName": "MapBuildDataRegistry'Cave001_F00_Background_BuiltData'",
        "ObjectPath": "/Game/Carrot4/Maps/Madori/Cave/Cave001/Cave001_F00/Sublevels/Cave001_F00_Background_BuiltData.0"
      },
      "WorldSettings": {
        "ObjectName": "MyWorldSettings'Cave001_F00_Background:PersistentLevel.MyWorldSettings'",
        "ObjectPath": "/Game/Carrot4/Maps/Madori/Cave/Cave001/Cave001_F00/Sublevels/Cave001_F00_Background.5"
      }
    },
    "Actors": [
      {
        "ObjectName": "MyWorldSettings'Cave001_F00_Background:PersistentLevel.MyWorldSettings'",
        "ObjectPath": "/Game/Carrot4/Maps/Madori/Cave/Cave001/Cave001_F00/Sublevels/Cave001_F00_Background.5"
      },
      null,
      {
        "ObjectName": "Cave001_F00_Background_C'Cave001_F00_Background:PersistentLevel.Cave001_F00_Background_C_0'",
        "ObjectPath": "/Game/Carrot4/Maps/Madori/Cave/Cave001/Cave001_F00/Sublevels/Cave001_F00_Background.2"
      }
    ],
    "URL": {
      "Protocol": "unreal",
      "Host": "",
      "Port": 7777,
      "Valid": true,
      "Map": "/Game/Test/Maps/Check/CheckRomEntry_P",
      "Op": [],
      "Portal": ""
    },
    "Model": {
      "ObjectName": "Model'Cave001_F00_Background:PersistentLevel.Model_0'",
      "ObjectPath": "/Game/Carrot4/Maps/Madori/Cave/Cave001/Cave001_F00/Sublevels/Cave001_F00_Background.4"
    },
    "ModelComponents": [],
    "LevelScriptActor": {
      "ObjectName": "Cave001_F00_Background_C'Cave001_F00_Background:PersistentLevel.Cave001_F00_Background_C_0'",
      "ObjectPath": "/Game/Carrot4/Maps/Madori/Cave/Cave001/Cave001_F00/Sublevels/Cave001_F00_Background.2"
    },
    "NavListStart": null,
    "NavListEnd": null,
    "PrecomputedVisibilityHandler": {
      "PrecomputedVisibilityCellBucketOriginXY": {
        "X": 0.0,
        "Y": 0.0
      },
      "PrecomputedVisibilityCellSizeXY": 0.0,
      "PrecomputedVisibilityCellSizeZ": 0.0,
      "PrecomputedVisibilityCellBucketSizeXY": 0,
      "PrecomputedVisibilityNumCellBuckets": 0,
      "PrecomputedVisibilityCellBuckets": []
    },
    "PrecomputedVolumeDistanceField": {
      "VolumeMaxDistance": 0.0,
      "VolumeBox": {
        "Min": {
          "X": 0.0,
          "Y": 0.0,
          "Z": 0.0
        },
        "Max": {
          "X": 0.0,
          "Y": 0.0,
          "Z": 0.0
        },
        "IsValid": 0
      },
      "VolumeSizeX": 0,
      "VolumeSizeY": 0,
      "VolumeSizeZ": 0,
      "Data": []
    }
  },
  {
    "Type": "Model",
    "Name": "Model_0",
    "Outer": "PersistentLevel",
    "Class": "UScriptClass'Model'",
    "Bounds": {
      "Origin": {
        "X": 0.0,
        "Y": 0.0,
        "Z": 0.0
      },
      "BoxExtent": {
        "X": 0.0,
        "Y": 0.0,
        "Z": 0.0
      },
      "SphereRadius": 0.0
    },
    "Vectors": [],
    "Points": [],
    "Nodes": [],
    "Surfs": [],
    "NumSharedSides": 4,
    "VertexBuffer": {
      "Vertices": []
    },
    "LightingGuid": "9172FE21-492C5B31-05E9EA95-FB2C4732",
    "LightmassSettings": []
  },
  {
    "Type": "MyWorldSettings",
    "Name": "MyWorldSettings",
    "Outer": "PersistentLevel",
    "Class": "UScriptClass'MyWorldSettings'",
    "Properties": {
      "bEnableNavigationSystem": false,
      "NavigationSystemConfig": {
        "ObjectName": "NavigationSystemModuleConfig'Cave001_F00_Background:PersistentLevel.MyWorldSettings.NavigationSystemModuleConfig_0'",
        "ObjectPath": "/Game/Carrot4/Maps/Madori/Cave/Cave001/Cave001_F00/Sublevels/Cave001_F00_Background.6"
      },
      "BookmarkArray": [
        null,
        null,
        null,
        null,
        null,
        null,
        null,
        null,
        null,
        null
      ]
    }
  },
  {
    "Type": "NavigationSystemModuleConfig",
    "Name": "NavigationSystemModuleConfig_0",
    "Outer": "MyWorldSettings",
    "Class": "UScriptClass'NavigationSystemModuleConfig'",
    "Properties": {
      "bStrictlyStatic": true,
      "bAutoSpawnMissingNavData": true,
      "NavigationSystemClass": {
        "AssetPathName": "/Script/Carrot4.CarrotNavigationSystem",
        "SubPathString": ""
      }
    }
  },
  {
    "Type": "World",
    "Name": "Cave001_F00_Background",
    "Class": "UScriptClass'World'",
    "PersistentLevel": {
      "ObjectName": "Level'Cave001_F00_Background:PersistentLevel'",
      "ObjectPath": "/Game/Carrot4/Maps/Madori/Cave/Cave001/Cave001_F00/Sublevels/Cave001_F00_Background.3"
    },
    "ExtraReferencedObjects": [],
    "StreamingLevels": []
  }
]