[
  {
    "Type": "BlueprintGeneratedClass",
    "Name": "Cave001_F00_Foliage_C",
    "Class": "UScriptClass'BlueprintGeneratedClass'",
    "SuperStruct": {
      "ObjectName": "Class'LevelScriptActor'",
      "ObjectPath": "/Script/Engine"
    },
    "ClassFlags": 8653332,
    "ClassWithin": {
      "ObjectName": "Class'Object'",
      "ObjectPath": "/Script/CoreUObject"
    },
    "ClassConfigName": "Engine",
    "bCooked": true,
    "ClassDefaultObject": {
      "ObjectName": "Cave001_F00_Foliage_C'Default__Cave001_F00_Foliage_C'",
      "ObjectPath": "/Game/Carrot4/Maps/Madori/Cave/Cave001/Cave001_F00/Sublevels/Cave001_F00_Foliage.1"
    }
  },
  {
    "Type": "Cave001_F00_Foliage_C",
    "Name": "Default__Cave001_F00_Foliage_C",
    "Class": "BlueprintGeneratedClass'/Game/Carrot4/Maps/Madori/Cave/Cave001/Cave001_F00/Sublevels/Cave001_F00_Foliage.Cave001_F00_Foliage_C'"
  },
  {
    "Type": "Cave001_F00_Foliage_C",
    "Name": "Cave001_F00_Foliage_C_0",
    "Outer": "PersistentLevel",
    "Template": "Default__Cave001_F00_Foliage_C",
    "Class": "BlueprintGeneratedClass'/Game/Carrot4/Maps/Madori/Cave/Cave001/Cave001_F00/Sublevels/Cave001_F00_Foliage.Cave001_F00_Foliage_C'"
  },
  {
    "Type": "FoliageInstancedStaticMeshComponent",
    "Name": "FoliageInstancedStaticMeshComponent_0",
    "Outer": "InstancedFoliageActor_0",
    "Class": "UScriptClass'FoliageInstancedStaticMeshComponent'",
    "Properties": {
      "SortedInstances": [
        15,
        14,
        13,
        17,
        11,
        8,
        3,
        7,
        2,
        6,
        20,
        5,
        1,
        0,
        4,
        19,
        9,
        12,
        10,
        18,
        16
      ],
      "NumBuiltInstances": 21,
      "BuiltInstanceBounds": {
        "Min": {
          "X": -872.72235,
          "Y": -1147.9357,
          "Z": -0.5694264
        },
        "Max": {
          "X": 832.26904,
          "Y": 1166.0537,
          "Z": 53.328476
        },
        "IsValid": 1
      },
      "CacheMeshExtendedBounds": {
        "Origin": {
          "X": 0.0,
          "Y": 0.0,
          "Z": 1.7002078
        },
        "BoxExtent": {
          "X": 4.1517296,
          "Y": 4.7685604,
          "Z": 1.7002095
        },
        "SphereRadius": 5.983818
      },
      "InstanceCountToRender": 21,
      "InstancingRandomSeed": 12186,
      "InstanceEndCullDistance": 1500,
      "InstanceReorderTable": [
        13,
        12,
        8,
        6,
        14,
        11,
        9,
        7,
        5,
        16,
        18,
        4,
        17,
        2,
        1,
        0,
        20,
        3,
        19,
        15,
        10
      ],
      "StaticMesh": {
        "ObjectName": "StaticMesh'SM_CMA_T02_DC_Foliages07_PT2'",
        "ObjectPath": "/Game/Carrot4/Terrain/Cave/Type/Soil/Foliages/Meshes/SM_CMA_T02_DC_Foliages07_PT2.2"
      },
      "OverriddenLightMapRes": 8,
      "StreamingTextureData": [
        {
          "PackedRelativeBox": 4294901760,
          "TextureLevelIndex": 0,
          "TexelFactor": 163.26668
        },
        {
          "PackedRelativeBox": 4294901760,
          "TextureLevelIndex": 1,
          "TexelFactor": 163.26668
        },
        {
          "PackedRelativeBox": 4294901760,
          "TextureLevelIndex": 2,
          "TexelFactor": 163.26668
        }
      ],
      "LightmapType": "ELightmapType::ForceVolumetric",
      "bReceivesDecals": false,
      "bHasPerInstanceHitProxies": true,
      "CastShadow": false,
      "bAffectDynamicIndirectLighting": false,
      "bAffectDistanceFieldLighting": false,
      "VisibilityId": 1,
      "BodyInstance": {
        "ObjectType": "ECC_WorldStatic",
        "CollisionEnabled": "ECollisionEnabled::NoCollision",
        "CollisionProfileName": "NoCollision",
        "CollisionResponses": {
          "ResponseArray": [
            {
              "Channel": "Visibility",
              "Response": "ECR_Ignore"
            },
            {
              "Channel": "Camera",
              "Response": "ECR_Ignore"
            }
          ]
        },
        "bAutoWeld": false
      },
      "AttachParent": {
        "ObjectName": "SceneComponent'Cave001_F00_Foliage:PersistentLevel.InstancedFoliageActor_0.RootComponent0'",
        "ObjectPath": "/Game/Carrot4/Maps/Madori/Cave/Cave001/Cave001_F00/Sublevels/Cave001_F00_Foliage.20"
      },
      "Mobility": "EComponentMobility::Static"
    }
  },
  {
    "Type": "FoliageInstancedStaticMeshComponent",
    "Name": "FoliageInstancedStaticMeshComponent_1",
    "Outer": "InstancedFoliageActor_0",
    "Class": "UScriptClass'FoliageInstancedStaticMeshComponent'",
    "Properties": {
      "SortedInstances": [
        14,
        23,
        12,
        9,
        4,
        11,
        22,
        0,
        21,
        2,
        8,
        3,
        7,
        16,
        18,
        1,
        13,
        10,
        5,
        6,
        20,
        15,
        19,
        17
      ],
      "NumBuiltInstances": 24,
      "BuiltInstanceBounds": {
        "Min": {
          "X": -800.5129,
          "Y": -857.2039,
          "Z": -0.11624408
        },
        "Max": {
          "X": 775.38696,
          "Y": 906.60706,
          "Z": 53.00852
        },
        "IsValid": 1
      },
      "CacheMeshExtendedBounds": {
        "Origin": {
          "X": 1.9073486E-06,
          "Y": 9.536743E-07,
          "Z": 1.2005559
        },
        "BoxExtent": {
          "X": 2.0743313,
          "Y": 2.8562174,
          "Z": 1.3144289
        },
        "SphereRadius": 3.376026
      },
      "InstanceCountToRender": 24,
      "InstancingRandomSeed": 28157,
      "InstanceEndCullDistance": 1500,
      "InstanceReorderTable": [
        7,
        15,
        9,
        11,
        4,
        18,
        19,
        12,
        10,
        3,
        17,
        5,
        2,
        16,
        0,
        21,
        13,
        23,
        14,
        22,
        20,
        8,
        6,
        1
      ],
      "StaticMesh": {
        "ObjectName": "StaticMesh'SM_CMA_T02_DC_Foliages07_PT4'",
        "ObjectPath": "/Game/Carrot4/Terrain/Cave/Type/Soil/Foliages/Meshes/SM_CMA_T02_DC_Foliages07_PT4.2"
      },
      "OverriddenLightMapRes": 8,
      "StreamingTextureData": [
        {
          "PackedRelativeBox": 4294901760,
          "TextureLevelIndex": 0,
          "TexelFactor": 162.75697
        },
        {
          "PackedRelativeBox": 4294901760,
          "TextureLevelIndex": 1,
          "TexelFactor": 162.75697
        },
        {
          "PackedRelativeBox": 4294901760,
          "TextureLevelIndex": 2,
          "TexelFactor": 162.75697
        }
      ],
      "LightmapType": "ELightmapType::ForceVolumetric",
      "bReceivesDecals": false,
      "bHasPerInstanceHitProxies": true,
      "CastShadow": false,
      "bAffectDynamicIndirectLighting": false,
      "bAffectDistanceFieldLighting": false,
      "VisibilityId": 2,
      "BodyInstance": {
        "ObjectType": "ECC_WorldStatic",
        "CollisionEnabled": "ECollisionEnabled::NoCollision",
        "CollisionProfileName": "NoCollision",
        "CollisionResponses": {
          "ResponseArray": [
            {
              "Channel": "Visibility",
              "Response": "ECR_Ignore"
            },
            {
              "Channel": "Camera",
              "Response": "ECR_Ignore"
            }
          ]
        },
        "bAutoWeld": false
      },
      "AttachParent": {
        "ObjectName": "SceneComponent'Cave001_F00_Foliage:PersistentLevel.InstancedFoliageActor_0.RootComponent0'",
        "ObjectPath": "/Game/Carrot4/Maps/Madori/Cave/Cave001/Cave001_F00/Sublevels/Cave001_F00_Foliage.20"
      },
      "Mobility": "EComponentMobility::Static"
    }
  },
  {
    "Type": "FoliageInstancedStaticMeshComponent",
    "Name": "FoliageInstancedStaticMeshComponent_12",
    "Outer": "InstancedFoliageActor_0",
    "Class": "UScriptClass'FoliageInstancedStaticMeshComponent'",
    "Properties": {
      "SortedInstances": [
        3,
        6,
        8,
        2,
        7,
        5,
        4,
        0,
        1
      ],
      "NumBuiltInstances": 9,
      "BuiltInstanceBounds": {
        "Min": {
          "X": -568.2317,
          "Y": -854.11896,
          "Z": 0.2433546
        },
        "Max": {
          "X": 851.01965,
          "Y": 1035.4982,
          "Z": 50.305096
        },
        "IsValid": 1
      },
      "CacheMeshExtendedBounds": {
        "Origin": {
          "X": -2.3841858E-07,
          "Y": 0.0976367,
          "Z": 0.3
        },
        "BoxExtent": {
          "X": 1.6711906,
          "Y": 5.2056956,
          "Z": 0.0
        },
        "SphereRadius": 5.467371
      },
      "InstanceCountToRender": 9,
      "InstancingRandomSeed": 30661,
      "InstanceEndCullDistance": 1500,
      "InstanceReorderTable": [
        7,
        8,
        3,
        0,
        6,
        5,
        1,
        4,
        2
      ],
      "StaticMesh": {
        "ObjectName": "StaticMesh'SM_CMA_T02_DC_Foliages08_PT3'",
        "ObjectPath": "/Game/Carrot4/Terrain/Cave/Type/Soil/Foliages/Meshes/SM_CMA_T02_DC_Foliages08_PT3.2"
      },
      "OverriddenLightMapRes": 8,
      "StreamingTextureData": [
        {
          "PackedRelativeBox": 4294901760,
          "TextureLevelIndex": 3,
          "TexelFactor": 133.74182
        },
        {
          "PackedRelativeBox": 4294901760,
          "TextureLevelIndex": 4,
          "TexelFactor": 133.74182
        },
        {
          "PackedRelativeBox": 4294901760,
          "TextureLevelIndex": 5,
          "TexelFactor": 133.74182
        }
      ],
      "LightmapType": "ELightmapType::ForceVolumetric",
      "bReceivesDecals": false,
      "bHasPerInstanceHitProxies": true,
      "CastShadow": false,
      "bAffectDynamicIndirectLighting": false,
      "bAffectDistanceFieldLighting": false,
      "VisibilityId": 3,
      "BodyInstance": {
        "ObjectType": "ECC_WorldStatic",
        "CollisionEnabled": "ECollisionEnabled::NoCollision",
        "CollisionProfileName": "NoCollision",
        "CollisionResponses": {
          "ResponseArray": [
            {
              "Channel": "Visibility",
              "Response": "ECR_Ignore"
            },
            {
              "Channel": "Camera",
              "Response": "ECR_Ignore"
            }
          ]
        },
        "bAutoWeld": false
      },
      "AttachParent": {
        "ObjectName": "SceneComponent'Cave001_F00_Foliage:PersistentLevel.InstancedFoliageActor_0.RootComponent0'",
        "ObjectPath": "/Game/Carrot4/Maps/Madori/Cave/Cave001/Cave001_F00/Sublevels/Cave001_F00_Foliage.20"
      },
      "Mobility": "EComponentMobility::Static"
    }
  },
  {
    "Type": "FoliageInstancedStaticMeshComponent",
    "Name": "FoliageInstancedStaticMeshComponent_13",
    "Outer": "InstancedFoliageActor_0",
    "Class": "UScriptClass'FoliageInstancedStaticMeshComponent'",
    "Properties": {
      "SortedInstances": [
        2,
        12,
        1,
        10,
        11,
        9,
        5,
        4,
        3,
        0,
        6,
        8,
        7
      ],
      "NumBuiltInstances": 13,
      "BuiltInstanceBounds": {
        "Min": {
          "X": -865.6459,
          "Y": -712.1782,
          "Z": 0.23781732
        },
        "Max": {
          "X": 838.0269,
          "Y": 951.7966,
          "Z": 50.278835
        },
        "IsValid": 1
      },
      "CacheMeshExtendedBounds": {
        "Origin": {
          "X": 0.23050666,
          "Y": -0.20909357,
          "Z": 0.27622175
        },
        "BoxExtent": {
          "X": 2.3433893,
          "Y": 5.180916,
          "Z": 2.9802322E-08
        },
        "SphereRadius": 5.3853154
      },
      "InstanceCountToRender": 13,
      "InstancingRandomSeed": 9017,
      "InstanceEndCullDistance": 1500,
      "InstanceReorderTable": [
        9,
        2,
        0,
        8,
        7,
        6,
        10,
        12,
        11,
        5,
        3,
        4,
        1
      ],
      "StaticMesh": {
        "ObjectName": "StaticMesh'SM_CMA_T02_DC_Foliages08_PT1'",
        "ObjectPath": "/Game/Carrot4/Terrain/Cave/Type/Soil/Foliages/Meshes/SM_CMA_T02_DC_Foliages08_PT1.2"
      },
      "OverriddenLightMapRes": 8,
      "StreamingTextureData": [
        {
          "PackedRelativeBox": 4294901760,
          "TextureLevelIndex": 3,
          "TexelFactor": 133.96648
        },
        {
          "PackedRelativeBox": 4294901760,
          "TextureLevelIndex": 4,
          "TexelFactor": 133.96648
        },
        {
          "PackedRelativeBox": 4294901760,
          "TextureLevelIndex": 5,
          "TexelFactor": 133.96648
        }
      ],
      "LightmapType": "ELightmapType::ForceVolumetric",
      "bReceivesDecals": false,
      "bHasPerInstanceHitProxies": true,
      "CastShadow": false,
      "bAffectDynamicIndirectLighting": false,
      "bAffectDistanceFieldLighting": false,
      "VisibilityId": 4,
      "BodyInstance": {
        "ObjectType": "ECC_WorldStatic",
        "CollisionEnabled": "ECollisionEnabled::NoCollision",
        "CollisionProfileName": "NoCollision",
        "CollisionResponses": {
          "ResponseArray": [
            {
              "Channel": "Visibility",
              "Response": "ECR_Ignore"
            },
            {
              "Channel": "Camera",
              "Response": "ECR_Ignore"
            }
          ]
        },
        "bAutoWeld": false
      },
      "AttachParent": {
        "ObjectName": "SceneComponent'Cave001_F00_Foliage:PersistentLevel.InstancedFoliageActor_0.RootComponent0'",
        "ObjectPath": "/Game/Carrot4/Maps/Madori/Cave/Cave001/Cave001_F00/Sublevels/Cave001_F00_Foliage.20"
      },
      "Mobility": "EComponentMobility::Static"
    }
  },
  {
    "Type": "FoliageInstancedStaticMeshComponent",
    "Name": "FoliageInstancedStaticMeshComponent_14",
    "Outer": "InstancedFoliageActor_0",
    "Class": "UScriptClass'FoliageInstancedStaticMeshComponent'",
    "Properties": {
      "SortedInstances": [
        18,
        7,
        20,
        16,
        19,
        15,
        1,
        3,
        17,
        14,
        2,
        4,
        0,
        12,
        6,
        13,
        5,
        9,
        8,
        10,
        11
      ],
      "NumBuiltInstances": 21,
      "BuiltInstanceBounds": {
        "Min": {
          "X": -804.7607,
          "Y": -751.88184,
          "Z": 0.2262772
        },
        "Max": {
          "X": 855.5191,
          "Y": 1026.0411,
          "Z": 50.356594
        },
        "IsValid": 1
      },
      "CacheMeshExtendedBounds": {
        "Origin": {
          "X": 0.0,
          "Y": -0.07098532,
          "Z": 0.3
        },
        "BoxExtent": {
          "X": 2.0477269,
          "Y": 4.52398,
          "Z": 0.0
        },
        "SphereRadius": 4.52398
      },
      "InstanceCountToRender": 21,
      "InstancingRandomSeed": 23402,
      "InstanceEndCullDistance": 1500,
      "InstanceReorderTable": [
        12,
        6,
        10,
        7,
        11,
        16,
        14,
        1,
        18,
        17,
        19,
        20,
        13,
        15,
        9,
        5,
        3,
        8,
        0,
        4,
        2
      ],
      "StaticMesh": {
        "ObjectName": "StaticMesh'SM_CMA_T02_DC_Foliages08_PT0'",
        "ObjectPath": "/Game/Carrot4/Terrain/Cave/Type/Soil/Foliages/Meshes/SM_CMA_T02_DC_Foliages08_PT0.2"
      },
      "OverriddenLightMapRes": 8,
      "StreamingTextureData": [
        {
          "PackedRelativeBox": 4294901760,
          "TextureLevelIndex": 3,
          "TexelFactor": 133.10773
        },
        {
          "PackedRelativeBox": 4294901760,
          "TextureLevelIndex": 4,
          "TexelFactor": 133.10773
        },
        {
          "PackedRelativeBox": 4294901760,
          "TextureLevelIndex": 5,
          "TexelFactor": 133.10773
        }
      ],
      "LightmapType": "ELightmapType::ForceVolumetric",
      "bReceivesDecals": false,
      "bHasPerInstanceHitProxies": true,
      "CastShadow": false,
      "bAffectDynamicIndirectLighting": false,
      "bAffectDistanceFieldLighting": false,
      "VisibilityId": 5,
      "BodyInstance": {
        "ObjectType": "ECC_WorldStatic",
        "CollisionEnabled": "ECollisionEnabled::NoCollision",
        "CollisionProfileName": "NoCollision",
        "CollisionResponses": {
          "ResponseArray": [
            {
              "Channel": "Visibility",
              "Response": "ECR_Ignore"
            },
            {
              "Channel": "Camera",
              "Response": "ECR_Ignore"
            }
          ]
        },
        "bAutoWeld": false
      },
      "AttachParent": {
        "ObjectName": "SceneComponent'Cave001_F00_Foliage:PersistentLevel.InstancedFoliageActor_0.RootComponent0'",
        "ObjectPath": "/Game/Carrot4/Maps/Madori/Cave/Cave001/Cave001_F00/Sublevels/Cave001_F00_Foliage.20"
      },
      "Mobility": "EComponentMobility::Static"
    }
  },
  {
    "Type": "FoliageInstancedStaticMeshComponent",
    "Name": "FoliageInstancedStaticMeshComponent_15",
    "Outer": "InstancedFoliageActor_0",
    "Class": "UScriptClass'FoliageInstancedStaticMeshComponent'",
    "Properties": {
      "SortedInstances": [
        10,
        6,
        5,
        8,
        2,
        1,
        9,
        7,
        3,
        4,
        0
      ],
      "NumBuiltInstances": 11,
      "BuiltInstanceBounds": {
        "Min": {
          "X": -612.3455,
          "Y": -823.21405,
          "Z": 0.24258001
        },
        "Max": {
          "X": 828.2146,
          "Y": 998.6054,
          "Z": 50.29745
        },
        "IsValid": 1
      },
      "CacheMeshExtendedBounds": {
        "Origin": {
          "X": 0.0,
          "Y": 0.0,
          "Z": 0.3
        },
        "BoxExtent": {
          "X": 1.6711979,
          "Y": 1.6721032,
          "Z": 0.0
        },
        "SphereRadius": 2.364071
      },
      "InstanceCountToRender": 11,
      "InstancingRandomSeed": 3150,
      "InstanceEndCullDistance": 1500,
      "InstanceReorderTable": [
        10,
        5,
        4,
        8,
        9,
        2,
        1,
        7,
        3,
        6,
        0
      ],
      "StaticMesh": {
        "ObjectName": "StaticMesh'SM_CMA_T02_DC_Foliages08_PT2'",
        "ObjectPath": "/Game/Carrot4/Terrain/Cave/Type/Soil/Foliages/Meshes/SM_CMA_T02_DC_Foliages08_PT2.2"
      },
      "OverriddenLightMapRes": 8,
      "StreamingTextureData": [
        {
          "PackedRelativeBox": 4294901760,
          "TextureLevelIndex": 3,
          "TexelFactor": 133.76544
        },
        {
          "PackedRelativeBox": 4294901760,
          "TextureLevelIndex": 4,
          "TexelFactor": 133.76544
        },
        {
          "PackedRelativeBox": 4294901760,
          "TextureLevelIndex": 5,
          "TexelFactor": 133.76544
        }
      ],
      "LightmapType": "ELightmapType::ForceVolumetric",
      "bReceivesDecals": false,
      "bHasPerInstanceHitProxies": true,
      "CastShadow": false,
      "bAffectDynamicIndirectLighting": false,
      "bAffectDistanceFieldLighting": false,
      "VisibilityId": 6,
      "BodyInstance": {
        "ObjectType": "ECC_WorldStatic",
        "CollisionEnabled": "ECollisionEnabled::NoCollision",
        "CollisionProfileName": "NoCollision",
        "CollisionResponses": {
          "ResponseArray": [
            {
              "Channel": "Visibility",
              "Response": "ECR_Ignore"
            },
            {
              "Channel": "Camera",
              "Response": "ECR_Ignore"
            }
          ]
        },
        "bAutoWeld": false
      },
      "AttachParent": {
        "ObjectName": "SceneComponent'Cave001_F00_Foliage:PersistentLevel.InstancedFoliageActor_0.RootComponent0'",
        "ObjectPath": "/Game/Carrot4/Maps/Madori/Cave/Cave001/Cave001_F00/Sublevels/Cave001_F00_Foliage.20"
      },
      "Mobility": "EComponentMobility::Static"
    }
  },
  {
    "Type": "FoliageInstancedStaticMeshComponent",
    "Name": "FoliageInstancedStaticMeshComponent_2",
    "Outer": "InstancedFoliageActor_0",
    "Class": "UScriptClass'FoliageInstancedStaticMeshComponent'",
    "Properties": {
      "SortedInstances": [
        21,
        20,
        19,
        18,
        16,
        15,
        14,
        23,
        6,
        24,
        13,
        0,
        12,
        29,
        3,
        17,
        4,
        11,
        10,
        7,
        5,
        1,
        9,
        8,
        28,
        25,
        2,
        22,
        27,
        26
      ],
      "NumBuiltInstances": 30,
      "BuiltInstanceBounds": {
        "Min": {
          "X": -908.81335,
          "Y": -964.7787,
          "Z": -0.77123296
        },
        "Max": {
          "X": 849.28827,
          "Y": 1164.3318,
          "Z": 52.274815
        },
        "IsValid": 1
      },
      "CacheMeshExtendedBounds": {
        "Origin": {
          "X": 4.7683716E-07,
          "Y": 0.0,
          "Z": 0.60524666
        },
        "BoxExtent": {
          "X": 2.6733346,
          "Y": 2.9870195,
          "Z": 1.3282707
        },
        "SphereRadius": 3.4070313
      },
      "InstanceCountToRender": 30,
      "InstancingRandomSeed": 9888,
      "InstanceEndCullDistance": 1500,
      "InstanceReorderTable": [
        11,
        21,
        26,
        14,
        16,
        20,
        8,
        19,
        23,
        22,
        18,
        17,
        12,
        10,
        6,
        5,
        4,
        15,
        3,
        2,
        1,
        0,
        27,
        7,
        9,
        25,
        29,
        28,
        24,
        13
      ],
      "StaticMesh": {
        "ObjectName": "StaticMesh'SM_CMA_T02_DC_Foliages07_PT6'",
        "ObjectPath": "/Game/Carrot4/Terrain/Cave/Type/Soil/Foliages/Meshes/SM_CMA_T02_DC_Foliages07_PT6.2"
      },
      "OverriddenLightMapRes": 8,
      "StreamingTextureData": [
        {
          "PackedRelativeBox": 4294901760,
          "TextureLevelIndex": 0,
          "TexelFactor": 165.82193
        },
        {
          "PackedRelativeBox": 4294901760,
          "TextureLevelIndex": 1,
          "TexelFactor": 165.82193
        },
        {
          "PackedRelativeBox": 4294901760,
          "TextureLevelIndex": 2,
          "TexelFactor": 165.82193
        }
      ],
      "LightmapType": "ELightmapType::ForceVolumetric",
      "bReceivesDecals": false,
      "bHasPerInstanceHitProxies": true,
      "CastShadow": false,
      "bAffectDynamicIndirectLighting": false,
      "bAffectDistanceFieldLighting": false,
      "VisibilityId": 7,
      "BodyInstance": {
        "ObjectType": "ECC_WorldStatic",
        "CollisionEnabled": "ECollisionEnabled::NoCollision",
        "CollisionProfileName": "NoCollision",
        "CollisionResponses": {
          "ResponseArray": [
            {
              "Channel": "Visibility",
              "Response": "ECR_Ignore"
            },
            {
              "Channel": "Camera",
              "Response": "ECR_Ignore"
            }
          ]
        },
        "bAutoWeld": false
      },
      "AttachParent": {
        "ObjectName": "SceneComponent'Cave001_F00_Foliage:PersistentLevel.InstancedFoliageActor_0.RootComponent0'",
        "ObjectPath": "/Game/Carrot4/Maps/Madori/Cave/Cave001/Cave001_F00/Sublevels/Cave001_F00_Foliage.20"
      },
      "Mobility": "EComponentMobility::Static"
    }
  },
  {
    "Type": "FoliageInstancedStaticMeshComponent",
    "Name": "FoliageInstancedStaticMeshComponent_3",
    "Outer": "InstancedFoliageActor_0",
    "Class": "UScriptClass'FoliageInstancedStaticMeshComponent'",
    "Properties": {
      "SortedInstances": [
        5,
        6,
        8,
        7,
        12,
        11,
        0,
        1,
        10,
        3,
        4,
        9,
        2
      ],
      "NumBuiltInstances": 13,
      "BuiltInstanceBounds": {
        "Min": {
          "X": -637.6352,
          "Y": -919.4938,
          "Z": -2.2649765E-06
        },
        "Max": {
          "X": 898.9093,
          "Y": 1180.1932,
          "Z": 52.741295
        },
        "IsValid": 1
      },
      "CacheMeshExtendedBounds": {
        "Origin": {
          "X": -9.536743E-07,
          "Y": 0.0,
          "Z": 1.2065667
        },
        "BoxExtent": {
          "X": 3.7780447,
          "Y": 4.9217014,
          "Z": 1.2065687
        },
        "SphereRadius": 5.080022
      },
      "InstanceCountToRender": 13,
      "InstancingRandomSeed": 26854,
      "InstanceEndCullDistance": 1500,
      "InstanceReorderTable": [
        6,
        7,
        12,
        9,
        10,
        0,
        1,
        3,
        2,
        11,
        8,
        5,
        4
      ],
      "StaticMesh": {
        "ObjectName": "StaticMesh'SM_CMA_T02_DC_Foliages07_PT3'",
        "ObjectPath": "/Game/Carrot4/Terrain/Cave/Type/Soil/Foliages/Meshes/SM_CMA_T02_DC_Foliages07_PT3.2"
      },
      "OverriddenLightMapRes": 8,
      "StreamingTextureData": [
        {
          "PackedRelativeBox": 4294901760,
          "TextureLevelIndex": 0,
          "TexelFactor": 166.20352
        },
        {
          "PackedRelativeBox": 4294901760,
          "TextureLevelIndex": 1,
          "TexelFactor": 166.20352
        },
        {
          "PackedRelativeBox": 4294901760,
          "TextureLevelIndex": 2,
          "TexelFactor": 166.20352
        }
      ],
      "LightmapType": "ELightmapType::ForceVolumetric",
      "bReceivesDecals": false,
      "bHasPerInstanceHitProxies": true,
      "CastShadow": false,
      "bAffectDynamicIndirectLighting": false,
      "bAffectDistanceFieldLighting": false,
      "VisibilityId": 8,
      "BodyInstance": {
        "ObjectType": "ECC_WorldStatic",
        "CollisionEnabled": "ECollisionEnabled::NoCollision",
        "CollisionProfileName": "NoCollision",
        "CollisionResponses": {
          "ResponseArray": [
            {
              "Channel": "Visibility",
              "Response": "ECR_Ignore"
            },
            {
              "Channel": "Camera",
              "Response": "ECR_Ignore"
            }
          ]
        },
        "bAutoWeld": false
      },
      "AttachParent": {
        "ObjectName": "SceneComponent'Cave001_F00_Foliage:PersistentLevel.InstancedFoliageActor_0.RootComponent0'",
        "ObjectPath": "/Game/Carrot4/Maps/Madori/Cave/Cave001/Cave001_F00/Sublevels/Cave001_F00_Foliage.20"
      },
      "Mobility": "EComponentMobility::Static"
    }
  },
  {
    "Type": "FoliageInstancedStaticMeshComponent",
    "Name": "FoliageInstancedStaticMeshComponent_4",
    "Outer": "InstancedFoliageActor_0",
    "Class": "UScriptClass'FoliageInstancedStaticMeshComponent'",
    "Properties": {
      "SortedInstances": [
        0,
        1,
        3,
        7,
        4,
        2,
        6,
        5
      ],
      "NumBuiltInstances": 8,
      "BuiltInstanceBounds": {
        "Min": {
          "X": -215.58827,
          "Y": -1130.4346,
          "Z": 48.38424
        },
        "Max": {
          "X": 851.6739,
          "Y": 783.6458,
          "Z": 52.720943
        },
        "IsValid": 1
      },
      "CacheMeshExtendedBounds": {
        "Origin": {
          "X": 0.0,
          "Y": 1.4305115E-06,
          "Z": 1.2996231
        },
        "BoxExtent": {
          "X": 4.8984222,
          "Y": 5.3775954,
          "Z": 1.2996255
        },
        "SphereRadius": 5.9273276
      },
      "InstanceCountToRender": 8,
      "InstancingRandomSeed": 12253,
      "InstanceEndCullDistance": 1500,
      "InstanceReorderTable": [
        0,
        1,
        5,
        2,
        4,
        7,
        6,
        3
      ],
      "StaticMesh": {
        "ObjectName": "StaticMesh'SM_CMA_T02_DC_Foliages07_PT5'",
        "ObjectPath": "/Game/Carrot4/Terrain/Cave/Type/Soil/Foliages/Meshes/SM_CMA_T02_DC_Foliages07_PT5.2"
      },
      "OverriddenLightMapRes": 8,
      "StreamingTextureData": [
        {
          "PackedRelativeBox": 4294901760,
          "TextureLevelIndex": 0,
          "TexelFactor": 165.76074
        },
        {
          "PackedRelativeBox": 4294901760,
          "TextureLevelIndex": 1,
          "TexelFactor": 165.76074
        },
        {
          "PackedRelativeBox": 4294901760,
          "TextureLevelIndex": 2,
          "TexelFactor": 165.76074
        }
      ],
      "LightmapType": "ELightmapType::ForceVolumetric",
      "bReceivesDecals": false,
      "bHasPerInstanceHitProxies": true,
      "CastShadow": false,
      "bAffectDynamicIndirectLighting": false,
      "bAffectDistanceFieldLighting": false,
      "VisibilityId": 9,
      "BodyInstance": {
        "ObjectType": "ECC_WorldStatic",
        "CollisionEnabled": "ECollisionEnabled::NoCollision",
        "CollisionProfileName": "NoCollision",
        "CollisionResponses": {
          "ResponseArray": [
            {
              "Channel": "Visibility",
              "Response": "ECR_Ignore"
            },
            {
              "Channel": "Camera",
              "Response": "ECR_Ignore"
            }
          ]
        },
        "bAutoWeld": false
      },
      "AttachParent": {
        "ObjectName": "SceneComponent'Cave001_F00_Foliage:PersistentLevel.InstancedFoliageActor_0.RootComponent0'",
        "ObjectPath": "/Game/Carrot4/Maps/Madori/Cave/Cave001/Cave001_F00/Sublevels/Cave001_F00_Foliage.20"
      },
      "Mobility": "EComponentMobility::Static"
    }
  },
  {
    "Type": "FoliageInstancedStaticMeshComponent",
    "Name": "FoliageInstancedStaticMeshComponent_5",
    "Outer": "InstancedFoliageActor_0",
    "Class": "UScriptClass'FoliageInstancedStaticMeshComponent'",
    "Properties": {
      "SortedInstances": [
        0
      ],
      "NumBuiltInstances": 1,
      "BuiltInstanceBounds": {
        "Min": {
          "X": -247.60106,
          "Y": -80.37222,
          "Z": -0.41716003
        },
        "Max": {
          "X": -228.21992,
          "Y": -71.40088,
          "Z": 5.297097
        },
        "IsValid": 1
      },
      "CacheMeshExtendedBounds": {
        "Origin": {
          "X": 0.08954334,
          "Y": 0.0,
          "Z": 2.4399683
        },
        "BoxExtent": {
          "X": 9.336012,
          "Y": 3.2481756,
          "Z": 2.8571286
        },
        "SphereRadius": 9.772681
      },
      "InstanceCountToRender": 1,
      "InstancingRandomSeed": 15648,
      "InstanceEndCullDistance": 1500,
      "InstanceReorderTable": [
        0
      ],
      "StaticMesh": {
        "ObjectName": "StaticMesh'SM_CMA_T02_DC_Foliages06_PT6'",
        "ObjectPath": "/Game/Carrot4/Terrain/Cave/Type/Soil/Foliages/Meshes/SM_CMA_T02_DC_Foliages06_PT6.2"
      },
      "OverriddenLightMapRes": 8,
      "StreamingTextureData": [
        {
          "PackedRelativeBox": 4294901760,
          "TextureLevelIndex": 0,
          "TexelFactor": 167.59244
        },
        {
          "PackedRelativeBox": 4294901760,
          "TextureLevelIndex": 1,
          "TexelFactor": 167.59244
        },
        {
          "PackedRelativeBox": 4294901760,
          "TextureLevelIndex": 2,
          "TexelFactor": 167.59244
        }
      ],
      "CachedMaxDrawDistance": 2200.0,
      "LightmapType": "ELightmapType::ForceVolumetric",
      "bReceivesDecals": false,
      "bHasPerInstanceHitProxies": true,
      "CastShadow": false,
      "bAffectDynamicIndirectLighting": false,
      "bAffectDistanceFieldLighting": false,
      "VisibilityId": 10,
      "BodyInstance": {
        "ObjectType": "ECC_WorldStatic",
        "CollisionEnabled": "ECollisionEnabled::NoCollision",
        "CollisionProfileName": "NoCollision",
        "CollisionResponses": {
          "ResponseArray": [
            {
              "Channel": "Visibility",
              "Response": "ECR_Ignore"
            },
            {
              "Channel": "Camera",
              "Response": "ECR_Ignore"
            }
          ]
        },
        "bAutoWeld": false
      },
      "AttachParent": {
        "ObjectName": "SceneComponent'Cave001_F00_Foliage:PersistentLevel.InstancedFoliageActor_0.RootComponent0'",
        "ObjectPath": "/Game/Carrot4/Maps/Madori/Cave/Cave001/Cave001_F00/Sublevels/Cave001_F00_Foliage.20"
      },
      "Mobility": "EComponentMobility::Static"
    }
  },
  {
    "Type": "FoliageInstancedStaticMeshComponent",
    "Name": "FoliageInstancedStaticMeshComponent_6",
    "Outer": "InstancedFoliageActor_0",
    "Class": "UScriptClass'FoliageInstancedStaticMeshComponent'",
    "Properties": {
      "SortedInstances": [
        0
      ],
      "NumBuiltInstances": 1,
      "BuiltInstanceBounds": {
        "Min": {
          "X": -233.92761,
          "Y": -111.87432,
          "Z": -0.5183761
        },
        "Max": {
          "X": -230.04974,
          "Y": -88.87116,
          "Z": 3.0686119
        },
        "IsValid": 1
      },
      "CacheMeshExtendedBounds": {
        "Origin": {
          "X": -0.72697735,
          "Y": 0.0,
          "Z": 1.2751179
        },
        "BoxExtent": {
          "X": 11.473368,
          "Y": 1.7423089,
          "Z": 1.793494
        },
        "SphereRadius": 11.619887
      },
      "InstanceCountToRender": 1,
      "InstancingRandomSeed": 287,
      "InstanceEndCullDistance": 1500,
      "InstanceReorderTable": [
        0
      ],
      "StaticMesh": {
        "ObjectName": "StaticMesh'SM_CMA_T02_DC_Foliages06_PT5'",
        "ObjectPath": "/Game/Carrot4/Terrain/Cave/Type/Soil/Foliages/Meshes/SM_CMA_T02_DC_Foliages06_PT5.2"
      },
      "OverriddenLightMapRes": 8,
      "StreamingTextureData": [
        {
          "PackedRelativeBox": 4294901760,
          "TextureLevelIndex": 0,
          "TexelFactor": 153.52464
        },
        {
          "PackedRelativeBox": 4294901760,
          "TextureLevelIndex": 1,
          "TexelFactor": 153.52464
        },
        {
          "PackedRelativeBox": 4294901760,
          "TextureLevelIndex": 2,
          "TexelFactor": 153.52464
        }
      ],
      "CachedMaxDrawDistance": 2200.0,
      "LightmapType": "ELightmapType::ForceVolumetric",
      "bReceivesDecals": false,
      "bHasPerInstanceHitProxies": true,
      "CastShadow": false,
      "bAffectDynamicIndirectLighting": false,
      "bAffectDistanceFieldLighting": false,
      "VisibilityId": 11,
      "BodyInstance": {
        "ObjectType": "ECC_WorldStatic",
        "CollisionEnabled": "ECollisionEnabled::NoCollision",
        "CollisionProfileName": "NoCollision",
        "CollisionResponses": {
          "ResponseArray": [
            {
              "Channel": "Visibility",
              "Response": "ECR_Ignore"
            },
            {
              "Channel": "Camera",
              "Response": "ECR_Ignore"
            }
          ]
        },
        "bAutoWeld": false
      },
      "AttachParent": {
        "ObjectName": "SceneComponent'Cave001_F00_Foliage:PersistentLevel.InstancedFoliageActor_0.RootComponent0'",
        "ObjectPath": "/Game/Carrot4/Maps/Madori/Cave/Cave001/Cave001_F00/Sublevels/Cave001_F00_Foliage.20"
      },
      "Mobility": "EComponentMobility::Static"
    }
  },
  {
    "Type": "FoliageInstancedStaticMeshComponent",
    "Name": "FoliageInstancedStaticMeshComponent_7",
    "Outer": "InstancedFoliageActor_0",
    "Class": "UScriptClass'FoliageInstancedStaticMeshComponent'",
    "Properties": {
      "SortedInstances": [
        0
      ],
      "NumBuiltInstances": 1,
      "BuiltInstanceBounds": {
        "Min": {
          "X": -219.74753,
          "Y": -88.48014,
          "Z": -1.5065718
        },
        "Max": {
          "X": -187.74246,
          "Y": -71.198326,
          "Z": 2.588725
        },
        "IsValid": 1
      },
      "CacheMeshExtendedBounds": {
        "Origin": {
          "X": 0.0,
          "Y": 1.9073486E-06,
          "Z": 0.54107666
        },
        "BoxExtent": {
          "X": 15.171923,
          "Y": 6.0663977,
          "Z": 2.0476484
        },
        "SphereRadius": 15.611585
      },
      "InstanceCountToRender": 1,
      "InstancingRandomSeed": 15256,
      "InstanceEndCullDistance": 1500,
      "InstanceReorderTable": [
        0
      ],
      "StaticMesh": {
        "ObjectName": "StaticMesh'SM_CMA_T02_DC_Foliages06_PT3'",
        "ObjectPath": "/Game/Carrot4/Terrain/Cave/Type/Soil/Foliages/Meshes/SM_CMA_T02_DC_Foliages06_PT3.2"
      },
      "OverriddenLightMapRes": 8,
      "StreamingTextureData": [
        {
          "PackedRelativeBox": 4294901760,
          "TextureLevelIndex": 0,
          "TexelFactor": 181.08078
        },
        {
          "PackedRelativeBox": 4294901760,
          "TextureLevelIndex": 1,
          "TexelFactor": 181.08078
        },
        {
          "PackedRelativeBox": 4294901760,
          "TextureLevelIndex": 2,
          "TexelFactor": 181.08078
        }
      ],
      "CachedMaxDrawDistance": 2200.0,
      "LightmapType": "ELightmapType::ForceVolumetric",
      "bReceivesDecals": false,
      "bHasPerInstanceHitProxies": true,
      "CastShadow": false,
      "bAffectDynamicIndirectLighting": false,
      "bAffectDistanceFieldLighting": false,
      "VisibilityId": 12,
      "BodyInstance": {
        "ObjectType": "ECC_WorldStatic",
        "CollisionEnabled": "ECollisionEnabled::NoCollision",
        "CollisionProfileName": "NoCollision",
        "CollisionResponses": {
          "ResponseArray": [
            {
              "Channel": "Visibility",
              "Response": "ECR_Ignore"
            },
            {
              "Channel": "Camera",
              "Response": "ECR_Ignore"
            }
          ]
        },
        "bAutoWeld": false
      },
      "AttachParent": {
        "ObjectName": "SceneComponent'Cave001_F00_Foliage:PersistentLevel.InstancedFoliageActor_0.RootComponent0'",
        "ObjectPath": "/Game/Carrot4/Maps/Madori/Cave/Cave001/Cave001_F00/Sublevels/Cave001_F00_Foliage.20"
      },
      "Mobility": "EComponentMobility::Static"
    }
  },
  {
    "Type": "InstancedFoliageActor",
    "Name": "InstancedFoliageActor_0",
    "Outer": "PersistentLevel",
    "Class": "UScriptClass'InstancedFoliageActor'",
    "Properties": {
      "RootComponent": {
        "ObjectName": "SceneComponent'Cave001_F00_Foliage:PersistentLevel.InstancedFoliageActor_0.RootComponent0'",
        "ObjectPath": "/Game/Carrot4/Maps/Madori/Cave/Cave001/Cave001_F00/Sublevels/Cave001_F00_Foliage.20"
      }
    }
  },
  {
    "Type": "Level",
    "Name": "PersistentLevel",
    "Outer": "Cave001_F00_Foliage",
    "Class": "UScriptClass'Level'",
    "Properties": {
      "Model": {
        "ObjectName": "Model'Cave001_F00_Foliage:PersistentLevel.Model_0'",
        "ObjectPath": "/Game/Carrot4/Maps/Madori/Cave/Cave001/Cave001_F00/Sublevels/Cave001_F00_Foliage.17"
      },
      "LevelScriptActor": {
        "ObjectName": "Cave001_F00_Foliage_C'Cave001_F00_Foliage:PersistentLevel.Cave001_F00_Foliage_C_0'",
        "ObjectPath": "/Game/Carrot4/Maps/Madori/Cave/Cave001/Cave001_F00/Sublevels/Cave001_F00_Foliage.2"
      },
      "StreamingTextureGuids": [
        "4596FD38-44AF0CDE-F28EC08C-6D67F531",
        "0525D604-461246D6-6598EEB6-5DB17315",
        "4AED7156-4FE1F4D4-58C1398E-A8C844ED",
        "350FE096-47F335FE-365FC9A1-897FD67B",
        "EB0CF365-4E34E336-CEA943B1-F46B7830",
        "A80A7598-45514A79-F9529384-B6233C91"
      ],
      "LevelBuildDataId": "A5F06CE3-44F791BB-CC10DA9B-F0DE32E4",
      "MapBuildData": {
        "ObjectName": "MapBuildDataRegistry'Cave001_F00_Foliage_BuiltData'",
        "ObjectPath": "/Game/Carrot4/Maps/Madori/Cave/Cave001/Cave001_F00/Sublevels/Cave001_F00_Foliage_BuiltData.6"
      },
      "WorldSettings": {
        "ObjectName": "MyWorldSettings'Cave001_F00_Foliage:PersistentLevel.MyWorldSettings'",
        "ObjectPath": "/Game/Carrot4/Maps/Madori/Cave/Cave001/Cave001_F00/Sublevels/Cave001_F00_Foliage.18"
      }
    },
    "Actors": [
      {
        "ObjectName": "MyWorldSettings'Cave001_F00_Foliage:PersistentLevel.MyWorldSettings'",
        "ObjectPath": "/Game/Carrot4/Maps/Madori/Cave/Cave001/Cave001_F00/Sublevels/Cave001_F00_Foliage.18"
      },
      null,
      {
        "ObjectName": "InstancedFoliageActor'Cave001_F00_Foliage:PersistentLevel.InstancedFoliageActor_0'",
        "ObjectPath": "/Game/Carrot4/Maps/Madori/Cave/Cave001/Cave001_F00/Sublevels/Cave001_F00_Foliage.15"
      },
      {
        "ObjectName": "Cave001_F00_Foliage_C'Cave001_F00_Foliage:PersistentLevel.Cave001_F00_Foliage_C_0'",
        "ObjectPath": "/Game/Carrot4/Maps/Madori/Cave/Cave001/Cave001_F00/Sublevels/Cave001_F00_Foliage.2"
      }
    ],
    "URL": {
      "Protocol": "unreal",
      "Host": "",
      "Port": 7777,
      "Valid": true,
      "Map": "/Game/Carrot4/Maps/Boot_P",
      "Op": [],
      "Portal": ""
    },
    "Model": {
      "ObjectName": "Model'Cave001_F00_Foliage:PersistentLevel.Model_0'",
      "ObjectPath": "/Game/Carrot4/Maps/Madori/Cave/Cave001/Cave001_F00/Sublevels/Cave001_F00_Foliage.17"
    },
    "ModelComponents": [],
    "LevelScriptActor": {
      "ObjectName": "Cave001_F00_Foliage_C'Cave001_F00_Foliage:PersistentLevel.Cave001_F00_Foliage_C_0'",
      "ObjectPath": "/Game/Carrot4/Maps/Madori/Cave/Cave001/Cave001_F00/Sublevels/Cave001_F00_Foliage.2"
    },
    "NavListStart": null,
    "NavListEnd": null,
    "PrecomputedVisibilityHandler": {
      "PrecomputedVisibilityCellBucketOriginXY": {
        "X": 0.0,
        "Y": 0.0
      },
      "PrecomputedVisibilityCellSizeXY": 0.0,
      "PrecomputedVisibilityCellSizeZ": 0.0,
      "PrecomputedVisibilityCellBucketSizeXY": 0,
      "PrecomputedVisibilityNumCellBuckets": 0,
      "PrecomputedVisibilityCellBuckets": []
    },
    "PrecomputedVolumeDistanceField": {
      "VolumeMaxDistance": 0.0,
      "VolumeBox": {
        "Min": {
          "X": 0.0,
          "Y": 0.0,
          "Z": 0.0
        },
        "Max": {
          "X": 0.0,
          "Y": 0.0,
          "Z": 0.0
        },
        "IsValid": 0
      },
      "VolumeSizeX": 0,
      "VolumeSizeY": 0,
      "VolumeSizeZ": 0,
      "Data": []
    }
  },
  {
    "Type": "Model",
    "Name": "Model_0",
    "Outer": "PersistentLevel",
    "Class": "UScriptClass'Model'",
    "Bounds": {
      "Origin": {
        "X": 0.0,
        "Y": 0.0,
        "Z": 0.0
      },
      "BoxExtent": {
        "X": 0.0,
        "Y": 0.0,
        "Z": 0.0
      },
      "SphereRadius": 0.0
    },
    "Vectors": [],
    "Points": [],
    "Nodes": [],
    "Surfs": [],
    "NumSharedSides": 4,
    "VertexBuffer": {
      "Vertices": []
    },
    "LightingGuid": "729D3C5E-4330BBDB-A07CD79D-976EC392",
    "LightmassSettings": []
  },
  {
    "Type": "MyWorldSettings",
    "Name": "MyWorldSettings",
    "Outer": "PersistentLevel",
    "Class": "UScriptClass'MyWorldSettings'",
    "Properties": {
      "NavigationSystemConfig": {
        "ObjectName": "NavigationSystemModuleConfig'Cave001_F00_Foliage:PersistentLevel.MyWorldSettings.NavigationSystemModuleConfig_0'",
        "ObjectPath": "/Game/Carrot4/Maps/Madori/Cave/Cave001/Cave001_F00/Sublevels/Cave001_F00_Foliage.19"
      },
      "BookmarkArray": [
        null,
        null,
        null,
        null,
        null,
        null,
        null,
        null,
        null,
        null
      ]
    }
  },
  {
    "Type": "NavigationSystemModuleConfig",
    "Name": "NavigationSystemModuleConfig_0",
    "Outer": "MyWorldSettings",
    "Class": "UScriptClass'NavigationSystemModuleConfig'",
    "Properties": {
      "bStrictlyStatic": true,
      "bAutoSpawnMissingNavData": true,
      "NavigationSystemClass": {
        "AssetPathName": "/Script/Carrot4.CarrotNavigationSystem",
        "SubPathString": ""
      }
    }
  },
  {
    "Type": "SceneComponent",
    "Name": "RootComponent0",
    "Outer": "InstancedFoliageActor_0",
    "Class": "UScriptClass'SceneComponent'"
  },
  {
    "Type": "World",
    "Name": "Cave001_F00_Foliage",
    "Class": "UScriptClass'World'",
    "PersistentLevel": {
      "ObjectName": "Level'Cave001_F00_Foliage:PersistentLevel'",
      "ObjectPath": "/Game/Carrot4/Maps/Madori/Cave/Cave001/Cave001_F00/Sublevels/Cave001_F00_Foliage.16"
    },
    "ExtraReferencedObjects": [],
    "StreamingLevels": []
  }
]