[
  {
    "Type": "BlueprintGeneratedClass",
    "Name": "Cave001_F00_Demo_C",
    "Class": "UScriptClass'BlueprintGeneratedClass'",
    "SuperStruct": {
      "ObjectName": "Class'LevelScriptActor'",
      "ObjectPath": "/Script/Engine"
    },
    "ChildProperties": [
      {
        "Type": "Int64Property",
        "Name": "LatestSerialId",
        "Flags": "RF_Public | RF_LoadCompleted",
        "ElementSize": 8,
        "PropertyFlags": "Edit | BlueprintVisible | DisableEditOnInstance"
      }
    ],
    "ClassFlags": 8653332,
    "ClassWithin": {
      "ObjectName": "Class'Object'",
      "ObjectPath": "/Script/CoreUObject"
    },
    "ClassConfigName": "Engine",
    "bCooked": true,
    "ClassDefaultObject": {
      "ObjectName": "Cave001_F00_Demo_C'Default__Cave001_F00_Demo_C'",
      "ObjectPath": "/Game/Carrot4/Maps/Madori/Cave/Cave001/Cave001_F00/Sublevels/Cave001_F00_Demo.1"
    }
  },
  {
    "Type": "Cave001_F00_Demo_C",
    "Name": "Default__Cave001_F00_Demo_C",
    "Class": "BlueprintGeneratedClass'/Game/Carrot4/Maps/Madori/Cave/Cave001/Cave001_F00/Sublevels/Cave001_F00_Demo.Cave001_F00_Demo_C'",
    "Properties": {
      "LatestSerialId": 7
    }
  },
  {
    "Type": "Cave001_F00_Demo_C",
    "Name": "Cave001_F00_Demo_C_0",
    "Outer": "PersistentLevel",
    "Template": "Default__Cave001_F00_Demo_C",
    "Class": "BlueprintGeneratedClass'/Game/Carrot4/Maps/Madori/Cave/Cave001/Cave001_F00/Sublevels/Cave001_F00_Demo.Cave001_F00_Demo_C'"
  },
  {
    "Type": "DemoTriggerComponent",
    "Name": "DemoTrigger",
    "Outer": "GQuestArea_NoraSpawnerHead",
    "Template": "DemoTrigger_GEN_VARIABLE",
    "Class": "UScriptClass'DemoTriggerComponent'",
    "Properties": {
      "QuestNames": [
        "Quest_AnnounceTrigger_JoinNoraPikmin"
      ],
      "UCSSerializationIndex": 0,
      "bNetAddressable": true,
      "CreationMethod": "EComponentCreationMethod::SimpleConstructionScript"
    }
  },
  {
    "Type": "DemoTriggerComponent",
    "Name": "DemoTrigger",
    "Outer": "GQuestAreaSphere_2",
    "Template": "DemoTrigger_GEN_VARIABLE",
    "Class": "UScriptClass'DemoTriggerComponent'",
    "Properties": {
      "QuestNames": [
        "Quest_AnnounceTrigger_MapOpenCave001"
      ],
      "UCSSerializationIndex": 0,
      "bNetAddressable": true,
      "CreationMethod": "EComponentCreationMethod::SimpleConstructionScript"
    }
  },
  {
    "Type": "GQuestAreaSphere_C",
    "Name": "GQuestArea_NoraSpawnerHead",
    "Outer": "PersistentLevel",
    "Template": "Default__GQuestAreaSphere_C",
    "Class": "BlueprintGeneratedClass'/Game/Carrot4/Placeables/Gimmicks/QuestAreaBox/GQuestAreaSphere.GQuestAreaSphere_C'",
    "Properties": {
      "DemoTrigger": {
        "ObjectName": "DemoTriggerComponent'Cave001_F00_Demo:PersistentLevel.GQuestArea_NoraSpawnerHead.DemoTrigger'",
        "ObjectPath": "/Game/Carrot4/Maps/Madori/Cave/Cave001/Cave001_F00/Sublevels/Cave001_F00_Demo.3"
      },
      "OverlapArea": {
        "ObjectName": "SphereComponent'Cave001_F00_Demo:PersistentLevel.GQuestArea_NoraSpawnerHead.OverlapArea'",
        "ObjectPath": "/Game/Carrot4/Maps/Madori/Cave/Cave001/Cave001_F00/Sublevels/Cave001_F00_Demo.11"
      },
      "GenerateInfo": {
        "DebugUniqueId": 4611967536353771522
      },
      "RootComponent": {
        "ObjectName": "SphereComponent'Cave001_F00_Demo:PersistentLevel.GQuestArea_NoraSpawnerHead.OverlapArea'",
        "ObjectPath": "/Game/Carrot4/Maps/Madori/Cave/Cave001/Cave001_F00/Sublevels/Cave001_F00_Demo.11"
      },
      "BlueprintCreatedComponents": [
        {
          "ObjectName": "SphereComponent'Cave001_F00_Demo:PersistentLevel.GQuestArea_NoraSpawnerHead.OverlapArea'",
          "ObjectPath": "/Game/Carrot4/Maps/Madori/Cave/Cave001/Cave001_F00/Sublevels/Cave001_F00_Demo.11"
        },
        {
          "ObjectName": "DemoTriggerComponent'Cave001_F00_Demo:PersistentLevel.GQuestArea_NoraSpawnerHead.DemoTrigger'",
          "ObjectPath": "/Game/Carrot4/Maps/Madori/Cave/Cave001/Cave001_F00/Sublevels/Cave001_F00_Demo.3"
        }
      ]
    }
  },
  {
    "Type": "GQuestAreaSphere_C",
    "Name": "GQuestAreaSphere_2",
    "Outer": "PersistentLevel",
    "Template": "Default__GQuestAreaSphere_C",
    "Class": "BlueprintGeneratedClass'/Game/Carrot4/Placeables/Gimmicks/QuestAreaBox/GQuestAreaSphere.GQuestAreaSphere_C'",
    "Properties": {
      "DemoTrigger": {
        "ObjectName": "DemoTriggerComponent'Cave001_F00_Demo:PersistentLevel.GQuestAreaSphere_2.DemoTrigger'",
        "ObjectPath": "/Game/Carrot4/Maps/Madori/Cave/Cave001/Cave001_F00/Sublevels/Cave001_F00_Demo.4"
      },
      "OverlapArea": {
        "ObjectName": "SphereComponent'Cave001_F00_Demo:PersistentLevel.GQuestAreaSphere_2.OverlapArea'",
        "ObjectPath": "/Game/Carrot4/Maps/Madori/Cave/Cave001/Cave001_F00/Sublevels/Cave001_F00_Demo.12"
      },
      "GenerateInfo": {
        "DebugUniqueId": 4611967536353771526
      },
      "RootComponent": {
        "ObjectName": "SphereComponent'Cave001_F00_Demo:PersistentLevel.GQuestAreaSphere_2.OverlapArea'",
        "ObjectPath": "/Game/Carrot4/Maps/Madori/Cave/Cave001/Cave001_F00/Sublevels/Cave001_F00_Demo.12"
      },
      "BlueprintCreatedComponents": [
        {
          "ObjectName": "SphereComponent'Cave001_F00_Demo:PersistentLevel.GQuestAreaSphere_2.OverlapArea'",
          "ObjectPath": "/Game/Carrot4/Maps/Madori/Cave/Cave001/Cave001_F00/Sublevels/Cave001_F00_Demo.12"
        },
        {
          "ObjectName": "DemoTriggerComponent'Cave001_F00_Demo:PersistentLevel.GQuestAreaSphere_2.DemoTrigger'",
          "ObjectPath": "/Game/Carrot4/Maps/Madori/Cave/Cave001/Cave001_F00/Sublevels/Cave001_F00_Demo.4"
        }
      ]
    }
  },
  {
    "Type": "Level",
    "Name": "PersistentLevel",
    "Outer": "Cave001_F00_Demo",
    "Class": "UScriptClass'Level'",
    "Properties": {
      "Model": {
        "ObjectName": "Model'Cave001_F00_Demo:PersistentLevel.Model_0'",
        "ObjectPath": "/Game/Carrot4/Maps/Madori/Cave/Cave001/Cave001_F00/Sublevels/Cave001_F00_Demo.8"
      },
      "LevelScriptActor": {
        "ObjectName": "Cave001_F00_Demo_C'Cave001_F00_Demo:PersistentLevel.Cave001_F00_Demo_C_0'",
        "ObjectPath": "/Game/Carrot4/Maps/Madori/Cave/Cave001/Cave001_F00/Sublevels/Cave001_F00_Demo.2"
      },
      "LevelBuildDataId": "625C30AF-4B895266-25CFC894-5CF1D828",
      "MapBuildData": {
        "ObjectName": "MapBuildDataRegistry'Cave001_F00_Demo_BuiltData'",
        "ObjectPath": "/Game/Carrot4/Maps/Madori/Cave/Cave001/Cave001_F00/Sublevels/Cave001_F00_Demo_BuiltData.0"
      },
      "WorldSettings": {
        "ObjectName": "MyWorldSettings'Cave001_F00_Demo:PersistentLevel.MyWorldSettings'",
        "ObjectPath": "/Game/Carrot4/Maps/Madori/Cave/Cave001/Cave001_F00/Sublevels/Cave001_F00_Demo.9"
      }
    },
    "Actors": [
      {
        "ObjectName": "MyWorldSettings'Cave001_F00_Demo:PersistentLevel.MyWorldSettings'",
        "ObjectPath": "/Game/Carrot4/Maps/Madori/Cave/Cave001/Cave001_F00/Sublevels/Cave001_F00_Demo.9"
      },
      null,
      {
        "ObjectName": "GQuestAreaSphere_C'Cave001_F00_Demo:PersistentLevel.GQuestArea_NoraSpawnerHead'",
        "ObjectPath": "/Game/Carrot4/Maps/Madori/Cave/Cave001/Cave001_F00/Sublevels/Cave001_F00_Demo.5"
      },
      {
        "ObjectName": "GQuestAreaSphere_C'Cave001_F00_Demo:PersistentLevel.GQuestAreaSphere_2'",
        "ObjectPath": "/Game/Carrot4/Maps/Madori/Cave/Cave001/Cave001_F00/Sublevels/Cave001_F00_Demo.6"
      },
      {
        "ObjectName": "Cave001_F00_Demo_C'Cave001_F00_Demo:PersistentLevel.Cave001_F00_Demo_C_0'",
        "ObjectPath": "/Game/Carrot4/Maps/Madori/Cave/Cave001/Cave001_F00/Sublevels/Cave001_F00_Demo.2"
      }
    ],
    "URL": {
      "Protocol": "unreal",
      "Host": "",
      "Port": 7777,
      "Valid": true,
      "Map": "/Game/Carrot4/Maps/Boot_P",
      "Op": [],
      "Portal": ""
    },
    "Model": {
      "ObjectName": "Model'Cave001_F00_Demo:PersistentLevel.Model_0'",
      "ObjectPath": "/Game/Carrot4/Maps/Madori/Cave/Cave001/Cave001_F00/Sublevels/Cave001_F00_Demo.8"
    },
    "ModelComponents": [],
    "LevelScriptActor": {
      "ObjectName": "Cave001_F00_Demo_C'Cave001_F00_Demo:PersistentLevel.Cave001_F00_Demo_C_0'",
      "ObjectPath": "/Game/Carrot4/Maps/Madori/Cave/Cave001/Cave001_F00/Sublevels/Cave001_F00_Demo.2"
    },
    "NavListStart": null,
    "NavListEnd": null,
    "PrecomputedVisibilityHandler": {
      "PrecomputedVisibilityCellBucketOriginXY": {
        "X": 0.0,
        "Y": 0.0
      },
      "PrecomputedVisibilityCellSizeXY": 0.0,
      "PrecomputedVisibilityCellSizeZ": 0.0,
      "PrecomputedVisibilityCellBucketSizeXY": 0,
      "PrecomputedVisibilityNumCellBuckets": 0,
      "PrecomputedVisibilityCellBuckets": []
    },
    "PrecomputedVolumeDistanceField": {
      "VolumeMaxDistance": 0.0,
      "VolumeBox": {
        "Min": {
          "X": 0.0,
          "Y": 0.0,
          "Z": 0.0
        },
        "Max": {
          "X": 0.0,
          "Y": 0.0,
          "Z": 0.0
        },
        "IsValid": 0
      },
      "VolumeSizeX": 0,
      "VolumeSizeY": 0,
      "VolumeSizeZ": 0,
      "Data": []
    }
  },
  {
    "Type": "Model",
    "Name": "Model_0",
    "Outer": "PersistentLevel",
    "Class": "UScriptClass'Model'",
    "Bounds": {
      "Origin": {
        "X": 0.0,
        "Y": 0.0,
        "Z": 0.0
      },
      "BoxExtent": {
        "X": 0.0,
        "Y": 0.0,
        "Z": 0.0
      },
      "SphereRadius": 0.0
    },
    "Vectors": [],
    "Points": [],
    "Nodes": [],
    "Surfs": [],
    "NumSharedSides": 4,
    "VertexBuffer": {
      "Vertices": []
    },
    "LightingGuid": "F4A75DE2-47D4D879-0363EA8E-0A798ECA",
    "LightmassSettings": []
  },
  {
    "Type": "MyWorldSettings",
    "Name": "MyWorldSettings",
    "Outer": "PersistentLevel",
    "Class": "UScriptClass'MyWorldSettings'",
    "Properties": {
      "NavigationSystemConfig": {
        "ObjectName": "NavigationSystemModuleConfig'Cave001_F00_Demo:PersistentLevel.MyWorldSettings.NavigationSystemModuleConfig_0'",
        "ObjectPath": "/Game/Carrot4/Maps/Madori/Cave/Cave001/Cave001_F00/Sublevels/Cave001_F00_Demo.10"
      },
      "BookmarkArray": [
        null,
        null,
        null,
        null,
        null,
        null,
        null,
        null,
        null,
        null
      ]
    }
  },
  {
    "Type": "NavigationSystemModuleConfig",
    "Name": "NavigationSystemModuleConfig_0",
    "Outer": "MyWorldSettings",
    "Class": "UScriptClass'NavigationSystemModuleConfig'",
    "Properties": {
      "bStrictlyStatic": true,
      "bAutoSpawnMissingNavData": true,
      "NavigationSystemClass": {
        "AssetPathName": "/Script/Carrot4.CarrotNavigationSystem",
        "SubPathString": ""
      }
    }
  },
  {
    "Type": "SphereComponent",
    "Name": "OverlapArea",
    "Outer": "GQuestArea_NoraSpawnerHead",
    "Template": "OverlapArea_GEN_VARIABLE",
    "Class": "UScriptClass'SphereComponent'",
    "Properties": {
      "SphereRadius": 160.0,
      "RelativeLocation": {
        "X": -189.5,
        "Y": 886.5,
        "Z": 99.00134
      },
      "UCSSerializationIndex": 0,
      "bNetAddressable": true,
      "CreationMethod": "EComponentCreationMethod::SimpleConstructionScript",
      "UCSModifiedProperties": [
        {
          "MemberParent": {
            "ObjectName": "Class'SceneComponent'",
            "ObjectPath": "/Script/Engine"
          },
          "MemberName": "RelativeLocation",
          "MemberGuid": "00000000-00000000-00000000-00000000"
        }
      ]
    }
  },
  {
    "Type": "SphereComponent",
    "Name": "OverlapArea",
    "Outer": "GQuestAreaSphere_2",
    "Template": "OverlapArea_GEN_VARIABLE",
    "Class": "UScriptClass'SphereComponent'",
    "Properties": {
      "RelativeLocation": {
        "X": 276.78323,
        "Y": 622.8993,
        "Z": 57.947998
      },
      "UCSSerializationIndex": 0,
      "bNetAddressable": true,
      "CreationMethod": "EComponentCreationMethod::SimpleConstructionScript",
      "UCSModifiedProperties": [
        {
          "MemberParent": {
            "ObjectName": "Class'SceneComponent'",
            "ObjectPath": "/Script/Engine"
          },
          "MemberName": "RelativeLocation",
          "MemberGuid": "00000000-00000000-00000000-00000000"
        }
      ]
    }
  },
  {
    "Type": "World",
    "Name": "Cave001_F00_Demo",
    "Class": "UScriptClass'World'",
    "PersistentLevel": {
      "ObjectName": "Level'Cave001_F00_Demo:PersistentLevel'",
      "ObjectPath": "/Game/Carrot4/Maps/Madori/Cave/Cave001/Cave001_F00/Sublevels/Cave001_F00_Demo.7"
    },
    "ExtraReferencedObjects": [],
    "StreamingLevels": []
  }
]